[2026-08-22 18:39:09] local.ERROR: SQLSTATE[23000]: Integrity constraint violation: 1048 Column 'mrp' cannot be null (Connection: mysql, SQL: insert into `products` (`name`, `sku`, `barcode`, `category_id`, `drug_type_id`, `form_type`, `strength`, `generic_name`, `manufacturer`, `purchase_unit_id`, `pieces_per_purchase_unit`, `selling_unit_id`, `purchase_price`, `selling_price`, `mrp`, `rack_number`, `min_stock`, `updated_at`, `created_at`) values (pppp, 12345, ?, 1, 1, ?, 10mg, ?, ?, 6, 1000, 1, 3000, 5.00, ?, ?, 10, 2026-08-22 18:39:09, 2026-08-22 18:39:09)) {"userId":1,"exception":"[object] (Illuminate\\Database\\QueryException(code: 23000): SQLSTATE[23000]: Integrity constraint violation: 1048 Column 'mrp' cannot be null (Connection: mysql, SQL: insert into `products` (`name`, `sku`, `barcode`, `category_id`, `drug_type_id`, `form_type`, `strength`, `generic_name`, `manufacturer`, `purchase_unit_id`, `pieces_per_purchase_unit`, `selling_unit_id`, `purchase_price`, `selling_price`, `mrp`, `rack_number`, `min_stock`, `updated_at`, `created_at`) values (pppp, 12345, ?, 1, 1, ?, 10mg, ?, ?, 6, 1000, 1, 3000, 5.00, ?, ?, 10, 2026-08-22 18:39:09, 2026-08-22 18:39:09)) at D:/xampp/htdocs/clinicms/vendor/laravel/framework/src/Illuminate/Database/Connection.php:829)
[stacktrace]
#0 D:/xampp/htdocs/clinicms/vendor/laravel/framework/src/Illuminate/Database/Connection.php(783): Illuminate/Database/Connection->runQueryCallback('insert into `pr...', Array, Object(Closure))
#1 D:/xampp/htdocs/clinicms/vendor/laravel/framework/src/Illuminate/Database/MySqlConnection.php(34): Illuminate/Database/Connection->run('insert into `pr...', Array, Object(Closure))
#2 D:/xampp/htdocs/clinicms/vendor/laravel/framework/src/Illuminate/Database/Query/Processors/MySqlProcessor.php(35): Illuminate/Database/MySqlConnection->insert('insert into `pr...', Array, 'id')
#3 D:/xampp/htdocs/clinicms/vendor/laravel/framework/src/Illuminate/Database/Query/Builder.php(3549): Illuminate/Database/Query/Processors/MySqlProcessor->processInsertGetId(Object(Illuminate/Database/Query/Builder), 'insert into `pr...', Array, 'id')
#4 D:/xampp/htdocs/clinicms/vendor/laravel/framework/src/Illuminate/Database/Eloquent/Builder.php(1982): Illuminate/Database/Query/Builder->insertGetId(Array, 'id')
#5 D:/xampp/htdocs/clinicms/vendor/laravel/framework/src/Illuminate/Database/Eloquent/Model.php(1334): Illuminate/Database/Eloquent/Builder->__call('insertGetId', Array)
#6 D:/xampp/htdocs/clinicms/vendor/laravel/framework/src/Illuminate/Database/Eloquent/Model.php(1299): Illuminate/Database/Eloquent/Model->insertAndSetId(Object(Illuminate/Database/Eloquent/Builder), Array)
#7 D:/xampp/htdocs/clinicms/vendor/laravel/framework/src/Illuminate/Database/Eloquent/Model.php(1138): Illuminate/Database/Eloquent/Model->performInsert(Object(Illuminate/Database/Eloquent/Builder))
#8 D:/xampp/htdocs/clinicms/vendor/laravel/framework/src/Illuminate/Database/Eloquent/Builder.php(1025): Illuminate/Database/Eloquent/Model->save()
#9 D:/xampp/htdocs/clinicms/vendor/laravel/framework/src/Illuminate/Support/helpers.php(320): Illuminate/Database/Eloquent/Builder->Illuminate/Database/Eloquent/{closure}(Object(App/Models/Product))
#10 D:/xampp/htdocs/clinicms/vendor/laravel/framework/src/Illuminate/Database/Eloquent/Builder.php(1024): tap(Object(App/Models/Product), Object(Closure))
#11 D:/xampp/htdocs/clinicms/vendor/laravel/framework/src/Illuminate/Support/Traits/ForwardsCalls.php(23): Illuminate/Database/Eloquent/Builder->create(Array)
#12 D:/xampp/htdocs/clinicms/vendor/laravel/framework/src/Illuminate/Database/Eloquent/Model.php(2335): Illuminate/Database/Eloquent/Model->forwardCallTo(Object(Illuminate/Database/Eloquent/Builder), 'create', Array)
#13 D:/xampp/htdocs/clinicms/vendor/laravel/framework/src/Illuminate/Database/Eloquent/Model.php(2347): Illuminate/Database/Eloquent/Model->__call('create', Array)
#14 D:/xampp/htdocs/clinicms/app/Http/Controllers/ProductController.php(63): Illuminate/Database/Eloquent/Model::__callStatic('create', Array)
#15 D:/xampp/htdocs/clinicms/vendor/laravel/framework/src/Illuminate/Routing/Controller.php(54): App/Http/Controllers/ProductController->store(Object(Illuminate/Http/Request))
#16 D:/xampp/htdocs/clinicms/vendor/laravel/framework/src/Illuminate/Routing/ControllerDispatcher.php(43): Illuminate/Routing/Controller->callAction('store', Array)
#17 D:/xampp/htdocs/clinicms/vendor/laravel/framework/src/Illuminate/Routing/Route.php(259): Illuminate/Routing/ControllerDispatcher->dispatch(Object(Illuminate/Routing/Route), Object(App/Http/Controllers/ProductController), 'store')
#18 D:/xampp/htdocs/clinicms/vendor/laravel/framework/src/Illuminate/Routing/Route.php(205): Illuminate/Routing/Route->runController()
#19 D:/xampp/htdocs/clinicms/vendor/laravel/framework/src/Illuminate/Routing/Router.php(806): Illuminate/Routing/Route->run()
#20 D:/xampp/htdocs/clinicms/vendor/laravel/framework/src/Illuminate/Pipeline/Pipeline.php(144): Illuminate/Routing/Router->Illuminate/Routing/{closure}(Object(Illuminate/Http/Request))
#21 D:/xampp/htdocs/clinicms/vendor/laravel/framework/src/Illuminate/Routing/Middleware/SubstituteBindings.php(50): Illuminate/Pipeline/Pipeline->Illuminate/Pipeline/{closure}(Object(Illuminate/Http/Request))
#22 D:/xampp/htdocs/clinicms/vendor/laravel/framework/src/Illuminate/Pipeline/Pipeline.php(183): Illuminate/Routing/Middleware/SubstituteBindings->handle(Object(Illuminate/Http/Request), Object(Closure))
#23 D:/xampp/htdocs/clinicms/vendor/laravel/framework/src/Illuminate/Auth/Middleware/Authenticate.php(57): Illuminate/Pipeline/Pipeline->Illuminate/Pipeline/{closure}(Object(Illuminate/Http/Request))
#24 D:/xampp/htdocs/clinicms/vendor/laravel/framework/src/Illuminate/Pipeline/Pipeline.php(183): Illuminate/Auth/Middleware/Authenticate->handle(Object(Illuminate/Http/Request), Object(Closure))
#25 D:/xampp/htdocs/clinicms/vendor/laravel/framework/src/Illuminate/Foundation/Http/Middleware/VerifyCsrfToken.php(78): Illuminate/Pipeline/Pipeline->Illuminate/Pipeline/{closure}(Object(Illuminate/Http/Request))
#26 D:/xampp/htdocs/clinicms/vendor/laravel/framework/src/Illuminate/Pipeline/Pipeline.php(183): Illuminate/Foundation/Http/Middleware/VerifyCsrfToken->handle(Object(Illuminate/Http/Request), Object(Closure))
#27 D:/xampp/htdocs/clinicms/vendor/laravel/framework/src/Illuminate/View/Middleware/ShareErrorsFromSession.php(49): Illuminate/Pipeline/Pipeline->Illuminate/Pipeline/{closure}(Object(Illuminate/Http/Request))
#28 D:/xampp/htdocs/clinicms/vendor/laravel/framework/src/Illuminate/Pipeline/Pipeline.php(183): Illuminate/View/Middleware/ShareErrorsFromSession->handle(Object(Illuminate/Http/Request), Object(Closure))
#29 D:/xampp/htdocs/clinicms/vendor/laravel/framework/src/Illuminate/Session/Middleware/StartSession.php(121): Illuminate/Pipeline/Pipeline->Illuminate/Pipeline/{closure}(Object(Illuminate/Http/Request))
#30 D:/xampp/htdocs/clinicms/vendor/laravel/framework/src/Illuminate/Session/Middleware/StartSession.php(64): Illuminate/Session/Middleware/StartSession->handleStatefulRequest(Object(Illuminate/Http/Request), Object(Illuminate/Session/Store), Object(Closure))
#31 D:/xampp/htdocs/clinicms/vendor/laravel/framework/src/Illuminate/Pipeline/Pipeline.php(183): Illuminate/Session/Middleware/StartSession->handle(Object(Illuminate/Http/Request), Object(Closure))
#32 D:/xampp/htdocs/clinicms/vendor/laravel/framework/src/Illuminate/Cookie/Middleware/AddQueuedCookiesToResponse.php(37): Illuminate/Pipeline/Pipeline->Illuminate/Pipeline/{closure}(Object(Illuminate/Http/Request))
#33 D:/xampp/htdocs/clinicms/vendor/laravel/framework/src/Illuminate/Pipeline/Pipeline.php(183): Illuminate/Cookie/Middleware/AddQueuedCookiesToResponse->handle(Object(Illuminate/Http/Request), Object(Closure))
#34 D:/xampp/htdocs/clinicms/vendor/laravel/framework/src/Illuminate/Cookie/Middleware/EncryptCookies.php(67): Illuminate/Pipeline/Pipeline->Illuminate/Pipeline/{closure}(Object(Illuminate/Http/Request))
#35 D:/xampp/htdocs/clinicms/vendor/laravel/framework/src/Illuminate/Pipeline/Pipeline.php(183): Illuminate/Cookie/Middleware/EncryptCookies->handle(Object(Illuminate/Http/Request), Object(Closure))
#36 D:/xampp/htdocs/clinicms/vendor/laravel/framework/src/Illuminate/Pipeline/Pipeline.php(119): Illuminate/Pipeline/Pipeline->Illuminate/Pipeline/{closure}(Object(Illuminate/Http/Request))
#37 D:/xampp/htdocs/clinicms/vendor/laravel/framework/src/Illuminate/Routing/Router.php(805): Illuminate/Pipeline/Pipeline->then(Object(Closure))
#38 D:/xampp/htdocs/clinicms/vendor/laravel/framework/src/Illuminate/Routing/Router.php(784): Illuminate/Routing/Router->runRouteWithinStack(Object(Illuminate/Routing/Route), Object(Illuminate/Http/Request))
#39 D:/xampp/htdocs/clinicms/vendor/laravel/framework/src/Illuminate/Routing/Router.php(748): Illuminate/Routing/Router->runRoute(Object(Illuminate/Http/Request), Object(Illuminate/Routing/Route))
#40 D:/xampp/htdocs/clinicms/vendor/laravel/framework/src/Illuminate/Routing/Router.php(737): Illuminate/Routing/Router->dispatchToRoute(Object(Illuminate/Http/Request))
#41 D:/xampp/htdocs/clinicms/vendor/laravel/framework/src/Illuminate/Foundation/Http/Kernel.php(200): Illuminate/Routing/Router->dispatch(Object(Illuminate/Http/Request))
#42 D:/xampp/htdocs/clinicms/vendor/laravel/framework/src/Illuminate/Pipeline/Pipeline.php(144): Illuminate/Foundation/Http/Kernel->Illuminate/Foundation/Http/{closure}(Object(Illuminate/Http/Request))
#43 D:/xampp/htdocs/clinicms/vendor/laravel/framework/src/Illuminate/Foundation/Http/Middleware/TransformsRequest.php(21): Illuminate/Pipeline/Pipeline->Illuminate/Pipeline/{closure}(Object(Illuminate/Http/Request))
#44 D:/xampp/htdocs/clinicms/vendor/laravel/framework/src/Illuminate/Foundation/Http/Middleware/ConvertEmptyStringsToNull.php(31): Illuminate/Foundation/Http/Middleware/TransformsRequest->handle(Object(Illuminate/Http/Request), Object(Closure))
#45 D:/xampp/htdocs/clinicms/vendor/laravel/framework/src/Illuminate/Pipeline/Pipeline.php(183): Illuminate/Foundation/Http/Middleware/ConvertEmptyStringsToNull->handle(Object(Illuminate/Http/Request), Object(Closure))
#46 D:/xampp/htdocs/clinicms/vendor/laravel/framework/src/Illuminate/Foundation/Http/Middleware/TransformsRequest.php(21): Illuminate/Pipeline/Pipeline->Illuminate/Pipeline/{closure}(Object(Illuminate/Http/Request))
#47 D:/xampp/htdocs/clinicms/vendor/laravel/framework/src/Illuminate/Foundation/Http/Middleware/TrimStrings.php(40): Illuminate/Foundation/Http/Middleware/TransformsRequest->handle(Object(Illuminate/Http/Request), Object(Closure))
#48 D:/xampp/htdocs/clinicms/vendor/laravel/framework/src/Illuminate/Pipeline/Pipeline.php(183): Illuminate/Foundation/Http/Middleware/TrimStrings->handle(Object(Illuminate/Http/Request), Object(Closure))
#49 D:/xampp/htdocs/clinicms/vendor/laravel/framework/src/Illuminate/Foundation/Http/Middleware/ValidatePostSize.php(27): Illuminate/Pipeline/Pipeline->Illuminate/Pipeline/{closure}(Object(Illuminate/Http/Request))
#50 D:/xampp/htdocs/clinicms/vendor/laravel/framework/src/Illuminate/Pipeline/Pipeline.php(183): Illuminate/Foundation/Http/Middleware/ValidatePostSize->handle(Object(Illuminate/Http/Request), Object(Closure))
#51 D:/xampp/htdocs/clinicms/vendor/laravel/framework/src/Illuminate/Http/Middleware/HandleCors.php(49): Illuminate/Pipeline/Pipeline->Illuminate/Pipeline/{closure}(Object(Illuminate/Http/Request))
#52 D:/xampp/htdocs/clinicms/vendor/laravel/framework/src/Illuminate/Pipeline/Pipeline.php(183): Illuminate/Http/Middleware/HandleCors->handle(Object(Illuminate/Http/Request), Object(Closure))
#53 D:/xampp/htdocs/clinicms/vendor/laravel/framework/src/Illuminate/Foundation/Http/Middleware/PreventRequestsDuringMaintenance.php(99): Illuminate/Pipeline/Pipeline->Illuminate/Pipeline/{closure}(Object(Illuminate/Http/Request))
#54 D:/xampp/htdocs/clinicms/vendor/laravel/framework/src/Illuminate/Pipeline/Pipeline.php(183): Illuminate/Foundation/Http/Middleware/PreventRequestsDuringMaintenance->handle(Object(Illuminate/Http/Request), Object(Closure))
#55 D:/xampp/htdocs/clinicms/vendor/laravel/framework/src/Illuminate/Pipeline/Pipeline.php(119): Illuminate/Pipeline/Pipeline->Illuminate/Pipeline/{closure}(Object(Illuminate/Http/Request))
#56 D:/xampp/htdocs/clinicms/vendor/laravel/framework/src/Illuminate/Foundation/Http/Kernel.php(175): Illuminate/Pipeline/Pipeline->then(Object(Closure))
#57 D:/xampp/htdocs/clinicms/vendor/laravel/framework/src/Illuminate/Foundation/Http/Kernel.php(144): Illuminate/Foundation/Http/Kernel->sendRequestThroughRouter(Object(Illuminate/Http/Request))
#58 D:/xampp/htdocs/clinicms/public/index.php(18): Illuminate/Foundation/Http/Kernel->handle(Object(Illuminate/Http/Request))
#59 D:/xampp/htdocs/clinicms/server.php(11): require_once('D://xampp//htdocs...')
#60 {main}

[previous exception] [object] (PDOException(code: 23000): SQLSTATE[23000]: Integrity constraint violation: 1048 Column 'mrp' cannot be null at D:/xampp/htdocs/clinicms/vendor/laravel/framework/src/Illuminate/Database/MySqlConnection.php:45)
[stacktrace]
#0 D:/xampp/htdocs/clinicms/vendor/laravel/framework/src/Illuminate/Database/MySqlConnection.php(45): PDOStatement->execute()
#1 D:/xampp/htdocs/clinicms/vendor/laravel/framework/src/Illuminate/Database/Connection.php(816): Illuminate/Database/MySqlConnection->Illuminate/Database/{closure}('insert into `pr...', Array)
#2 D:/xampp/htdocs/clinicms/vendor/laravel/framework/src/Illuminate/Database/Connection.php(783): Illuminate/Database/Connection->runQueryCallback('insert into `pr...', Array, Object(Closure))
#3 D:/xampp/htdocs/clinicms/vendor/laravel/framework/src/Illuminate/Database/MySqlConnection.php(34): Illuminate/Database/Connection->run('insert into `pr...', Array, Object(Closure))
#4 D:/xampp/htdocs/clinicms/vendor/laravel/framework/src/Illuminate/Database/Query/Processors/MySqlProcessor.php(35): Illuminate/Database/MySqlConnection->insert('insert into `pr...', Array, 'id')
#5 D:/xampp/htdocs/clinicms/vendor/laravel/framework/src/Illuminate/Database/Query/Builder.php(3549): Illuminate/Database/Query/Processors/MySqlProcessor->processInsertGetId(Object(Illuminate/Database/Query/Builder), 'insert into `pr...', Array, 'id')
#6 D:/xampp/htdocs/clinicms/vendor/laravel/framework/src/Illuminate/Database/Eloquent/Builder.php(1982): Illuminate/Database/Query/Builder->insertGetId(Array, 'id')
#7 D:/xampp/htdocs/clinicms/vendor/laravel/framework/src/Illuminate/Database/Eloquent/Model.php(1334): Illuminate/Database/Eloquent/Builder->__call('insertGetId', Array)
#8 D:/xampp/htdocs/clinicms/vendor/laravel/framework/src/Illuminate/Database/Eloquent/Model.php(1299): Illuminate/Database/Eloquent/Model->insertAndSetId(Object(Illuminate/Database/Eloquent/Builder), Array)
#9 D:/xampp/htdocs/clinicms/vendor/laravel/framework/src/Illuminate/Database/Eloquent/Model.php(1138): Illuminate/Database/Eloquent/Model->performInsert(Object(Illuminate/Database/Eloquent/Builder))
#10 D:/xampp/htdocs/clinicms/vendor/laravel/framework/src/Illuminate/Database/Eloquent/Builder.php(1025): Illuminate/Database/Eloquent/Model->save()
#11 D:/xampp/htdocs/clinicms/vendor/laravel/framework/src/Illuminate/Support/helpers.php(320): Illuminate/Database/Eloquent/Builder->Illuminate/Database/Eloquent/{closure}(Object(App/Models/Product))
#12 D:/xampp/htdocs/clinicms/vendor/laravel/framework/src/Illuminate/Database/Eloquent/Builder.php(1024): tap(Object(App/Models/Product), Object(Closure))
#13 D:/xampp/htdocs/clinicms/vendor/laravel/framework/src/Illuminate/Support/Traits/ForwardsCalls.php(23): Illuminate/Database/Eloquent/Builder->create(Array)
#14 D:/xampp/htdocs/clinicms/vendor/laravel/framework/src/Illuminate/Database/Eloquent/Model.php(2335): Illuminate/Database/Eloquent/Model->forwardCallTo(Object(Illuminate/Database/Eloquent/Builder), 'create', Array)
#15 D:/xampp/htdocs/clinicms/vendor/laravel/framework/src/Illuminate/Database/Eloquent/Model.php(2347): Illuminate/Database/Eloquent/Model->__call('create', Array)
#16 D:/xampp/htdocs/clinicms/app/Http/Controllers/ProductController.php(63): Illuminate/Database/Eloquent/Model::__callStatic('create', Array)
#17 D:/xampp/htdocs/clinicms/vendor/laravel/framework/src/Illuminate/Routing/Controller.php(54): App/Http/Controllers/ProductController->store(Object(Illuminate/Http/Request))
#18 D:/xampp/htdocs/clinicms/vendor/laravel/framework/src/Illuminate/Routing/ControllerDispatcher.php(43): Illuminate/Routing/Controller->callAction('store', Array)
#19 D:/xampp/htdocs/clinicms/vendor/laravel/framework/src/Illuminate/Routing/Route.php(259): Illuminate/Routing/ControllerDispatcher->dispatch(Object(Illuminate/Routing/Route), Object(App/Http/Controllers/ProductController), 'store')
#20 D:/xampp/htdocs/clinicms/vendor/laravel/framework/src/Illuminate/Routing/Route.php(205): Illuminate/Routing/Route->runController()
#21 D:/xampp/htdocs/clinicms/vendor/laravel/framework/src/Illuminate/Routing/Router.php(806): Illuminate/Routing/Route->run()
#22 D:/xampp/htdocs/clinicms/vendor/laravel/framework/src/Illuminate/Pipeline/Pipeline.php(144): Illuminate/Routing/Router->Illuminate/Routing/{closure}(Object(Illuminate/Http/Request))
#23 D:/xampp/htdocs/clinicms/vendor/laravel/framework/src/Illuminate/Routing/Middleware/SubstituteBindings.php(50): Illuminate/Pipeline/Pipeline->Illuminate/Pipeline/{closure}(Object(Illuminate/Http/Request))
#24 D:/xampp/htdocs/clinicms/vendor/laravel/framework/src/Illuminate/Pipeline/Pipeline.php(183): Illuminate/Routing/Middleware/SubstituteBindings->handle(Object(Illuminate/Http/Request), Object(Closure))
#25 D:/xampp/htdocs/clinicms/vendor/laravel/framework/src/Illuminate/Auth/Middleware/Authenticate.php(57): Illuminate/Pipeline/Pipeline->Illuminate/Pipeline/{closure}(Object(Illuminate/Http/Request))
#26 D:/xampp/htdocs/clinicms/vendor/laravel/framework/src/Illuminate/Pipeline/Pipeline.php(183): Illuminate/Auth/Middleware/Authenticate->handle(Object(Illuminate/Http/Request), Object(Closure))
#27 D:/xampp/htdocs/clinicms/vendor/laravel/framework/src/Illuminate/Foundation/Http/Middleware/VerifyCsrfToken.php(78): Illuminate/Pipeline/Pipeline->Illuminate/Pipeline/{closure}(Object(Illuminate/Http/Request))
#28 D:/xampp/htdocs/clinicms/vendor/laravel/framework/src/Illuminate/Pipeline/Pipeline.php(183): Illuminate/Foundation/Http/Middleware/VerifyCsrfToken->handle(Object(Illuminate/Http/Request), Object(Closure))
#29 D:/xampp/htdocs/clinicms/vendor/laravel/framework/src/Illuminate/View/Middleware/ShareErrorsFromSession.php(49): Illuminate/Pipeline/Pipeline->Illuminate/Pipeline/{closure}(Object(Illuminate/Http/Request))
#30 D:/xampp/htdocs/clinicms/vendor/laravel/framework/src/Illuminate/Pipeline/Pipeline.php(183): Illuminate/View/Middleware/ShareErrorsFromSession->handle(Object(Illuminate/Http/Request), Object(Closure))
#31 D:/xampp/htdocs/clinicms/vendor/laravel/framework/src/Illuminate/Session/Middleware/StartSession.php(121): Illuminate/Pipeline/Pipeline->Illuminate/Pipeline/{closure}(Object(Illuminate/Http/Request))
#32 D:/xampp/htdocs/clinicms/vendor/laravel/framework/src/Illuminate/Session/Middleware/StartSession.php(64): Illuminate/Session/Middleware/StartSession->handleStatefulRequest(Object(Illuminate/Http/Request), Object(Illuminate/Session/Store), Object(Closure))
#33 D:/xampp/htdocs/clinicms/vendor/laravel/framework/src/Illuminate/Pipeline/Pipeline.php(183): Illuminate/Session/Middleware/StartSession->handle(Object(Illuminate/Http/Request), Object(Closure))
#34 D:/xampp/htdocs/clinicms/vendor/laravel/framework/src/Illuminate/Cookie/Middleware/AddQueuedCookiesToResponse.php(37): Illuminate/Pipeline/Pipeline->Illuminate/Pipeline/{closure}(Object(Illuminate/Http/Request))
#35 D:/xampp/htdocs/clinicms/vendor/laravel/framework/src/Illuminate/Pipeline/Pipeline.php(183): Illuminate/Cookie/Middleware/AddQueuedCookiesToResponse->handle(Object(Illuminate/Http/Request), Object(Closure))
#36 D:/xampp/htdocs/clinicms/vendor/laravel/framework/src/Illuminate/Cookie/Middleware/EncryptCookies.php(67): Illuminate/Pipeline/Pipeline->Illuminate/Pipeline/{closure}(Object(Illuminate/Http/Request))
#37 D:/xampp/htdocs/clinicms/vendor/laravel/framework/src/Illuminate/Pipeline/Pipeline.php(183): Illuminate/Cookie/Middleware/EncryptCookies->handle(Object(Illuminate/Http/Request), Object(Closure))
#38 D:/xampp/htdocs/clinicms/vendor/laravel/framework/src/Illuminate/Pipeline/Pipeline.php(119): Illuminate/Pipeline/Pipeline->Illuminate/Pipeline/{closure}(Object(Illuminate/Http/Request))
#39 D:/xampp/htdocs/clinicms/vendor/laravel/framework/src/Illuminate/Routing/Router.php(805): Illuminate/Pipeline/Pipeline->then(Object(Closure))
#40 D:/xampp/htdocs/clinicms/vendor/laravel/framework/src/Illuminate/Routing/Router.php(784): Illuminate/Routing/Router->runRouteWithinStack(Object(Illuminate/Routing/Route), Object(Illuminate/Http/Request))
#41 D:/xampp/htdocs/clinicms/vendor/laravel/framework/src/Illuminate/Routing/Router.php(748): Illuminate/Routing/Router->runRoute(Object(Illuminate/Http/Request), Object(Illuminate/Routing/Route))
#42 D:/xampp/htdocs/clinicms/vendor/laravel/framework/src/Illuminate/Routing/Router.php(737): Illuminate/Routing/Router->dispatchToRoute(Object(Illuminate/Http/Request))
#43 D:/xampp/htdocs/clinicms/vendor/laravel/framework/src/Illuminate/Foundation/Http/Kernel.php(200): Illuminate/Routing/Router->dispatch(Object(Illuminate/Http/Request))
#44 D:/xampp/htdocs/clinicms/vendor/laravel/framework/src/Illuminate/Pipeline/Pipeline.php(144): Illuminate/Foundation/Http/Kernel->Illuminate/Foundation/Http/{closure}(Object(Illuminate/Http/Request))
#45 D:/xampp/htdocs/clinicms/vendor/laravel/framework/src/Illuminate/Foundation/Http/Middleware/TransformsRequest.php(21): Illuminate/Pipeline/Pipeline->Illuminate/Pipeline/{closure}(Object(Illuminate/Http/Request))
#46 D:/xampp/htdocs/clinicms/vendor/laravel/framework/src/Illuminate/Foundation/Http/Middleware/ConvertEmptyStringsToNull.php(31): Illuminate/Foundation/Http/Middleware/TransformsRequest->handle(Object(Illuminate/Http/Request), Object(Closure))
#47 D:/xampp/htdocs/clinicms/vendor/laravel/framework/src/Illuminate/Pipeline/Pipeline.php(183): Illuminate/Foundation/Http/Middleware/ConvertEmptyStringsToNull->handle(Object(Illuminate/Http/Request), Object(Closure))
#48 D:/xampp/htdocs/clinicms/vendor/laravel/framework/src/Illuminate/Foundation/Http/Middleware/TransformsRequest.php(21): Illuminate/Pipeline/Pipeline->Illuminate/Pipeline/{closure}(Object(Illuminate/Http/Request))
#49 D:/xampp/htdocs/clinicms/vendor/laravel/framework/src/Illuminate/Foundation/Http/Middleware/TrimStrings.php(40): Illuminate/Foundation/Http/Middleware/TransformsRequest->handle(Object(Illuminate/Http/Request), Object(Closure))
#50 D:/xampp/htdocs/clinicms/vendor/laravel/framework/src/Illuminate/Pipeline/Pipeline.php(183): Illuminate/Foundation/Http/Middleware/TrimStrings->handle(Object(Illuminate/Http/Request), Object(Closure))
#51 D:/xampp/htdocs/clinicms/vendor/laravel/framework/src/Illuminate/Foundation/Http/Middleware/ValidatePostSize.php(27): Illuminate/Pipeline/Pipeline->Illuminate/Pipeline/{closure}(Object(Illuminate/Http/Request))
#52 D:/xampp/htdocs/clinicms/vendor/laravel/framework/src/Illuminate/Pipeline/Pipeline.php(183): Illuminate/Foundation/Http/Middleware/ValidatePostSize->handle(Object(Illuminate/Http/Request), Object(Closure))
#53 D:/xampp/htdocs/clinicms/vendor/laravel/framework/src/Illuminate/Http/Middleware/HandleCors.php(49): Illuminate/Pipeline/Pipeline->Illuminate/Pipeline/{closure}(Object(Illuminate/Http/Request))
#54 D:/xampp/htdocs/clinicms/vendor/laravel/framework/src/Illuminate/Pipeline/Pipeline.php(183): Illuminate/Http/Middleware/HandleCors->handle(Object(Illuminate/Http/Request), Object(Closure))
#55 D:/xampp/htdocs/clinicms/vendor/laravel/framework/src/Illuminate/Foundation/Http/Middleware/PreventRequestsDuringMaintenance.php(99): Illuminate/Pipeline/Pipeline->Illuminate/Pipeline/{closure}(Object(Illuminate/Http/Request))
#56 D:/xampp/htdocs/clinicms/vendor/laravel/framework/src/Illuminate/Pipeline/Pipeline.php(183): Illuminate/Foundation/Http/Middleware/PreventRequestsDuringMaintenance->handle(Object(Illuminate/Http/Request), Object(Closure))
#57 D:/xampp/htdocs/clinicms/vendor/laravel/framework/src/Illuminate/Pipeline/Pipeline.php(119): Illuminate/Pipeline/Pipeline->Illuminate/Pipeline/{closure}(Object(Illuminate/Http/Request))
#58 D:/xampp/htdocs/clinicms/vendor/laravel/framework/src/Illuminate/Foundation/Http/Kernel.php(175): Illuminate/Pipeline/Pipeline->then(Object(Closure))
#59 D:/xampp/htdocs/clinicms/vendor/laravel/framework/src/Illuminate/Foundation/Http/Kernel.php(144): Illuminate/Foundation/Http/Kernel->sendRequestThroughRouter(Object(Illuminate/Http/Request))
#60 D:/xampp/htdocs/clinicms/public/index.php(18): Illuminate/Foundation/Http/Kernel->handle(Object(Illuminate/Http/Request))
#61 D:/xampp/htdocs/clinicms/server.php(11): require_once('D://xampp//htdocs...')
#62 {main}
"} 
[2026-09-01 00:05:43] local.ERROR: Stock deduction failed for Rx #65: Insufficient stock for product #10. Available: 0, requested: 2.25  
[2026-09-27 01:12:40] local.ERROR: Undefined variable $prescription {"view":{"view":"D:\\xampp\\htdocs\\clinicms\\resources\\views\\prescriptions\\index.blade.php","data":{"errors":"<pre class=sf-dump id=sf-dump-1903554807 data-indent-pad=\"  \"><span class=sf-dump-note>Illuminate\\Support\\ViewErrorBag</span> {<a class=sf-dump-ref>#1137</a><samp data-depth=1 class=sf-dump-expanded>
  #<span class=sf-dump-protected title=\"Protected property\">bags</span>: []
</samp>}
</pre><script>Sfdump(\"sf-dump-1903554807\", {\"maxDepth\":3,\"maxStringLength\":160})</script>
","prescriptions":"<pre class=sf-dump id=sf-dump-1474182807 data-indent-pad=\"  \"><span class=sf-dump-note>Illuminate\\Pagination\\LengthAwarePaginator</span> {<a class=sf-dump-ref>#1178</a><samp data-depth=1 class=sf-dump-expanded>
  #<span class=sf-dump-protected title=\"Protected property\">items</span>: <span class=\"sf-dump-note sf-dump-ellipsization\" title=\"Illuminate\\Database\\Eloquent\\Collection
\"><span class=\"sf-dump-ellipsis sf-dump-ellipsis-note\">Illuminate\\Database\\Eloquent</span><span class=\"sf-dump-ellipsis sf-dump-ellipsis-note\">\\</span><span class=\"sf-dump-ellipsis-tail\">Collection</span></span> {<a class=sf-dump-ref>#1198</a><samp data-depth=2 class=sf-dump-compact>
    #<span class=sf-dump-protected title=\"Protected property\">items</span>: <span class=sf-dump-note>array:9</span> [<samp data-depth=3 class=sf-dump-compact>
      <span class=sf-dump-index>0</span> => <span class=\"sf-dump-note sf-dump-ellipsization\" title=\"App\\Models\\Prescription
\"><span class=\"sf-dump-ellipsis sf-dump-ellipsis-note\">App\\Models</span><span class=\"sf-dump-ellipsis sf-dump-ellipsis-note\">\\</span><span class=\"sf-dump-ellipsis-tail\">Prescription</span></span> {<a class=sf-dump-ref>#1188</a> &#8230;30}
      <span class=sf-dump-index>1</span> => <span class=\"sf-dump-note sf-dump-ellipsization\" title=\"App\\Models\\Prescription
\"><span class=\"sf-dump-ellipsis sf-dump-ellipsis-note\">App\\Models</span><span class=\"sf-dump-ellipsis sf-dump-ellipsis-note\">\\</span><span class=\"sf-dump-ellipsis-tail\">Prescription</span></span> {<a class=sf-dump-ref>#1186</a> &#8230;30}
      <span class=sf-dump-index>2</span> => <span class=\"sf-dump-note sf-dump-ellipsization\" title=\"App\\Models\\Prescription
\"><span class=\"sf-dump-ellipsis sf-dump-ellipsis-note\">App\\Models</span><span class=\"sf-dump-ellipsis sf-dump-ellipsis-note\">\\</span><span class=\"sf-dump-ellipsis-tail\">Prescription</span></span> {<a class=sf-dump-ref>#1189</a> &#8230;30}
      <span class=sf-dump-index>3</span> => <span class=\"sf-dump-note sf-dump-ellipsization\" title=\"App\\Models\\Prescription
\"><span class=\"sf-dump-ellipsis sf-dump-ellipsis-note\">App\\Models</span><span class=\"sf-dump-ellipsis sf-dump-ellipsis-note\">\\</span><span class=\"sf-dump-ellipsis-tail\">Prescription</span></span> {<a class=sf-dump-ref>#1190</a> &#8230;30}
      <span class=sf-dump-index>4</span> => <span class=\"sf-dump-note sf-dump-ellipsization\" title=\"App\\Models\\Prescription
\"><span class=\"sf-dump-ellipsis sf-dump-ellipsis-note\">App\\Models</span><span class=\"sf-dump-ellipsis sf-dump-ellipsis-note\">\\</span><span class=\"sf-dump-ellipsis-tail\">Prescription</span></span> {<a class=sf-dump-ref>#1191</a> &#8230;30}
      <span class=sf-dump-index>5</span> => <span class=\"sf-dump-note sf-dump-ellipsization\" title=\"App\\Models\\Prescription
\"><span class=\"sf-dump-ellipsis sf-dump-ellipsis-note\">App\\Models</span><span class=\"sf-dump-ellipsis sf-dump-ellipsis-note\">\\</span><span class=\"sf-dump-ellipsis-tail\">Prescription</span></span> {<a class=sf-dump-ref>#1192</a> &#8230;30}
      <span class=sf-dump-index>6</span> => <span class=\"sf-dump-note sf-dump-ellipsization\" title=\"App\\Models\\Prescription
\"><span class=\"sf-dump-ellipsis sf-dump-ellipsis-note\">App\\Models</span><span class=\"sf-dump-ellipsis sf-dump-ellipsis-note\">\\</span><span class=\"sf-dump-ellipsis-tail\">Prescription</span></span> {<a class=sf-dump-ref>#1193</a> &#8230;30}
      <span class=sf-dump-index>7</span> => <span class=\"sf-dump-note sf-dump-ellipsization\" title=\"App\\Models\\Prescription
\"><span class=\"sf-dump-ellipsis sf-dump-ellipsis-note\">App\\Models</span><span class=\"sf-dump-ellipsis sf-dump-ellipsis-note\">\\</span><span class=\"sf-dump-ellipsis-tail\">Prescription</span></span> {<a class=sf-dump-ref>#1194</a> &#8230;30}
      <span class=sf-dump-index>8</span> => <span class=\"sf-dump-note sf-dump-ellipsization\" title=\"App\\Models\\Prescription
\"><span class=\"sf-dump-ellipsis sf-dump-ellipsis-note\">App\\Models</span><span class=\"sf-dump-ellipsis sf-dump-ellipsis-note\">\\</span><span class=\"sf-dump-ellipsis-tail\">Prescription</span></span> {<a class=sf-dump-ref>#1195</a> &#8230;30}
    </samp>]
    #<span class=sf-dump-protected title=\"Protected property\">escapeWhenCastingToString</span>: <span class=sf-dump-const>false</span>
  </samp>}
  #<span class=sf-dump-protected title=\"Protected property\">perPage</span>: <span class=sf-dump-num>20</span>
  #<span class=sf-dump-protected title=\"Protected property\">currentPage</span>: <span class=sf-dump-num>1</span>
  #<span class=sf-dump-protected title=\"Protected property\">path</span>: \"<span class=sf-dump-str title=\"46 characters\">http://localhost/clinicms/public/prescriptions</span>\"
  #<span class=sf-dump-protected title=\"Protected property\">query</span>: []
  #<span class=sf-dump-protected title=\"Protected property\">fragment</span>: <span class=sf-dump-const>null</span>
  #<span class=sf-dump-protected title=\"Protected property\">pageName</span>: \"<span class=sf-dump-str title=\"4 characters\">page</span>\"
  +<span class=sf-dump-public title=\"Public property\">onEachSide</span>: <span class=sf-dump-num>3</span>
  #<span class=sf-dump-protected title=\"Protected property\">options</span>: <span class=sf-dump-note>array:2</span> [<samp data-depth=2 class=sf-dump-compact>
    \"<span class=sf-dump-key>path</span>\" => \"<span class=sf-dump-str title=\"46 characters\">http://localhost/clinicms/public/prescriptions</span>\"
    \"<span class=sf-dump-key>pageName</span>\" => \"<span class=sf-dump-str title=\"4 characters\">page</span>\"
  </samp>]
  #<span class=sf-dump-protected title=\"Protected property\">total</span>: <span class=sf-dump-num>9</span>
  #<span class=sf-dump-protected title=\"Protected property\">lastPage</span>: <span class=sf-dump-num>1</span>
</samp>}
</pre><script>Sfdump(\"sf-dump-1474182807\", {\"maxDepth\":3,\"maxStringLength\":160})</script>
"}},"userId":1,"exception":"[object] (Spatie\\LaravelIgnition\\Exceptions\\ViewException(code: 0): Undefined variable $prescription at D:/xampp/htdocs/clinicms/resources/views/prescriptions/index.blade.php:41)
[stacktrace]
#0 D:/xampp/htdocs/clinicms/vendor/laravel/framework/src/Illuminate/Filesystem/Filesystem.php(123): require('D://xampp//htdocs...')
#1 D:/xampp/htdocs/clinicms/vendor/laravel/framework/src/Illuminate/Filesystem/Filesystem.php(124): Illuminate/Filesystem/Filesystem::Illuminate/Filesystem/{closure}()
#2 D:/xampp/htdocs/clinicms/vendor/laravel/framework/src/Illuminate/View/Engines/PhpEngine.php(58): Illuminate/Filesystem/Filesystem->getRequire('D://xampp//htdocs...', Array)
#3 D:/xampp/htdocs/clinicms/vendor/laravel/framework/src/Illuminate/View/Engines/CompilerEngine.php(72): Illuminate/View/Engines/PhpEngine->evaluatePath('D://xampp//htdocs...', Array)
#4 D:/xampp/htdocs/clinicms/vendor/laravel/framework/src/Illuminate/View/View.php(207): Illuminate/View/Engines/CompilerEngine->get('D://xampp//htdocs...', Array)
#5 D:/xampp/htdocs/clinicms/vendor/laravel/framework/src/Illuminate/View/View.php(190): Illuminate/View/View->getContents()
#6 D:/xampp/htdocs/clinicms/vendor/laravel/framework/src/Illuminate/View/View.php(159): Illuminate/View/View->renderContents()
#7 D:/xampp/htdocs/clinicms/vendor/laravel/framework/src/Illuminate/Http/Response.php(69): Illuminate/View/View->render()
#8 D:/xampp/htdocs/clinicms/vendor/laravel/framework/src/Illuminate/Http/Response.php(35): Illuminate/Http/Response->setContent(Object(Illuminate/View/View))
#9 D:/xampp/htdocs/clinicms/vendor/laravel/framework/src/Illuminate/Routing/Router.php(918): Illuminate/Http/Response->__construct(Object(Illuminate/View/View), 200, Array)
#10 D:/xampp/htdocs/clinicms/vendor/laravel/framework/src/Illuminate/Routing/Router.php(885): Illuminate/Routing/Router::toResponse(Object(Illuminate/Http/Request), Object(Illuminate/View/View))
#11 D:/xampp/htdocs/clinicms/vendor/laravel/framework/src/Illuminate/Routing/Router.php(805): Illuminate/Routing/Router->prepareResponse(Object(Illuminate/Http/Request), Object(Illuminate/View/View))
#12 D:/xampp/htdocs/clinicms/vendor/laravel/framework/src/Illuminate/Pipeline/Pipeline.php(144): Illuminate/Routing/Router->Illuminate/Routing/{closure}(Object(Illuminate/Http/Request))
#13 D:/xampp/htdocs/clinicms/vendor/laravel/framework/src/Illuminate/Routing/Middleware/SubstituteBindings.php(50): Illuminate/Pipeline/Pipeline->Illuminate/Pipeline/{closure}(Object(Illuminate/Http/Request))
#14 D:/xampp/htdocs/clinicms/vendor/laravel/framework/src/Illuminate/Pipeline/Pipeline.php(183): Illuminate/Routing/Middleware/SubstituteBindings->handle(Object(Illuminate/Http/Request), Object(Closure))
#15 D:/xampp/htdocs/clinicms/vendor/laravel/framework/src/Illuminate/Auth/Middleware/Authenticate.php(57): Illuminate/Pipeline/Pipeline->Illuminate/Pipeline/{closure}(Object(Illuminate/Http/Request))
#16 D:/xampp/htdocs/clinicms/vendor/laravel/framework/src/Illuminate/Pipeline/Pipeline.php(183): Illuminate/Auth/Middleware/Authenticate->handle(Object(Illuminate/Http/Request), Object(Closure))
#17 D:/xampp/htdocs/clinicms/vendor/laravel/framework/src/Illuminate/Foundation/Http/Middleware/VerifyCsrfToken.php(78): Illuminate/Pipeline/Pipeline->Illuminate/Pipeline/{closure}(Object(Illuminate/Http/Request))
#18 D:/xampp/htdocs/clinicms/vendor/laravel/framework/src/Illuminate/Pipeline/Pipeline.php(183): Illuminate/Foundation/Http/Middleware/VerifyCsrfToken->handle(Object(Illuminate/Http/Request), Object(Closure))
#19 D:/xampp/htdocs/clinicms/vendor/laravel/framework/src/Illuminate/View/Middleware/ShareErrorsFromSession.php(49): Illuminate/Pipeline/Pipeline->Illuminate/Pipeline/{closure}(Object(Illuminate/Http/Request))
#20 D:/xampp/htdocs/clinicms/vendor/laravel/framework/src/Illuminate/Pipeline/Pipeline.php(183): Illuminate/View/Middleware/ShareErrorsFromSession->handle(Object(Illuminate/Http/Request), Object(Closure))
#21 D:/xampp/htdocs/clinicms/vendor/laravel/framework/src/Illuminate/Session/Middleware/StartSession.php(121): Illuminate/Pipeline/Pipeline->Illuminate/Pipeline/{closure}(Object(Illuminate/Http/Request))
#22 D:/xampp/htdocs/clinicms/vendor/laravel/framework/src/Illuminate/Session/Middleware/StartSession.php(64): Illuminate/Session/Middleware/StartSession->handleStatefulRequest(Object(Illuminate/Http/Request), Object(Illuminate/Session/Store), Object(Closure))
#23 D:/xampp/htdocs/clinicms/vendor/laravel/framework/src/Illuminate/Pipeline/Pipeline.php(183): Illuminate/Session/Middleware/StartSession->handle(Object(Illuminate/Http/Request), Object(Closure))
#24 D:/xampp/htdocs/clinicms/vendor/laravel/framework/src/Illuminate/Cookie/Middleware/AddQueuedCookiesToResponse.php(37): Illuminate/Pipeline/Pipeline->Illuminate/Pipeline/{closure}(Object(Illuminate/Http/Request))
#25 D:/xampp/htdocs/clinicms/vendor/laravel/framework/src/Illuminate/Pipeline/Pipeline.php(183): Illuminate/Cookie/Middleware/AddQueuedCookiesToResponse->handle(Object(Illuminate/Http/Request), Object(Closure))
#26 D:/xampp/htdocs/clinicms/vendor/laravel/framework/src/Illuminate/Cookie/Middleware/EncryptCookies.php(67): Illuminate/Pipeline/Pipeline->Illuminate/Pipeline/{closure}(Object(Illuminate/Http/Request))
#27 D:/xampp/htdocs/clinicms/vendor/laravel/framework/src/Illuminate/Pipeline/Pipeline.php(183): Illuminate/Cookie/Middleware/EncryptCookies->handle(Object(Illuminate/Http/Request), Object(Closure))
#28 D:/xampp/htdocs/clinicms/vendor/laravel/framework/src/Illuminate/Pipeline/Pipeline.php(119): Illuminate/Pipeline/Pipeline->Illuminate/Pipeline/{closure}(Object(Illuminate/Http/Request))
#29 D:/xampp/htdocs/clinicms/vendor/laravel/framework/src/Illuminate/Routing/Router.php(805): Illuminate/Pipeline/Pipeline->then(Object(Closure))
#30 D:/xampp/htdocs/clinicms/vendor/laravel/framework/src/Illuminate/Routing/Router.php(784): Illuminate/Routing/Router->runRouteWithinStack(Object(Illuminate/Routing/Route), Object(Illuminate/Http/Request))
#31 D:/xampp/htdocs/clinicms/vendor/laravel/framework/src/Illuminate/Routing/Router.php(748): Illuminate/Routing/Router->runRoute(Object(Illuminate/Http/Request), Object(Illuminate/Routing/Route))
#32 D:/xampp/htdocs/clinicms/vendor/laravel/framework/src/Illuminate/Routing/Router.php(737): Illuminate/Routing/Router->dispatchToRoute(Object(Illuminate/Http/Request))
#33 D:/xampp/htdocs/clinicms/vendor/laravel/framework/src/Illuminate/Foundation/Http/Kernel.php(200): Illuminate/Routing/Router->dispatch(Object(Illuminate/Http/Request))
#34 D:/xampp/htdocs/clinicms/vendor/laravel/framework/src/Illuminate/Pipeline/Pipeline.php(144): Illuminate/Foundation/Http/Kernel->Illuminate/Foundation/Http/{closure}(Object(Illuminate/Http/Request))
#35 D:/xampp/htdocs/clinicms/vendor/laravel/framework/src/Illuminate/Foundation/Http/Middleware/TransformsRequest.php(21): Illuminate/Pipeline/Pipeline->Illuminate/Pipeline/{closure}(Object(Illuminate/Http/Request))
#36 D:/xampp/htdocs/clinicms/vendor/laravel/framework/src/Illuminate/Foundation/Http/Middleware/ConvertEmptyStringsToNull.php(31): Illuminate/Foundation/Http/Middleware/TransformsRequest->handle(Object(Illuminate/Http/Request), Object(Closure))
#37 D:/xampp/htdocs/clinicms/vendor/laravel/framework/src/Illuminate/Pipeline/Pipeline.php(183): Illuminate/Foundation/Http/Middleware/ConvertEmptyStringsToNull->handle(Object(Illuminate/Http/Request), Object(Closure))
#38 D:/xampp/htdocs/clinicms/vendor/laravel/framework/src/Illuminate/Foundation/Http/Middleware/TransformsRequest.php(21): Illuminate/Pipeline/Pipeline->Illuminate/Pipeline/{closure}(Object(Illuminate/Http/Request))
#39 D:/xampp/htdocs/clinicms/vendor/laravel/framework/src/Illuminate/Foundation/Http/Middleware/TrimStrings.php(40): Illuminate/Foundation/Http/Middleware/TransformsRequest->handle(Object(Illuminate/Http/Request), Object(Closure))
#40 D:/xampp/htdocs/clinicms/vendor/laravel/framework/src/Illuminate/Pipeline/Pipeline.php(183): Illuminate/Foundation/Http/Middleware/TrimStrings->handle(Object(Illuminate/Http/Request), Object(Closure))
#41 D:/xampp/htdocs/clinicms/vendor/laravel/framework/src/Illuminate/Foundation/Http/Middleware/ValidatePostSize.php(27): Illuminate/Pipeline/Pipeline->Illuminate/Pipeline/{closure}(Object(Illuminate/Http/Request))
#42 D:/xampp/htdocs/clinicms/vendor/laravel/framework/src/Illuminate/Pipeline/Pipeline.php(183): Illuminate/Foundation/Http/Middleware/ValidatePostSize->handle(Object(Illuminate/Http/Request), Object(Closure))
#43 D:/xampp/htdocs/clinicms/vendor/laravel/framework/src/Illuminate/Http/Middleware/HandleCors.php(49): Illuminate/Pipeline/Pipeline->Illuminate/Pipeline/{closure}(Object(Illuminate/Http/Request))
#44 D:/xampp/htdocs/clinicms/vendor/laravel/framework/src/Illuminate/Pipeline/Pipeline.php(183): Illuminate/Http/Middleware/HandleCors->handle(Object(Illuminate/Http/Request), Object(Closure))
#45 D:/xampp/htdocs/clinicms/vendor/laravel/framework/src/Illuminate/Foundation/Http/Middleware/PreventRequestsDuringMaintenance.php(99): Illuminate/Pipeline/Pipeline->Illuminate/Pipeline/{closure}(Object(Illuminate/Http/Request))
#46 D:/xampp/htdocs/clinicms/vendor/laravel/framework/src/Illuminate/Pipeline/Pipeline.php(183): Illuminate/Foundation/Http/Middleware/PreventRequestsDuringMaintenance->handle(Object(Illuminate/Http/Request), Object(Closure))
#47 D:/xampp/htdocs/clinicms/vendor/laravel/framework/src/Illuminate/Pipeline/Pipeline.php(119): Illuminate/Pipeline/Pipeline->Illuminate/Pipeline/{closure}(Object(Illuminate/Http/Request))
#48 D:/xampp/htdocs/clinicms/vendor/laravel/framework/src/Illuminate/Foundation/Http/Kernel.php(175): Illuminate/Pipeline/Pipeline->then(Object(Closure))
#49 D:/xampp/htdocs/clinicms/vendor/laravel/framework/src/Illuminate/Foundation/Http/Kernel.php(144): Illuminate/Foundation/Http/Kernel->sendRequestThroughRouter(Object(Illuminate/Http/Request))
#50 D:/xampp/htdocs/clinicms/public/index.php(18): Illuminate/Foundation/Http/Kernel->handle(Object(Illuminate/Http/Request))
#51 {main}

[previous exception] [object] (ErrorException(code: 0): Undefined variable $prescription at D:/xampp/htdocs/clinicms/storage/framework/views/0021be9055e016a739349bf1011ce27c.php:40)
[stacktrace]
#0 D:/xampp/htdocs/clinicms/vendor/laravel/framework/src/Illuminate/Foundation/Bootstrap/HandleExceptions.php(255): Illuminate/Foundation/Bootstrap/HandleExceptions->handleError(2, 'Undefined varia...', 'D://xampp//htdocs...', 40)
#1 D:/xampp/htdocs/clinicms/storage/framework/views/0021be9055e016a739349bf1011ce27c.php(40): Illuminate/Foundation/Bootstrap/HandleExceptions->Illuminate/Foundation/Bootstrap/{closure}(2, 'Undefined varia...', 'D://xampp//htdocs...', 40)
#2 D:/xampp/htdocs/clinicms/vendor/laravel/framework/src/Illuminate/Filesystem/Filesystem.php(123): require('D://xampp//htdocs...')
#3 D:/xampp/htdocs/clinicms/vendor/laravel/framework/src/Illuminate/Filesystem/Filesystem.php(124): Illuminate/Filesystem/Filesystem::Illuminate/Filesystem/{closure}()
#4 D:/xampp/htdocs/clinicms/vendor/laravel/framework/src/Illuminate/View/Engines/PhpEngine.php(58): Illuminate/Filesystem/Filesystem->getRequire('D://xampp//htdocs...', Array)
#5 D:/xampp/htdocs/clinicms/vendor/laravel/framework/src/Illuminate/View/Engines/CompilerEngine.php(72): Illuminate/View/Engines/PhpEngine->evaluatePath('D://xampp//htdocs...', Array)
#6 D:/xampp/htdocs/clinicms/vendor/laravel/framework/src/Illuminate/View/View.php(207): Illuminate/View/Engines/CompilerEngine->get('D://xampp//htdocs...', Array)
#7 D:/xampp/htdocs/clinicms/vendor/laravel/framework/src/Illuminate/View/View.php(190): Illuminate/View/View->getContents()
#8 D:/xampp/htdocs/clinicms/vendor/laravel/framework/src/Illuminate/View/View.php(159): Illuminate/View/View->renderContents()
#9 D:/xampp/htdocs/clinicms/vendor/laravel/framework/src/Illuminate/Http/Response.php(69): Illuminate/View/View->render()
#10 D:/xampp/htdocs/clinicms/vendor/laravel/framework/src/Illuminate/Http/Response.php(35): Illuminate/Http/Response->setContent(Object(Illuminate/View/View))
#11 D:/xampp/htdocs/clinicms/vendor/laravel/framework/src/Illuminate/Routing/Router.php(918): Illuminate/Http/Response->__construct(Object(Illuminate/View/View), 200, Array)
#12 D:/xampp/htdocs/clinicms/vendor/laravel/framework/src/Illuminate/Routing/Router.php(885): Illuminate/Routing/Router::toResponse(Object(Illuminate/Http/Request), Object(Illuminate/View/View))
#13 D:/xampp/htdocs/clinicms/vendor/laravel/framework/src/Illuminate/Routing/Router.php(805): Illuminate/Routing/Router->prepareResponse(Object(Illuminate/Http/Request), Object(Illuminate/View/View))
#14 D:/xampp/htdocs/clinicms/vendor/laravel/framework/src/Illuminate/Pipeline/Pipeline.php(144): Illuminate/Routing/Router->Illuminate/Routing/{closure}(Object(Illuminate/Http/Request))
#15 D:/xampp/htdocs/clinicms/vendor/laravel/framework/src/Illuminate/Routing/Middleware/SubstituteBindings.php(50): Illuminate/Pipeline/Pipeline->Illuminate/Pipeline/{closure}(Object(Illuminate/Http/Request))
#16 D:/xampp/htdocs/clinicms/vendor/laravel/framework/src/Illuminate/Pipeline/Pipeline.php(183): Illuminate/Routing/Middleware/SubstituteBindings->handle(Object(Illuminate/Http/Request), Object(Closure))
#17 D:/xampp/htdocs/clinicms/vendor/laravel/framework/src/Illuminate/Auth/Middleware/Authenticate.php(57): Illuminate/Pipeline/Pipeline->Illuminate/Pipeline/{closure}(Object(Illuminate/Http/Request))
#18 D:/xampp/htdocs/clinicms/vendor/laravel/framework/src/Illuminate/Pipeline/Pipeline.php(183): Illuminate/Auth/Middleware/Authenticate->handle(Object(Illuminate/Http/Request), Object(Closure))
#19 D:/xampp/htdocs/clinicms/vendor/laravel/framework/src/Illuminate/Foundation/Http/Middleware/VerifyCsrfToken.php(78): Illuminate/Pipeline/Pipeline->Illuminate/Pipeline/{closure}(Object(Illuminate/Http/Request))
#20 D:/xampp/htdocs/clinicms/vendor/laravel/framework/src/Illuminate/Pipeline/Pipeline.php(183): Illuminate/Foundation/Http/Middleware/VerifyCsrfToken->handle(Object(Illuminate/Http/Request), Object(Closure))
#21 D:/xampp/htdocs/clinicms/vendor/laravel/framework/src/Illuminate/View/Middleware/ShareErrorsFromSession.php(49): Illuminate/Pipeline/Pipeline->Illuminate/Pipeline/{closure}(Object(Illuminate/Http/Request))
#22 D:/xampp/htdocs/clinicms/vendor/laravel/framework/src/Illuminate/Pipeline/Pipeline.php(183): Illuminate/View/Middleware/ShareErrorsFromSession->handle(Object(Illuminate/Http/Request), Object(Closure))
#23 D:/xampp/htdocs/clinicms/vendor/laravel/framework/src/Illuminate/Session/Middleware/StartSession.php(121): Illuminate/Pipeline/Pipeline->Illuminate/Pipeline/{closure}(Object(Illuminate/Http/Request))
#24 D:/xampp/htdocs/clinicms/vendor/laravel/framework/src/Illuminate/Session/Middleware/StartSession.php(64): Illuminate/Session/Middleware/StartSession->handleStatefulRequest(Object(Illuminate/Http/Request), Object(Illuminate/Session/Store), Object(Closure))
#25 D:/xampp/htdocs/clinicms/vendor/laravel/framework/src/Illuminate/Pipeline/Pipeline.php(183): Illuminate/Session/Middleware/StartSession->handle(Object(Illuminate/Http/Request), Object(Closure))
#26 D:/xampp/htdocs/clinicms/vendor/laravel/framework/src/Illuminate/Cookie/Middleware/AddQueuedCookiesToResponse.php(37): Illuminate/Pipeline/Pipeline->Illuminate/Pipeline/{closure}(Object(Illuminate/Http/Request))
#27 D:/xampp/htdocs/clinicms/vendor/laravel/framework/src/Illuminate/Pipeline/Pipeline.php(183): Illuminate/Cookie/Middleware/AddQueuedCookiesToResponse->handle(Object(Illuminate/Http/Request), Object(Closure))
#28 D:/xampp/htdocs/clinicms/vendor/laravel/framework/src/Illuminate/Cookie/Middleware/EncryptCookies.php(67): Illuminate/Pipeline/Pipeline->Illuminate/Pipeline/{closure}(Object(Illuminate/Http/Request))
#29 D:/xampp/htdocs/clinicms/vendor/laravel/framework/src/Illuminate/Pipeline/Pipeline.php(183): Illuminate/Cookie/Middleware/EncryptCookies->handle(Object(Illuminate/Http/Request), Object(Closure))
#30 D:/xampp/htdocs/clinicms/vendor/laravel/framework/src/Illuminate/Pipeline/Pipeline.php(119): Illuminate/Pipeline/Pipeline->Illuminate/Pipeline/{closure}(Object(Illuminate/Http/Request))
#31 D:/xampp/htdocs/clinicms/vendor/laravel/framework/src/Illuminate/Routing/Router.php(805): Illuminate/Pipeline/Pipeline->then(Object(Closure))
#32 D:/xampp/htdocs/clinicms/vendor/laravel/framework/src/Illuminate/Routing/Router.php(784): Illuminate/Routing/Router->runRouteWithinStack(Object(Illuminate/Routing/Route), Object(Illuminate/Http/Request))
#33 D:/xampp/htdocs/clinicms/vendor/laravel/framework/src/Illuminate/Routing/Router.php(748): Illuminate/Routing/Router->runRoute(Object(Illuminate/Http/Request), Object(Illuminate/Routing/Route))
#34 D:/xampp/htdocs/clinicms/vendor/laravel/framework/src/Illuminate/Routing/Router.php(737): Illuminate/Routing/Router->dispatchToRoute(Object(Illuminate/Http/Request))
#35 D:/xampp/htdocs/clinicms/vendor/laravel/framework/src/Illuminate/Foundation/Http/Kernel.php(200): Illuminate/Routing/Router->dispatch(Object(Illuminate/Http/Request))
#36 D:/xampp/htdocs/clinicms/vendor/laravel/framework/src/Illuminate/Pipeline/Pipeline.php(144): Illuminate/Foundation/Http/Kernel->Illuminate/Foundation/Http/{closure}(Object(Illuminate/Http/Request))
#37 D:/xampp/htdocs/clinicms/vendor/laravel/framework/src/Illuminate/Foundation/Http/Middleware/TransformsRequest.php(21): Illuminate/Pipeline/Pipeline->Illuminate/Pipeline/{closure}(Object(Illuminate/Http/Request))
#38 D:/xampp/htdocs/clinicms/vendor/laravel/framework/src/Illuminate/Foundation/Http/Middleware/ConvertEmptyStringsToNull.php(31): Illuminate/Foundation/Http/Middleware/TransformsRequest->handle(Object(Illuminate/Http/Request), Object(Closure))
#39 D:/xampp/htdocs/clinicms/vendor/laravel/framework/src/Illuminate/Pipeline/Pipeline.php(183): Illuminate/Foundation/Http/Middleware/ConvertEmptyStringsToNull->handle(Object(Illuminate/Http/Request), Object(Closure))
#40 D:/xampp/htdocs/clinicms/vendor/laravel/framework/src/Illuminate/Foundation/Http/Middleware/TransformsRequest.php(21): Illuminate/Pipeline/Pipeline->Illuminate/Pipeline/{closure}(Object(Illuminate/Http/Request))
#41 D:/xampp/htdocs/clinicms/vendor/laravel/framework/src/Illuminate/Foundation/Http/Middleware/TrimStrings.php(40): Illuminate/Foundation/Http/Middleware/TransformsRequest->handle(Object(Illuminate/Http/Request), Object(Closure))
#42 D:/xampp/htdocs/clinicms/vendor/laravel/framework/src/Illuminate/Pipeline/Pipeline.php(183): Illuminate/Foundation/Http/Middleware/TrimStrings->handle(Object(Illuminate/Http/Request), Object(Closure))
#43 D:/xampp/htdocs/clinicms/vendor/laravel/framework/src/Illuminate/Foundation/Http/Middleware/ValidatePostSize.php(27): Illuminate/Pipeline/Pipeline->Illuminate/Pipeline/{closure}(Object(Illuminate/Http/Request))
#44 D:/xampp/htdocs/clinicms/vendor/laravel/framework/src/Illuminate/Pipeline/Pipeline.php(183): Illuminate/Foundation/Http/Middleware/ValidatePostSize->handle(Object(Illuminate/Http/Request), Object(Closure))
#45 D:/xampp/htdocs/clinicms/vendor/laravel/framework/src/Illuminate/Http/Middleware/HandleCors.php(49): Illuminate/Pipeline/Pipeline->Illuminate/Pipeline/{closure}(Object(Illuminate/Http/Request))
#46 D:/xampp/htdocs/clinicms/vendor/laravel/framework/src/Illuminate/Pipeline/Pipeline.php(183): Illuminate/Http/Middleware/HandleCors->handle(Object(Illuminate/Http/Request), Object(Closure))
#47 D:/xampp/htdocs/clinicms/vendor/laravel/framework/src/Illuminate/Foundation/Http/Middleware/PreventRequestsDuringMaintenance.php(99): Illuminate/Pipeline/Pipeline->Illuminate/Pipeline/{closure}(Object(Illuminate/Http/Request))
#48 D:/xampp/htdocs/clinicms/vendor/laravel/framework/src/Illuminate/Pipeline/Pipeline.php(183): Illuminate/Foundation/Http/Middleware/PreventRequestsDuringMaintenance->handle(Object(Illuminate/Http/Request), Object(Closure))
#49 D:/xampp/htdocs/clinicms/vendor/laravel/framework/src/Illuminate/Pipeline/Pipeline.php(119): Illuminate/Pipeline/Pipeline->Illuminate/Pipeline/{closure}(Object(Illuminate/Http/Request))
#50 D:/xampp/htdocs/clinicms/vendor/laravel/framework/src/Illuminate/Foundation/Http/Kernel.php(175): Illuminate/Pipeline/Pipeline->then(Object(Closure))
#51 D:/xampp/htdocs/clinicms/vendor/laravel/framework/src/Illuminate/Foundation/Http/Kernel.php(144): Illuminate/Foundation/Http/Kernel->sendRequestThroughRouter(Object(Illuminate/Http/Request))
#52 D:/xampp/htdocs/clinicms/public/index.php(18): Illuminate/Foundation/Http/Kernel->handle(Object(Illuminate/Http/Request))
#53 {main}
"} 
[2026-09-27 18:11:49] local.ERROR: SQLSTATE[42S02]: Base table or view not found: 1146 Table 'clinicms.prescription_stock_allocations' doesn't exist (Connection: mysql, SQL: select * from `prescription_stock_allocations` where `prescription_item_id` in (select `id` from `prescription_items` where `prescription_id` = 66) order by `id` asc) {"userId":1,"exception":"[object] (Illuminate\\Database\\QueryException(code: 42S02): SQLSTATE[42S02]: Base table or view not found: 1146 Table 'clinicms.prescription_stock_allocations' doesn't exist (Connection: mysql, SQL: select * from `prescription_stock_allocations` where `prescription_item_id` in (select `id` from `prescription_items` where `prescription_id` = 66) order by `id` asc) at D:/xampp/htdocs/clinicms/vendor/laravel/framework/src/Illuminate/Database/Connection.php:829)
[stacktrace]
#0 D:/xampp/htdocs/clinicms/vendor/laravel/framework/src/Illuminate/Database/Connection.php(783): Illuminate/Database/Connection->runQueryCallback('select * from `...', Array, Object(Closure))
#1 D:/xampp/htdocs/clinicms/vendor/laravel/framework/src/Illuminate/Database/Connection.php(414): Illuminate/Database/Connection->run('select * from `...', Array, Object(Closure))
#2 D:/xampp/htdocs/clinicms/vendor/laravel/framework/src/Illuminate/Database/Query/Builder.php(2913): Illuminate/Database/Connection->select('select * from `...', Array, true)
#3 D:/xampp/htdocs/clinicms/vendor/laravel/framework/src/Illuminate/Database/Query/Builder.php(2902): Illuminate/Database/Query/Builder->runSelect()
#4 D:/xampp/htdocs/clinicms/vendor/laravel/framework/src/Illuminate/Database/Query/Builder.php(3456): Illuminate/Database/Query/Builder->Illuminate/Database/Query/{closure}()
#5 D:/xampp/htdocs/clinicms/vendor/laravel/framework/src/Illuminate/Database/Query/Builder.php(2901): Illuminate/Database/Query/Builder->onceWithColumns(Array, Object(Closure))
#6 D:/xampp/htdocs/clinicms/app/Services/PrescriptionEditor.php(28): Illuminate/Database/Query/Builder->get()
#7 D:/xampp/htdocs/clinicms/app/Http/Controllers/PrescriptionEditController.php(24): App/Services/PrescriptionEditor->snapshot(66)
#8 D:/xampp/htdocs/clinicms/vendor/laravel/framework/src/Illuminate/Database/Concerns/ManagesTransactions.php(30): App/Http/Controllers/PrescriptionEditController->App/Http/Controllers/{closure}(Object(Illuminate/Database/MySqlConnection))
#9 D:/xampp/htdocs/clinicms/vendor/laravel/framework/src/Illuminate/Database/DatabaseManager.php(509): Illuminate/Database/Connection->transaction(Object(Closure))
#10 D:/xampp/htdocs/clinicms/vendor/laravel/framework/src/Illuminate/Support/Facades/Facade.php(355): Illuminate/Database/DatabaseManager->__call('transaction', Array)
#11 D:/xampp/htdocs/clinicms/app/Http/Controllers/PrescriptionEditController.php(17): Illuminate/Support/Facades/Facade::__callStatic('transaction', Array)
#12 D:/xampp/htdocs/clinicms/vendor/laravel/framework/src/Illuminate/Routing/Controller.php(54): App/Http/Controllers/PrescriptionEditController->edit(Object(App/Models/Prescription), Object(App/Services/PrescriptionEditor))
#13 D:/xampp/htdocs/clinicms/vendor/laravel/framework/src/Illuminate/Routing/ControllerDispatcher.php(43): Illuminate/Routing/Controller->callAction('edit', Array)
#14 D:/xampp/htdocs/clinicms/vendor/laravel/framework/src/Illuminate/Routing/Route.php(259): Illuminate/Routing/ControllerDispatcher->dispatch(Object(Illuminate/Routing/Route), Object(App/Http/Controllers/PrescriptionEditController), 'edit')
#15 D:/xampp/htdocs/clinicms/vendor/laravel/framework/src/Illuminate/Routing/Route.php(205): Illuminate/Routing/Route->runController()
#16 D:/xampp/htdocs/clinicms/vendor/laravel/framework/src/Illuminate/Routing/Router.php(806): Illuminate/Routing/Route->run()
#17 D:/xampp/htdocs/clinicms/vendor/laravel/framework/src/Illuminate/Pipeline/Pipeline.php(144): Illuminate/Routing/Router->Illuminate/Routing/{closure}(Object(Illuminate/Http/Request))
#18 D:/xampp/htdocs/clinicms/vendor/laravel/framework/src/Illuminate/Routing/Middleware/SubstituteBindings.php(50): Illuminate/Pipeline/Pipeline->Illuminate/Pipeline/{closure}(Object(Illuminate/Http/Request))
#19 D:/xampp/htdocs/clinicms/vendor/laravel/framework/src/Illuminate/Pipeline/Pipeline.php(183): Illuminate/Routing/Middleware/SubstituteBindings->handle(Object(Illuminate/Http/Request), Object(Closure))
#20 D:/xampp/htdocs/clinicms/vendor/laravel/framework/src/Illuminate/Auth/Middleware/Authenticate.php(57): Illuminate/Pipeline/Pipeline->Illuminate/Pipeline/{closure}(Object(Illuminate/Http/Request))
#21 D:/xampp/htdocs/clinicms/vendor/laravel/framework/src/Illuminate/Pipeline/Pipeline.php(183): Illuminate/Auth/Middleware/Authenticate->handle(Object(Illuminate/Http/Request), Object(Closure))
#22 D:/xampp/htdocs/clinicms/vendor/laravel/framework/src/Illuminate/Foundation/Http/Middleware/VerifyCsrfToken.php(78): Illuminate/Pipeline/Pipeline->Illuminate/Pipeline/{closure}(Object(Illuminate/Http/Request))
#23 D:/xampp/htdocs/clinicms/vendor/laravel/framework/src/Illuminate/Pipeline/Pipeline.php(183): Illuminate/Foundation/Http/Middleware/VerifyCsrfToken->handle(Object(Illuminate/Http/Request), Object(Closure))
#24 D:/xampp/htdocs/clinicms/vendor/laravel/framework/src/Illuminate/View/Middleware/ShareErrorsFromSession.php(49): Illuminate/Pipeline/Pipeline->Illuminate/Pipeline/{closure}(Object(Illuminate/Http/Request))
#25 D:/xampp/htdocs/clinicms/vendor/laravel/framework/src/Illuminate/Pipeline/Pipeline.php(183): Illuminate/View/Middleware/ShareErrorsFromSession->handle(Object(Illuminate/Http/Request), Object(Closure))
#26 D:/xampp/htdocs/clinicms/vendor/laravel/framework/src/Illuminate/Session/Middleware/StartSession.php(121): Illuminate/Pipeline/Pipeline->Illuminate/Pipeline/{closure}(Object(Illuminate/Http/Request))
#27 D:/xampp/htdocs/clinicms/vendor/laravel/framework/src/Illuminate/Session/Middleware/StartSession.php(64): Illuminate/Session/Middleware/StartSession->handleStatefulRequest(Object(Illuminate/Http/Request), Object(Illuminate/Session/Store), Object(Closure))
#28 D:/xampp/htdocs/clinicms/vendor/laravel/framework/src/Illuminate/Pipeline/Pipeline.php(183): Illuminate/Session/Middleware/StartSession->handle(Object(Illuminate/Http/Request), Object(Closure))
#29 D:/xampp/htdocs/clinicms/vendor/laravel/framework/src/Illuminate/Cookie/Middleware/AddQueuedCookiesToResponse.php(37): Illuminate/Pipeline/Pipeline->Illuminate/Pipeline/{closure}(Object(Illuminate/Http/Request))
#30 D:/xampp/htdocs/clinicms/vendor/laravel/framework/src/Illuminate/Pipeline/Pipeline.php(183): Illuminate/Cookie/Middleware/AddQueuedCookiesToResponse->handle(Object(Illuminate/Http/Request), Object(Closure))
#31 D:/xampp/htdocs/clinicms/vendor/laravel/framework/src/Illuminate/Cookie/Middleware/EncryptCookies.php(67): Illuminate/Pipeline/Pipeline->Illuminate/Pipeline/{closure}(Object(Illuminate/Http/Request))
#32 D:/xampp/htdocs/clinicms/vendor/laravel/framework/src/Illuminate/Pipeline/Pipeline.php(183): Illuminate/Cookie/Middleware/EncryptCookies->handle(Object(Illuminate/Http/Request), Object(Closure))
#33 D:/xampp/htdocs/clinicms/vendor/laravel/framework/src/Illuminate/Pipeline/Pipeline.php(119): Illuminate/Pipeline/Pipeline->Illuminate/Pipeline/{closure}(Object(Illuminate/Http/Request))
#34 D:/xampp/htdocs/clinicms/vendor/laravel/framework/src/Illuminate/Routing/Router.php(805): Illuminate/Pipeline/Pipeline->then(Object(Closure))
#35 D:/xampp/htdocs/clinicms/vendor/laravel/framework/src/Illuminate/Routing/Router.php(784): Illuminate/Routing/Router->runRouteWithinStack(Object(Illuminate/Routing/Route), Object(Illuminate/Http/Request))
#36 D:/xampp/htdocs/clinicms/vendor/laravel/framework/src/Illuminate/Routing/Router.php(748): Illuminate/Routing/Router->runRoute(Object(Illuminate/Http/Request), Object(Illuminate/Routing/Route))
#37 D:/xampp/htdocs/clinicms/vendor/laravel/framework/src/Illuminate/Routing/Router.php(737): Illuminate/Routing/Router->dispatchToRoute(Object(Illuminate/Http/Request))
#38 D:/xampp/htdocs/clinicms/vendor/laravel/framework/src/Illuminate/Foundation/Http/Kernel.php(200): Illuminate/Routing/Router->dispatch(Object(Illuminate/Http/Request))
#39 D:/xampp/htdocs/clinicms/vendor/laravel/framework/src/Illuminate/Pipeline/Pipeline.php(144): Illuminate/Foundation/Http/Kernel->Illuminate/Foundation/Http/{closure}(Object(Illuminate/Http/Request))
#40 D:/xampp/htdocs/clinicms/vendor/laravel/framework/src/Illuminate/Foundation/Http/Middleware/TransformsRequest.php(21): Illuminate/Pipeline/Pipeline->Illuminate/Pipeline/{closure}(Object(Illuminate/Http/Request))
#41 D:/xampp/htdocs/clinicms/vendor/laravel/framework/src/Illuminate/Foundation/Http/Middleware/ConvertEmptyStringsToNull.php(31): Illuminate/Foundation/Http/Middleware/TransformsRequest->handle(Object(Illuminate/Http/Request), Object(Closure))
#42 D:/xampp/htdocs/clinicms/vendor/laravel/framework/src/Illuminate/Pipeline/Pipeline.php(183): Illuminate/Foundation/Http/Middleware/ConvertEmptyStringsToNull->handle(Object(Illuminate/Http/Request), Object(Closure))
#43 D:/xampp/htdocs/clinicms/vendor/laravel/framework/src/Illuminate/Foundation/Http/Middleware/TransformsRequest.php(21): Illuminate/Pipeline/Pipeline->Illuminate/Pipeline/{closure}(Object(Illuminate/Http/Request))
#44 D:/xampp/htdocs/clinicms/vendor/laravel/framework/src/Illuminate/Foundation/Http/Middleware/TrimStrings.php(40): Illuminate/Foundation/Http/Middleware/TransformsRequest->handle(Object(Illuminate/Http/Request), Object(Closure))
#45 D:/xampp/htdocs/clinicms/vendor/laravel/framework/src/Illuminate/Pipeline/Pipeline.php(183): Illuminate/Foundation/Http/Middleware/TrimStrings->handle(Object(Illuminate/Http/Request), Object(Closure))
#46 D:/xampp/htdocs/clinicms/vendor/laravel/framework/src/Illuminate/Foundation/Http/Middleware/ValidatePostSize.php(27): Illuminate/Pipeline/Pipeline->Illuminate/Pipeline/{closure}(Object(Illuminate/Http/Request))
#47 D:/xampp/htdocs/clinicms/vendor/laravel/framework/src/Illuminate/Pipeline/Pipeline.php(183): Illuminate/Foundation/Http/Middleware/ValidatePostSize->handle(Object(Illuminate/Http/Request), Object(Closure))
#48 D:/xampp/htdocs/clinicms/vendor/laravel/framework/src/Illuminate/Http/Middleware/HandleCors.php(49): Illuminate/Pipeline/Pipeline->Illuminate/Pipeline/{closure}(Object(Illuminate/Http/Request))
#49 D:/xampp/htdocs/clinicms/vendor/laravel/framework/src/Illuminate/Pipeline/Pipeline.php(183): Illuminate/Http/Middleware/HandleCors->handle(Object(Illuminate/Http/Request), Object(Closure))
#50 D:/xampp/htdocs/clinicms/vendor/laravel/framework/src/Illuminate/Foundation/Http/Middleware/PreventRequestsDuringMaintenance.php(99): Illuminate/Pipeline/Pipeline->Illuminate/Pipeline/{closure}(Object(Illuminate/Http/Request))
#51 D:/xampp/htdocs/clinicms/vendor/laravel/framework/src/Illuminate/Pipeline/Pipeline.php(183): Illuminate/Foundation/Http/Middleware/PreventRequestsDuringMaintenance->handle(Object(Illuminate/Http/Request), Object(Closure))
#52 D:/xampp/htdocs/clinicms/vendor/laravel/framework/src/Illuminate/Pipeline/Pipeline.php(119): Illuminate/Pipeline/Pipeline->Illuminate/Pipeline/{closure}(Object(Illuminate/Http/Request))
#53 D:/xampp/htdocs/clinicms/vendor/laravel/framework/src/Illuminate/Foundation/Http/Kernel.php(175): Illuminate/Pipeline/Pipeline->then(Object(Closure))
#54 D:/xampp/htdocs/clinicms/vendor/laravel/framework/src/Illuminate/Foundation/Http/Kernel.php(144): Illuminate/Foundation/Http/Kernel->sendRequestThroughRouter(Object(Illuminate/Http/Request))
#55 D:/xampp/htdocs/clinicms/public/index.php(18): Illuminate/Foundation/Http/Kernel->handle(Object(Illuminate/Http/Request))
#56 {main}

[previous exception] [object] (PDOException(code: 42S02): SQLSTATE[42S02]: Base table or view not found: 1146 Table 'clinicms.prescription_stock_allocations' doesn't exist at D:/xampp/htdocs/clinicms/vendor/laravel/framework/src/Illuminate/Database/Connection.php:423)
[stacktrace]
#0 D:/xampp/htdocs/clinicms/vendor/laravel/framework/src/Illuminate/Database/Connection.php(423): PDO->prepare('select * from `...')
#1 D:/xampp/htdocs/clinicms/vendor/laravel/framework/src/Illuminate/Database/Connection.php(816): Illuminate/Database/Connection->Illuminate/Database/{closure}('select * from `...', Array)
#2 D:/xampp/htdocs/clinicms/vendor/laravel/framework/src/Illuminate/Database/Connection.php(783): Illuminate/Database/Connection->runQueryCallback('select * from `...', Array, Object(Closure))
#3 D:/xampp/htdocs/clinicms/vendor/laravel/framework/src/Illuminate/Database/Connection.php(414): Illuminate/Database/Connection->run('select * from `...', Array, Object(Closure))
#4 D:/xampp/htdocs/clinicms/vendor/laravel/framework/src/Illuminate/Database/Query/Builder.php(2913): Illuminate/Database/Connection->select('select * from `...', Array, true)
#5 D:/xampp/htdocs/clinicms/vendor/laravel/framework/src/Illuminate/Database/Query/Builder.php(2902): Illuminate/Database/Query/Builder->runSelect()
#6 D:/xampp/htdocs/clinicms/vendor/laravel/framework/src/Illuminate/Database/Query/Builder.php(3456): Illuminate/Database/Query/Builder->Illuminate/Database/Query/{closure}()
#7 D:/xampp/htdocs/clinicms/vendor/laravel/framework/src/Illuminate/Database/Query/Builder.php(2901): Illuminate/Database/Query/Builder->onceWithColumns(Array, Object(Closure))
#8 D:/xampp/htdocs/clinicms/app/Services/PrescriptionEditor.php(28): Illuminate/Database/Query/Builder->get()
#9 D:/xampp/htdocs/clinicms/app/Http/Controllers/PrescriptionEditController.php(24): App/Services/PrescriptionEditor->snapshot(66)
#10 D:/xampp/htdocs/clinicms/vendor/laravel/framework/src/Illuminate/Database/Concerns/ManagesTransactions.php(30): App/Http/Controllers/PrescriptionEditController->App/Http/Controllers/{closure}(Object(Illuminate/Database/MySqlConnection))
#11 D:/xampp/htdocs/clinicms/vendor/laravel/framework/src/Illuminate/Database/DatabaseManager.php(509): Illuminate/Database/Connection->transaction(Object(Closure))
#12 D:/xampp/htdocs/clinicms/vendor/laravel/framework/src/Illuminate/Support/Facades/Facade.php(355): Illuminate/Database/DatabaseManager->__call('transaction', Array)
#13 D:/xampp/htdocs/clinicms/app/Http/Controllers/PrescriptionEditController.php(17): Illuminate/Support/Facades/Facade::__callStatic('transaction', Array)
#14 D:/xampp/htdocs/clinicms/vendor/laravel/framework/src/Illuminate/Routing/Controller.php(54): App/Http/Controllers/PrescriptionEditController->edit(Object(App/Models/Prescription), Object(App/Services/PrescriptionEditor))
#15 D:/xampp/htdocs/clinicms/vendor/laravel/framework/src/Illuminate/Routing/ControllerDispatcher.php(43): Illuminate/Routing/Controller->callAction('edit', Array)
#16 D:/xampp/htdocs/clinicms/vendor/laravel/framework/src/Illuminate/Routing/Route.php(259): Illuminate/Routing/ControllerDispatcher->dispatch(Object(Illuminate/Routing/Route), Object(App/Http/Controllers/PrescriptionEditController), 'edit')
#17 D:/xampp/htdocs/clinicms/vendor/laravel/framework/src/Illuminate/Routing/Route.php(205): Illuminate/Routing/Route->runController()
#18 D:/xampp/htdocs/clinicms/vendor/laravel/framework/src/Illuminate/Routing/Router.php(806): Illuminate/Routing/Route->run()
#19 D:/xampp/htdocs/clinicms/vendor/laravel/framework/src/Illuminate/Pipeline/Pipeline.php(144): Illuminate/Routing/Router->Illuminate/Routing/{closure}(Object(Illuminate/Http/Request))
#20 D:/xampp/htdocs/clinicms/vendor/laravel/framework/src/Illuminate/Routing/Middleware/SubstituteBindings.php(50): Illuminate/Pipeline/Pipeline->Illuminate/Pipeline/{closure}(Object(Illuminate/Http/Request))
#21 D:/xampp/htdocs/clinicms/vendor/laravel/framework/src/Illuminate/Pipeline/Pipeline.php(183): Illuminate/Routing/Middleware/SubstituteBindings->handle(Object(Illuminate/Http/Request), Object(Closure))
#22 D:/xampp/htdocs/clinicms/vendor/laravel/framework/src/Illuminate/Auth/Middleware/Authenticate.php(57): Illuminate/Pipeline/Pipeline->Illuminate/Pipeline/{closure}(Object(Illuminate/Http/Request))
#23 D:/xampp/htdocs/clinicms/vendor/laravel/framework/src/Illuminate/Pipeline/Pipeline.php(183): Illuminate/Auth/Middleware/Authenticate->handle(Object(Illuminate/Http/Request), Object(Closure))
#24 D:/xampp/htdocs/clinicms/vendor/laravel/framework/src/Illuminate/Foundation/Http/Middleware/VerifyCsrfToken.php(78): Illuminate/Pipeline/Pipeline->Illuminate/Pipeline/{closure}(Object(Illuminate/Http/Request))
#25 D:/xampp/htdocs/clinicms/vendor/laravel/framework/src/Illuminate/Pipeline/Pipeline.php(183): Illuminate/Foundation/Http/Middleware/VerifyCsrfToken->handle(Object(Illuminate/Http/Request), Object(Closure))
#26 D:/xampp/htdocs/clinicms/vendor/laravel/framework/src/Illuminate/View/Middleware/ShareErrorsFromSession.php(49): Illuminate/Pipeline/Pipeline->Illuminate/Pipeline/{closure}(Object(Illuminate/Http/Request))
#27 D:/xampp/htdocs/clinicms/vendor/laravel/framework/src/Illuminate/Pipeline/Pipeline.php(183): Illuminate/View/Middleware/ShareErrorsFromSession->handle(Object(Illuminate/Http/Request), Object(Closure))
#28 D:/xampp/htdocs/clinicms/vendor/laravel/framework/src/Illuminate/Session/Middleware/StartSession.php(121): Illuminate/Pipeline/Pipeline->Illuminate/Pipeline/{closure}(Object(Illuminate/Http/Request))
#29 D:/xampp/htdocs/clinicms/vendor/laravel/framework/src/Illuminate/Session/Middleware/StartSession.php(64): Illuminate/Session/Middleware/StartSession->handleStatefulRequest(Object(Illuminate/Http/Request), Object(Illuminate/Session/Store), Object(Closure))
#30 D:/xampp/htdocs/clinicms/vendor/laravel/framework/src/Illuminate/Pipeline/Pipeline.php(183): Illuminate/Session/Middleware/StartSession->handle(Object(Illuminate/Http/Request), Object(Closure))
#31 D:/xampp/htdocs/clinicms/vendor/laravel/framework/src/Illuminate/Cookie/Middleware/AddQueuedCookiesToResponse.php(37): Illuminate/Pipeline/Pipeline->Illuminate/Pipeline/{closure}(Object(Illuminate/Http/Request))
#32 D:/xampp/htdocs/clinicms/vendor/laravel/framework/src/Illuminate/Pipeline/Pipeline.php(183): Illuminate/Cookie/Middleware/AddQueuedCookiesToResponse->handle(Object(Illuminate/Http/Request), Object(Closure))
#33 D:/xampp/htdocs/clinicms/vendor/laravel/framework/src/Illuminate/Cookie/Middleware/EncryptCookies.php(67): Illuminate/Pipeline/Pipeline->Illuminate/Pipeline/{closure}(Object(Illuminate/Http/Request))
#34 D:/xampp/htdocs/clinicms/vendor/laravel/framework/src/Illuminate/Pipeline/Pipeline.php(183): Illuminate/Cookie/Middleware/EncryptCookies->handle(Object(Illuminate/Http/Request), Object(Closure))
#35 D:/xampp/htdocs/clinicms/vendor/laravel/framework/src/Illuminate/Pipeline/Pipeline.php(119): Illuminate/Pipeline/Pipeline->Illuminate/Pipeline/{closure}(Object(Illuminate/Http/Request))
#36 D:/xampp/htdocs/clinicms/vendor/laravel/framework/src/Illuminate/Routing/Router.php(805): Illuminate/Pipeline/Pipeline->then(Object(Closure))
#37 D:/xampp/htdocs/clinicms/vendor/laravel/framework/src/Illuminate/Routing/Router.php(784): Illuminate/Routing/Router->runRouteWithinStack(Object(Illuminate/Routing/Route), Object(Illuminate/Http/Request))
#38 D:/xampp/htdocs/clinicms/vendor/laravel/framework/src/Illuminate/Routing/Router.php(748): Illuminate/Routing/Router->runRoute(Object(Illuminate/Http/Request), Object(Illuminate/Routing/Route))
#39 D:/xampp/htdocs/clinicms/vendor/laravel/framework/src/Illuminate/Routing/Router.php(737): Illuminate/Routing/Router->dispatchToRoute(Object(Illuminate/Http/Request))
#40 D:/xampp/htdocs/clinicms/vendor/laravel/framework/src/Illuminate/Foundation/Http/Kernel.php(200): Illuminate/Routing/Router->dispatch(Object(Illuminate/Http/Request))
#41 D:/xampp/htdocs/clinicms/vendor/laravel/framework/src/Illuminate/Pipeline/Pipeline.php(144): Illuminate/Foundation/Http/Kernel->Illuminate/Foundation/Http/{closure}(Object(Illuminate/Http/Request))
#42 D:/xampp/htdocs/clinicms/vendor/laravel/framework/src/Illuminate/Foundation/Http/Middleware/TransformsRequest.php(21): Illuminate/Pipeline/Pipeline->Illuminate/Pipeline/{closure}(Object(Illuminate/Http/Request))
#43 D:/xampp/htdocs/clinicms/vendor/laravel/framework/src/Illuminate/Foundation/Http/Middleware/ConvertEmptyStringsToNull.php(31): Illuminate/Foundation/Http/Middleware/TransformsRequest->handle(Object(Illuminate/Http/Request), Object(Closure))
#44 D:/xampp/htdocs/clinicms/vendor/laravel/framework/src/Illuminate/Pipeline/Pipeline.php(183): Illuminate/Foundation/Http/Middleware/ConvertEmptyStringsToNull->handle(Object(Illuminate/Http/Request), Object(Closure))
#45 D:/xampp/htdocs/clinicms/vendor/laravel/framework/src/Illuminate/Foundation/Http/Middleware/TransformsRequest.php(21): Illuminate/Pipeline/Pipeline->Illuminate/Pipeline/{closure}(Object(Illuminate/Http/Request))
#46 D:/xampp/htdocs/clinicms/vendor/laravel/framework/src/Illuminate/Foundation/Http/Middleware/TrimStrings.php(40): Illuminate/Foundation/Http/Middleware/TransformsRequest->handle(Object(Illuminate/Http/Request), Object(Closure))
#47 D:/xampp/htdocs/clinicms/vendor/laravel/framework/src/Illuminate/Pipeline/Pipeline.php(183): Illuminate/Foundation/Http/Middleware/TrimStrings->handle(Object(Illuminate/Http/Request), Object(Closure))
#48 D:/xampp/htdocs/clinicms/vendor/laravel/framework/src/Illuminate/Foundation/Http/Middleware/ValidatePostSize.php(27): Illuminate/Pipeline/Pipeline->Illuminate/Pipeline/{closure}(Object(Illuminate/Http/Request))
#49 D:/xampp/htdocs/clinicms/vendor/laravel/framework/src/Illuminate/Pipeline/Pipeline.php(183): Illuminate/Foundation/Http/Middleware/ValidatePostSize->handle(Object(Illuminate/Http/Request), Object(Closure))
#50 D:/xampp/htdocs/clinicms/vendor/laravel/framework/src/Illuminate/Http/Middleware/HandleCors.php(49): Illuminate/Pipeline/Pipeline->Illuminate/Pipeline/{closure}(Object(Illuminate/Http/Request))
#51 D:/xampp/htdocs/clinicms/vendor/laravel/framework/src/Illuminate/Pipeline/Pipeline.php(183): Illuminate/Http/Middleware/HandleCors->handle(Object(Illuminate/Http/Request), Object(Closure))
#52 D:/xampp/htdocs/clinicms/vendor/laravel/framework/src/Illuminate/Foundation/Http/Middleware/PreventRequestsDuringMaintenance.php(99): Illuminate/Pipeline/Pipeline->Illuminate/Pipeline/{closure}(Object(Illuminate/Http/Request))
#53 D:/xampp/htdocs/clinicms/vendor/laravel/framework/src/Illuminate/Pipeline/Pipeline.php(183): Illuminate/Foundation/Http/Middleware/PreventRequestsDuringMaintenance->handle(Object(Illuminate/Http/Request), Object(Closure))
#54 D:/xampp/htdocs/clinicms/vendor/laravel/framework/src/Illuminate/Pipeline/Pipeline.php(119): Illuminate/Pipeline/Pipeline->Illuminate/Pipeline/{closure}(Object(Illuminate/Http/Request))
#55 D:/xampp/htdocs/clinicms/vendor/laravel/framework/src/Illuminate/Foundation/Http/Kernel.php(175): Illuminate/Pipeline/Pipeline->then(Object(Closure))
#56 D:/xampp/htdocs/clinicms/vendor/laravel/framework/src/Illuminate/Foundation/Http/Kernel.php(144): Illuminate/Foundation/Http/Kernel->sendRequestThroughRouter(Object(Illuminate/Http/Request))
#57 D:/xampp/htdocs/clinicms/public/index.php(18): Illuminate/Foundation/Http/Kernel->handle(Object(Illuminate/Http/Request))
#58 {main}
"} 
[2026-09-27 19:02:45] local.ERROR: Undefined variable $patients {"view":{"view":"D:\\xampp\\htdocs\\clinicms\\resources\\views\\prescriptions\\edit.blade.php","data":{"errors":"<pre class=sf-dump id=sf-dump-1469394557 data-indent-pad=\"  \"><span class=sf-dump-note>Illuminate\\Support\\ViewErrorBag</span> {<a class=sf-dump-ref>#1135</a><samp data-depth=1 class=sf-dump-expanded>
  #<span class=sf-dump-protected title=\"Protected property\">bags</span>: []
</samp>}
</pre><script>Sfdump(\"sf-dump-1469394557\", {\"maxDepth\":3,\"maxStringLength\":160})</script>
","prescription":"<pre class=sf-dump id=sf-dump-1441457474 data-indent-pad=\"  \"><span class=sf-dump-note>App\\Models\\Prescription</span> {<a class=sf-dump-ref>#1170</a><samp data-depth=1 class=sf-dump-expanded>
  #<span class=sf-dump-protected title=\"Protected property\">connection</span>: \"<span class=sf-dump-str title=\"5 characters\">mysql</span>\"
  #<span class=sf-dump-protected title=\"Protected property\">table</span>: \"<span class=sf-dump-str title=\"13 characters\">prescriptions</span>\"
  #<span class=sf-dump-protected title=\"Protected property\">primaryKey</span>: \"<span class=sf-dump-str title=\"2 characters\">id</span>\"
  #<span class=sf-dump-protected title=\"Protected property\">keyType</span>: \"<span class=sf-dump-str title=\"3 characters\">int</span>\"
  +<span class=sf-dump-public title=\"Public property\">incrementing</span>: <span class=sf-dump-const>true</span>
  #<span class=sf-dump-protected title=\"Protected property\">with</span>: []
  #<span class=sf-dump-protected title=\"Protected property\">withCount</span>: []
  +<span class=sf-dump-public title=\"Public property\">preventsLazyLoading</span>: <span class=sf-dump-const>false</span>
  #<span class=sf-dump-protected title=\"Protected property\">perPage</span>: <span class=sf-dump-num>15</span>
  +<span class=sf-dump-public title=\"Public property\">exists</span>: <span class=sf-dump-const>true</span>
  +<span class=sf-dump-public title=\"Public property\">wasRecentlyCreated</span>: <span class=sf-dump-const>false</span>
  #<span class=sf-dump-protected title=\"Protected property\">escapeWhenCastingToString</span>: <span class=sf-dump-const>false</span>
  #<span class=sf-dump-protected title=\"Protected property\">attributes</span>: <span class=sf-dump-note>array:32</span> [<samp data-depth=2 class=sf-dump-compact>
    \"<span class=sf-dump-key>id</span>\" => <span class=sf-dump-num>66</span>
    \"<span class=sf-dump-key>prescription_number</span>\" => \"<span class=sf-dump-str title=\"14 characters\">RX-20260926-01</span>\"
    \"<span class=sf-dump-key>patient_id</span>\" => <span class=sf-dump-num>16</span>
    \"<span class=sf-dump-key>doctor_id</span>\" => <span class=sf-dump-const>null</span>
    \"<span class=sf-dump-key>ready_treatment_id</span>\" => <span class=sf-dump-const>null</span>
    \"<span class=sf-dump-key>prescription_date</span>\" => \"<span class=sf-dump-str title=\"10 characters\">2026-09-26</span>\"
    \"<span class=sf-dump-key>status</span>\" => \"<span class=sf-dump-str title=\"6 characters\">active</span>\"
    \"<span class=sf-dump-key>sale_status</span>\" => \"<span class=sf-dump-str title=\"6 characters\">unsold</span>\"
    \"<span class=sf-dump-key>patient_name</span>\" => <span class=sf-dump-const>null</span>
    \"<span class=sf-dump-key>patient_age</span>\" => <span class=sf-dump-const>null</span>
    \"<span class=sf-dump-key>patient_phone</span>\" => <span class=sf-dump-const>null</span>
    \"<span class=sf-dump-key>patient_code</span>\" => <span class=sf-dump-const>null</span>
    \"<span class=sf-dump-key>medicine_cost</span>\" => \"<span class=sf-dump-str title=\"6 characters\">120.00</span>\"
    \"<span class=sf-dump-key>doctor_fee</span>\" => \"<span class=sf-dump-str title=\"6 characters\">250.00</span>\"
    \"<span class=sf-dump-key>radiology_cost</span>\" => \"<span class=sf-dump-str title=\"4 characters\">0.00</span>\"
    \"<span class=sf-dump-key>discount</span>\" => \"<span class=sf-dump-str title=\"4 characters\">0.00</span>\"
    \"<span class=sf-dump-key>tax</span>\" => \"<span class=sf-dump-str title=\"4 characters\">0.00</span>\"
    \"<span class=sf-dump-key>total_fee</span>\" => \"<span class=sf-dump-str title=\"6 characters\">370.00</span>\"
    \"<span class=sf-dump-key>paid_amount</span>\" => \"<span class=sf-dump-str title=\"4 characters\">0.00</span>\"
    \"<span class=sf-dump-key>due_amount</span>\" => \"<span class=sf-dump-str title=\"4 characters\">0.00</span>\"
    \"<span class=sf-dump-key>payment_status</span>\" => \"<span class=sf-dump-str title=\"7 characters\">pending</span>\"
    \"<span class=sf-dump-key>payment_method</span>\" => <span class=sf-dump-const>null</span>
    \"<span class=sf-dump-key>diagnosis</span>\" => <span class=sf-dump-const>null</span>
    \"<span class=sf-dump-key>lab_workup</span>\" => <span class=sf-dump-const>null</span>
    \"<span class=sf-dump-key>precautions</span>\" => <span class=sf-dump-const>null</span>
    \"<span class=sf-dump-key>physiotherapy</span>\" => <span class=sf-dump-const>null</span>
    \"<span class=sf-dump-key>notes</span>\" => <span class=sf-dump-const>null</span>
    \"<span class=sf-dump-key>next_visit</span>\" => <span class=sf-dump-const>null</span>
    \"<span class=sf-dump-key>is_printed</span>\" => <span class=sf-dump-num>0</span>
    \"<span class=sf-dump-key>created_by</span>\" => <span class=sf-dump-num>1</span>
    \"<span class=sf-dump-key>created_at</span>\" => \"<span class=sf-dump-str title=\"19 characters\">2026-09-26 19:14:45</span>\"
    \"<span class=sf-dump-key>updated_at</span>\" => \"<span class=sf-dump-str title=\"19 characters\">2026-09-26 19:14:45</span>\"
  </samp>]
  #<span class=sf-dump-protected title=\"Protected property\">original</span>: <span class=sf-dump-note>array:32</span> [<samp data-depth=2 class=sf-dump-compact>
    \"<span class=sf-dump-key>id</span>\" => <span class=sf-dump-num>66</span>
    \"<span class=sf-dump-key>prescription_number</span>\" => \"<span class=sf-dump-str title=\"14 characters\">RX-20260926-01</span>\"
    \"<span class=sf-dump-key>patient_id</span>\" => <span class=sf-dump-num>16</span>
    \"<span class=sf-dump-key>doctor_id</span>\" => <span class=sf-dump-const>null</span>
    \"<span class=sf-dump-key>ready_treatment_id</span>\" => <span class=sf-dump-const>null</span>
    \"<span class=sf-dump-key>prescription_date</span>\" => \"<span class=sf-dump-str title=\"10 characters\">2026-09-26</span>\"
    \"<span class=sf-dump-key>status</span>\" => \"<span class=sf-dump-str title=\"6 characters\">active</span>\"
    \"<span class=sf-dump-key>sale_status</span>\" => \"<span class=sf-dump-str title=\"6 characters\">unsold</span>\"
    \"<span class=sf-dump-key>patient_name</span>\" => <span class=sf-dump-const>null</span>
    \"<span class=sf-dump-key>patient_age</span>\" => <span class=sf-dump-const>null</span>
    \"<span class=sf-dump-key>patient_phone</span>\" => <span class=sf-dump-const>null</span>
    \"<span class=sf-dump-key>patient_code</span>\" => <span class=sf-dump-const>null</span>
    \"<span class=sf-dump-key>medicine_cost</span>\" => \"<span class=sf-dump-str title=\"6 characters\">120.00</span>\"
    \"<span class=sf-dump-key>doctor_fee</span>\" => \"<span class=sf-dump-str title=\"6 characters\">250.00</span>\"
    \"<span class=sf-dump-key>radiology_cost</span>\" => \"<span class=sf-dump-str title=\"4 characters\">0.00</span>\"
    \"<span class=sf-dump-key>discount</span>\" => \"<span class=sf-dump-str title=\"4 characters\">0.00</span>\"
    \"<span class=sf-dump-key>tax</span>\" => \"<span class=sf-dump-str title=\"4 characters\">0.00</span>\"
    \"<span class=sf-dump-key>total_fee</span>\" => \"<span class=sf-dump-str title=\"6 characters\">370.00</span>\"
    \"<span class=sf-dump-key>paid_amount</span>\" => \"<span class=sf-dump-str title=\"4 characters\">0.00</span>\"
    \"<span class=sf-dump-key>due_amount</span>\" => \"<span class=sf-dump-str title=\"4 characters\">0.00</span>\"
    \"<span class=sf-dump-key>payment_status</span>\" => \"<span class=sf-dump-str title=\"7 characters\">pending</span>\"
    \"<span class=sf-dump-key>payment_method</span>\" => <span class=sf-dump-const>null</span>
    \"<span class=sf-dump-key>diagnosis</span>\" => <span class=sf-dump-const>null</span>
    \"<span class=sf-dump-key>lab_workup</span>\" => <span class=sf-dump-const>null</span>
    \"<span class=sf-dump-key>precautions</span>\" => <span class=sf-dump-const>null</span>
    \"<span class=sf-dump-key>physiotherapy</span>\" => <span class=sf-dump-const>null</span>
    \"<span class=sf-dump-key>notes</span>\" => <span class=sf-dump-const>null</span>
    \"<span class=sf-dump-key>next_visit</span>\" => <span class=sf-dump-const>null</span>
    \"<span class=sf-dump-key>is_printed</span>\" => <span class=sf-dump-num>0</span>
    \"<span class=sf-dump-key>created_by</span>\" => <span class=sf-dump-num>1</span>
    \"<span class=sf-dump-key>created_at</span>\" => \"<span class=sf-dump-str title=\"19 characters\">2026-09-26 19:14:45</span>\"
    \"<span class=sf-dump-key>updated_at</span>\" => \"<span class=sf-dump-str title=\"19 characters\">2026-09-26 19:14:45</span>\"
  </samp>]
  #<span class=sf-dump-protected title=\"Protected property\">changes</span>: []
  #<span class=sf-dump-protected title=\"Protected property\">casts</span>: <span class=sf-dump-note>array:10</span> [<samp data-depth=2 class=sf-dump-compact>
    \"<span class=sf-dump-key>prescription_date</span>\" => \"<span class=sf-dump-str title=\"4 characters\">date</span>\"
    \"<span class=sf-dump-key>medicine_cost</span>\" => \"<span class=sf-dump-str title=\"5 characters\">float</span>\"
    \"<span class=sf-dump-key>doctor_fee</span>\" => \"<span class=sf-dump-str title=\"5 characters\">float</span>\"
    \"<span class=sf-dump-key>radiology_cost</span>\" => \"<span class=sf-dump-str title=\"5 characters\">float</span>\"
    \"<span class=sf-dump-key>discount</span>\" => \"<span class=sf-dump-str title=\"5 characters\">float</span>\"
    \"<span class=sf-dump-key>tax</span>\" => \"<span class=sf-dump-str title=\"5 characters\">float</span>\"
    \"<span class=sf-dump-key>total_fee</span>\" => \"<span class=sf-dump-str title=\"5 characters\">float</span>\"
    \"<span class=sf-dump-key>paid_amount</span>\" => \"<span class=sf-dump-str title=\"5 characters\">float</span>\"
    \"<span class=sf-dump-key>due_amount</span>\" => \"<span class=sf-dump-str title=\"5 characters\">float</span>\"
    \"<span class=sf-dump-key>is_printed</span>\" => \"<span class=sf-dump-str title=\"7 characters\">boolean</span>\"
  </samp>]
  #<span class=sf-dump-protected title=\"Protected property\">classCastCache</span>: []
  #<span class=sf-dump-protected title=\"Protected property\">attributeCastCache</span>: []
  #<span class=sf-dump-protected title=\"Protected property\">dateFormat</span>: <span class=sf-dump-const>null</span>
  #<span class=sf-dump-protected title=\"Protected property\">appends</span>: []
  #<span class=sf-dump-protected title=\"Protected property\">dispatchesEvents</span>: []
  #<span class=sf-dump-protected title=\"Protected property\">observables</span>: []
  #<span class=sf-dump-protected title=\"Protected property\">relations</span>: []
  #<span class=sf-dump-protected title=\"Protected property\">touches</span>: []
  +<span class=sf-dump-public title=\"Public property\">timestamps</span>: <span class=sf-dump-const>true</span>
  +<span class=sf-dump-public title=\"Public property\">usesUniqueIds</span>: <span class=sf-dump-const>false</span>
  #<span class=sf-dump-protected title=\"Protected property\">hidden</span>: []
  #<span class=sf-dump-protected title=\"Protected property\">visible</span>: []
  #<span class=sf-dump-protected title=\"Protected property\">fillable</span>: <span class=sf-dump-note>array:29</span> [<samp data-depth=2 class=sf-dump-compact>
    <span class=sf-dump-index>0</span> => \"<span class=sf-dump-str title=\"19 characters\">prescription_number</span>\"
    <span class=sf-dump-index>1</span> => \"<span class=sf-dump-str title=\"10 characters\">patient_id</span>\"
    <span class=sf-dump-index>2</span> => \"<span class=sf-dump-str title=\"9 characters\">doctor_id</span>\"
    <span class=sf-dump-index>3</span> => \"<span class=sf-dump-str title=\"18 characters\">ready_treatment_id</span>\"
    <span class=sf-dump-index>4</span> => \"<span class=sf-dump-str title=\"17 characters\">prescription_date</span>\"
    <span class=sf-dump-index>5</span> => \"<span class=sf-dump-str title=\"6 characters\">status</span>\"
    <span class=sf-dump-index>6</span> => \"<span class=sf-dump-str title=\"11 characters\">sale_status</span>\"
    <span class=sf-dump-index>7</span> => \"<span class=sf-dump-str title=\"12 characters\">patient_name</span>\"
    <span class=sf-dump-index>8</span> => \"<span class=sf-dump-str title=\"11 characters\">patient_age</span>\"
    <span class=sf-dump-index>9</span> => \"<span class=sf-dump-str title=\"13 characters\">patient_phone</span>\"
    <span class=sf-dump-index>10</span> => \"<span class=sf-dump-str title=\"12 characters\">patient_code</span>\"
    <span class=sf-dump-index>11</span> => \"<span class=sf-dump-str title=\"13 characters\">medicine_cost</span>\"
    <span class=sf-dump-index>12</span> => \"<span class=sf-dump-str title=\"10 characters\">doctor_fee</span>\"
    <span class=sf-dump-index>13</span> => \"<span class=sf-dump-str title=\"14 characters\">radiology_cost</span>\"
    <span class=sf-dump-index>14</span> => \"<span class=sf-dump-str title=\"8 characters\">discount</span>\"
    <span class=sf-dump-index>15</span> => \"<span class=sf-dump-str title=\"3 characters\">tax</span>\"
    <span class=sf-dump-index>16</span> => \"<span class=sf-dump-str title=\"9 characters\">total_fee</span>\"
    <span class=sf-dump-index>17</span> => \"<span class=sf-dump-str title=\"11 characters\">paid_amount</span>\"
    <span class=sf-dump-index>18</span> => \"<span class=sf-dump-str title=\"10 characters\">due_amount</span>\"
    <span class=sf-dump-index>19</span> => \"<span class=sf-dump-str title=\"14 characters\">payment_status</span>\"
    <span class=sf-dump-index>20</span> => \"<span class=sf-dump-str title=\"14 characters\">payment_method</span>\"
    <span class=sf-dump-index>21</span> => \"<span class=sf-dump-str title=\"9 characters\">diagnosis</span>\"
    <span class=sf-dump-index>22</span> => \"<span class=sf-dump-str title=\"10 characters\">lab_workup</span>\"
    <span class=sf-dump-index>23</span> => \"<span class=sf-dump-str title=\"11 characters\">precautions</span>\"
    <span class=sf-dump-index>24</span> => \"<span class=sf-dump-str title=\"13 characters\">physiotherapy</span>\"
    <span class=sf-dump-index>25</span> => \"<span class=sf-dump-str title=\"5 characters\">notes</span>\"
    <span class=sf-dump-index>26</span> => \"<span class=sf-dump-str title=\"10 characters\">next_visit</span>\"
    <span class=sf-dump-index>27</span> => \"<span class=sf-dump-str title=\"10 characters\">is_printed</span>\"
    <span class=sf-dump-index>28</span> => \"<span class=sf-dump-str title=\"10 characters\">created_by</span>\"
  </samp>]
  #<span class=sf-dump-protected title=\"Protected property\">guarded</span>: <span class=sf-dump-note>array:1</span> [<samp data-depth=2 class=sf-dump-compact>
    <span class=sf-dump-index>0</span> => \"<span class=sf-dump-str>*</span>\"
  </samp>]
</samp>}
</pre><script>Sfdump(\"sf-dump-1441457474\", {\"maxDepth\":3,\"maxStringLength\":160})</script>
","seed":"<pre class=sf-dump id=sf-dump-1564612034 data-indent-pad=\"  \"><span class=sf-dump-note>array:34</span> [<samp data-depth=1 class=sf-dump-expanded>
  \"<span class=sf-dump-key>id</span>\" => <span class=sf-dump-num>66</span>
  \"<span class=sf-dump-key>prescription_number</span>\" => \"<span class=sf-dump-str title=\"14 characters\">RX-20260926-01</span>\"
  \"<span class=sf-dump-key>patient_id</span>\" => <span class=sf-dump-num>16</span>
  \"<span class=sf-dump-key>doctor_id</span>\" => <span class=sf-dump-const>null</span>
  \"<span class=sf-dump-key>ready_treatment_id</span>\" => <span class=sf-dump-const>null</span>
  \"<span class=sf-dump-key>prescription_date</span>\" => \"<span class=sf-dump-str title=\"10 characters\">2026-09-26</span>\"
  \"<span class=sf-dump-key>status</span>\" => \"<span class=sf-dump-str title=\"6 characters\">active</span>\"
  \"<span class=sf-dump-key>sale_status</span>\" => \"<span class=sf-dump-str title=\"6 characters\">unsold</span>\"
  \"<span class=sf-dump-key>patient_name</span>\" => <span class=sf-dump-const>null</span>
  \"<span class=sf-dump-key>patient_age</span>\" => <span class=sf-dump-const>null</span>
  \"<span class=sf-dump-key>patient_phone</span>\" => <span class=sf-dump-const>null</span>
  \"<span class=sf-dump-key>patient_code</span>\" => <span class=sf-dump-const>null</span>
  \"<span class=sf-dump-key>medicine_cost</span>\" => \"<span class=sf-dump-str title=\"6 characters\">120.00</span>\"
  \"<span class=sf-dump-key>doctor_fee</span>\" => \"<span class=sf-dump-str title=\"6 characters\">250.00</span>\"
  \"<span class=sf-dump-key>radiology_cost</span>\" => \"<span class=sf-dump-str title=\"4 characters\">0.00</span>\"
  \"<span class=sf-dump-key>discount</span>\" => \"<span class=sf-dump-str title=\"4 characters\">0.00</span>\"
  \"<span class=sf-dump-key>tax</span>\" => \"<span class=sf-dump-str title=\"4 characters\">0.00</span>\"
  \"<span class=sf-dump-key>total_fee</span>\" => \"<span class=sf-dump-str title=\"6 characters\">370.00</span>\"
  \"<span class=sf-dump-key>paid_amount</span>\" => \"<span class=sf-dump-str title=\"4 characters\">0.00</span>\"
  \"<span class=sf-dump-key>due_amount</span>\" => \"<span class=sf-dump-str title=\"4 characters\">0.00</span>\"
  \"<span class=sf-dump-key>payment_status</span>\" => \"<span class=sf-dump-str title=\"7 characters\">pending</span>\"
  \"<span class=sf-dump-key>payment_method</span>\" => <span class=sf-dump-const>null</span>
  \"<span class=sf-dump-key>diagnosis</span>\" => <span class=sf-dump-const>null</span>
  \"<span class=sf-dump-key>lab_workup</span>\" => <span class=sf-dump-const>null</span>
  \"<span class=sf-dump-key>precautions</span>\" => <span class=sf-dump-const>null</span>
  \"<span class=sf-dump-key>physiotherapy</span>\" => <span class=sf-dump-const>null</span>
  \"<span class=sf-dump-key>notes</span>\" => <span class=sf-dump-const>null</span>
  \"<span class=sf-dump-key>next_visit</span>\" => <span class=sf-dump-const>null</span>
  \"<span class=sf-dump-key>is_printed</span>\" => <span class=sf-dump-num>0</span>
  \"<span class=sf-dump-key>created_by</span>\" => <span class=sf-dump-num>1</span>
  \"<span class=sf-dump-key>created_at</span>\" => \"<span class=sf-dump-str title=\"19 characters\">2026-09-26 19:14:45</span>\"
  \"<span class=sf-dump-key>updated_at</span>\" => \"<span class=sf-dump-str title=\"19 characters\">2026-09-26 19:14:45</span>\"
  \"<span class=sf-dump-key>revision</span>\" => \"<span class=sf-dump-str title=\"64 characters\">6054e9376387ceabebf682f02f470434e9e5276c12193893a61508171b8fbf06</span>\"
  \"<span class=sf-dump-key>patients</span>\" => <span class=sf-dump-note>array:1</span> [<samp data-depth=2 class=sf-dump-compact>
    <span class=sf-dump-index>0</span> => <span class=sf-dump-note>array:20</span> [<samp data-depth=3 class=sf-dump-compact>
      \"<span class=sf-dump-key>id</span>\" => <span class=sf-dump-num>87</span>
      \"<span class=sf-dump-key>prescription_id</span>\" => <span class=sf-dump-num>66</span>
      \"<span class=sf-dump-key>patient_id</span>\" => <span class=sf-dump-num>16</span>
      \"<span class=sf-dump-key>doctor_id</span>\" => <span class=sf-dump-num>1</span>
      \"<span class=sf-dump-key>patient_name</span>\" => \"<span class=sf-dump-str title=\"4 characters\">gggg</span>\"
      \"<span class=sf-dump-key>patient_age</span>\" => <span class=sf-dump-const>null</span>
      \"<span class=sf-dump-key>patient_phone</span>\" => \"<span class=sf-dump-str title=\"9 characters\">071456589</span>\"
      \"<span class=sf-dump-key>patient_code</span>\" => \"<span class=sf-dump-str title=\"13 characters\">P202608310001</span>\"
      \"<span class=sf-dump-key>diagnosis</span>\" => \"<span class=sf-dump-str title=\"29 characters\">xzcxzczxczxcxzczxcxzcc czxcxz</span>\"
      \"<span class=sf-dump-key>precautions</span>\" => \"<span class=sf-dump-str title=\"27 characters\">xzcxzcxzcxzcxzcc ccxzczxzxc</span>\"
      \"<span class=sf-dump-key>next_visit</span>\" => <span class=sf-dump-const>null</span>
      \"<span class=sf-dump-key>medicine_cost</span>\" => \"<span class=sf-dump-str title=\"6 characters\">120.00</span>\"
      \"<span class=sf-dump-key>doctor_fee</span>\" => \"<span class=sf-dump-str title=\"6 characters\">250.00</span>\"
      \"<span class=sf-dump-key>radiology_cost</span>\" => \"<span class=sf-dump-str title=\"4 characters\">0.00</span>\"
      \"<span class=sf-dump-key>discount</span>\" => \"<span class=sf-dump-str title=\"4 characters\">0.00</span>\"
      \"<span class=sf-dump-key>total</span>\" => \"<span class=sf-dump-str title=\"6 characters\">370.00</span>\"
      \"<span class=sf-dump-key>created_at</span>\" => \"<span class=sf-dump-str title=\"19 characters\">2026-09-26 19:14:45</span>\"
      \"<span class=sf-dump-key>updated_at</span>\" => \"<span class=sf-dump-str title=\"19 characters\">2026-09-26 19:14:45</span>\"
      \"<span class=sf-dump-key>items</span>\" => <span class=sf-dump-note>array:1</span> [ &#8230;1]
      \"<span class=sf-dump-key>radiologies</span>\" => []
    </samp>]
  </samp>]
</samp>]
</pre><script>Sfdump(\"sf-dump-1564612034\", {\"maxDepth\":3,\"maxStringLength\":160})</script>
","legacyIds":"<pre class=sf-dump id=sf-dump-212478762 data-indent-pad=\"  \"><span class=sf-dump-note>array:1</span> [<samp data-depth=1 class=sf-dump-expanded>
  <span class=sf-dump-index>0</span> => <span class=sf-dump-num>144</span>
</samp>]
</pre><script>Sfdump(\"sf-dump-212478762\", {\"maxDepth\":3,\"maxStringLength\":160})</script>
","allPatients":"<pre class=sf-dump id=sf-dump-1351299644 data-indent-pad=\"  \"><span class=sf-dump-note>Illuminate\\Support\\Collection</span> {<a class=sf-dump-ref>#1182</a><samp data-depth=1 class=sf-dump-expanded>
  #<span class=sf-dump-protected title=\"Protected property\">items</span>: <span class=sf-dump-note>array:17</span> [<samp data-depth=2 class=sf-dump-compact>
    <span class=sf-dump-index>0</span> => {<a class=sf-dump-ref>#1175</a><samp data-depth=3 class=sf-dump-compact>
      +\"<span class=sf-dump-public title=\"Runtime added dynamic property\">id</span>\": <span class=sf-dump-num>8</span>
      +\"<span class=sf-dump-public title=\"Runtime added dynamic property\">name</span>\": \"<span class=sf-dump-str title=\"7 characters\">ayanthi</span>\"
      +\"<span class=sf-dump-public title=\"Runtime added dynamic property\">patient_code</span>\": \"<span class=sf-dump-str title=\"13 characters\">P202608070008</span>\"
      +\"<span class=sf-dump-public title=\"Runtime added dynamic property\">age</span>\": <span class=sf-dump-num>48</span>
      +\"<span class=sf-dump-public title=\"Runtime added dynamic property\">gender</span>\": \"<span class=sf-dump-str title=\"4 characters\">male</span>\"
      +\"<span class=sf-dump-public title=\"Runtime added dynamic property\">phone</span>\": \"<span class=sf-dump-str title=\"10 characters\">0777777712</span>\"
      +\"<span class=sf-dump-public title=\"Runtime added dynamic property\">email</span>\": <span class=sf-dump-const>null</span>
      +\"<span class=sf-dump-public title=\"Runtime added dynamic property\">last_visit</span>\": \"<span class=sf-dump-str title=\"10 characters\">2026-08-09</span>\"
    </samp>}
    <span class=sf-dump-index>1</span> => {<a class=sf-dump-ref>#1159</a><samp data-depth=3 class=sf-dump-compact>
      +\"<span class=sf-dump-public title=\"Runtime added dynamic property\">id</span>\": <span class=sf-dump-num>13</span>
      +\"<span class=sf-dump-public title=\"Runtime added dynamic property\">name</span>\": \"<span class=sf-dump-str title=\"7 characters\">chalana</span>\"
      +\"<span class=sf-dump-public title=\"Runtime added dynamic property\">patient_code</span>\": \"<span class=sf-dump-str title=\"13 characters\">P202608110001</span>\"
      +\"<span class=sf-dump-public title=\"Runtime added dynamic property\">age</span>\": <span class=sf-dump-num>28</span>
      +\"<span class=sf-dump-public title=\"Runtime added dynamic property\">gender</span>\": \"<span class=sf-dump-str title=\"4 characters\">male</span>\"
      +\"<span class=sf-dump-public title=\"Runtime added dynamic property\">phone</span>\": \"<span class=sf-dump-str title=\"10 characters\">0714525458</span>\"
      +\"<span class=sf-dump-public title=\"Runtime added dynamic property\">email</span>\": <span class=sf-dump-const>null</span>
      +\"<span class=sf-dump-public title=\"Runtime added dynamic property\">last_visit</span>\": \"<span class=sf-dump-str title=\"10 characters\">2026-08-22</span>\"
    </samp>}
    <span class=sf-dump-index>2</span> => {<a class=sf-dump-ref>#1157</a><samp data-depth=3 class=sf-dump-compact>
      +\"<span class=sf-dump-public title=\"Runtime added dynamic property\">id</span>\": <span class=sf-dump-num>15</span>
      +\"<span class=sf-dump-public title=\"Runtime added dynamic property\">name</span>\": \"<span class=sf-dump-str title=\"8 characters\">danushka</span>\"
      +\"<span class=sf-dump-public title=\"Runtime added dynamic property\">patient_code</span>\": \"<span class=sf-dump-str title=\"13 characters\">P202608220001</span>\"
      +\"<span class=sf-dump-public title=\"Runtime added dynamic property\">age</span>\": <span class=sf-dump-num>42</span>
      +\"<span class=sf-dump-public title=\"Runtime added dynamic property\">gender</span>\": \"<span class=sf-dump-str title=\"4 characters\">male</span>\"
      +\"<span class=sf-dump-public title=\"Runtime added dynamic property\">phone</span>\": \"<span class=sf-dump-str title=\"10 characters\">0712584568</span>\"
      +\"<span class=sf-dump-public title=\"Runtime added dynamic property\">email</span>\": <span class=sf-dump-const>null</span>
      +\"<span class=sf-dump-public title=\"Runtime added dynamic property\">last_visit</span>\": \"<span class=sf-dump-str title=\"10 characters\">2026-08-31</span>\"
    </samp>}
    <span class=sf-dump-index>3</span> => {<a class=sf-dump-ref>#1176</a><samp data-depth=3 class=sf-dump-compact>
      +\"<span class=sf-dump-public title=\"Runtime added dynamic property\">id</span>\": <span class=sf-dump-num>1</span>
      +\"<span class=sf-dump-public title=\"Runtime added dynamic property\">name</span>\": \"<span class=sf-dump-str title=\"11 characters\">Elmer Stamm</span>\"
      +\"<span class=sf-dump-public title=\"Runtime added dynamic property\">patient_code</span>\": \"<span class=sf-dump-str title=\"13 characters\">P202607270001</span>\"
      +\"<span class=sf-dump-public title=\"Runtime added dynamic property\">age</span>\": <span class=sf-dump-num>39</span>
      +\"<span class=sf-dump-public title=\"Runtime added dynamic property\">gender</span>\": \"<span class=sf-dump-str title=\"5 characters\">other</span>\"
      +\"<span class=sf-dump-public title=\"Runtime added dynamic property\">phone</span>\": \"<span class=sf-dump-str title=\"15 characters\">+1-419-428-0787</span>\"
      +\"<span class=sf-dump-public title=\"Runtime added dynamic property\">email</span>\": \"<span class=sf-dump-str title=\"22 characters\">brittany52@example.net</span>\"
      +\"<span class=sf-dump-public title=\"Runtime added dynamic property\">last_visit</span>\": \"<span class=sf-dump-str title=\"10 characters\">2026-08-31</span>\"
    </samp>}
    <span class=sf-dump-index>4</span> => {<a class=sf-dump-ref>#1179</a><samp data-depth=3 class=sf-dump-compact>
      +\"<span class=sf-dump-public title=\"Runtime added dynamic property\">id</span>\": <span class=sf-dump-num>16</span>
      +\"<span class=sf-dump-public title=\"Runtime added dynamic property\">name</span>\": \"<span class=sf-dump-str title=\"4 characters\">gggg</span>\"
      +\"<span class=sf-dump-public title=\"Runtime added dynamic property\">patient_code</span>\": \"<span class=sf-dump-str title=\"13 characters\">P202608310001</span>\"
      +\"<span class=sf-dump-public title=\"Runtime added dynamic property\">age</span>\": <span class=sf-dump-const>null</span>
      +\"<span class=sf-dump-public title=\"Runtime added dynamic property\">gender</span>\": \"<span class=sf-dump-str title=\"4 characters\">male</span>\"
      +\"<span class=sf-dump-public title=\"Runtime added dynamic property\">phone</span>\": \"<span class=sf-dump-str title=\"9 characters\">071456589</span>\"
      +\"<span class=sf-dump-public title=\"Runtime added dynamic property\">email</span>\": <span class=sf-dump-const>null</span>
      +\"<span class=sf-dump-public title=\"Runtime added dynamic property\">last_visit</span>\": \"<span class=sf-dump-str title=\"10 characters\">2026-09-26</span>\"
    </samp>}
    <span class=sf-dump-index>5</span> => {<a class=sf-dump-ref>#1160</a><samp data-depth=3 class=sf-dump-compact>
      +\"<span class=sf-dump-public title=\"Runtime added dynamic property\">id</span>\": <span class=sf-dump-num>6</span>
      +\"<span class=sf-dump-public title=\"Runtime added dynamic property\">name</span>\": \"<span class=sf-dump-str title=\"12 characters\">Grover Weber</span>\"
      +\"<span class=sf-dump-public title=\"Runtime added dynamic property\">patient_code</span>\": \"<span class=sf-dump-str title=\"13 characters\">P202607270006</span>\"
      +\"<span class=sf-dump-public title=\"Runtime added dynamic property\">age</span>\": <span class=sf-dump-num>61</span>
      +\"<span class=sf-dump-public title=\"Runtime added dynamic property\">gender</span>\": \"<span class=sf-dump-str title=\"4 characters\">male</span>\"
      +\"<span class=sf-dump-public title=\"Runtime added dynamic property\">phone</span>\": \"<span class=sf-dump-str title=\"14 characters\">1-930-756-0203</span>\"
      +\"<span class=sf-dump-public title=\"Runtime added dynamic property\">email</span>\": <span class=sf-dump-const>null</span>
      +\"<span class=sf-dump-public title=\"Runtime added dynamic property\">last_visit</span>\": \"<span class=sf-dump-str title=\"10 characters\">2026-08-22</span>\"
    </samp>}
    <span class=sf-dump-index>6</span> => {<a class=sf-dump-ref>#1168</a><samp data-depth=3 class=sf-dump-compact>
      +\"<span class=sf-dump-public title=\"Runtime added dynamic property\">id</span>\": <span class=sf-dump-num>5</span>
      +\"<span class=sf-dump-public title=\"Runtime added dynamic property\">name</span>\": \"<span class=sf-dump-str title=\"12 characters\">Jesse Murphy</span>\"
      +\"<span class=sf-dump-public title=\"Runtime added dynamic property\">patient_code</span>\": \"<span class=sf-dump-str title=\"13 characters\">P202607270005</span>\"
      +\"<span class=sf-dump-public title=\"Runtime added dynamic property\">age</span>\": <span class=sf-dump-num>33</span>
      +\"<span class=sf-dump-public title=\"Runtime added dynamic property\">gender</span>\": \"<span class=sf-dump-str title=\"4 characters\">male</span>\"
      +\"<span class=sf-dump-public title=\"Runtime added dynamic property\">phone</span>\": \"<span class=sf-dump-str title=\"12 characters\">580.439.9985</span>\"
      +\"<span class=sf-dump-public title=\"Runtime added dynamic property\">email</span>\": <span class=sf-dump-const>null</span>
      +\"<span class=sf-dump-public title=\"Runtime added dynamic property\">last_visit</span>\": \"<span class=sf-dump-str title=\"10 characters\">2026-08-07</span>\"
    </samp>}
    <span class=sf-dump-index>7</span> => {<a class=sf-dump-ref>#1178</a><samp data-depth=3 class=sf-dump-compact>
      +\"<span class=sf-dump-public title=\"Runtime added dynamic property\">id</span>\": <span class=sf-dump-num>11</span>
      +\"<span class=sf-dump-public title=\"Runtime added dynamic property\">name</span>\": \"<span class=sf-dump-str title=\"6 characters\">kemith</span>\"
      +\"<span class=sf-dump-public title=\"Runtime added dynamic property\">patient_code</span>\": \"<span class=sf-dump-str title=\"13 characters\">P202608090001</span>\"
      +\"<span class=sf-dump-public title=\"Runtime added dynamic property\">age</span>\": <span class=sf-dump-num>15</span>
      +\"<span class=sf-dump-public title=\"Runtime added dynamic property\">gender</span>\": \"<span class=sf-dump-str title=\"4 characters\">male</span>\"
      +\"<span class=sf-dump-public title=\"Runtime added dynamic property\">phone</span>\": \"<span class=sf-dump-str title=\"8 characters\">01222222</span>\"
      +\"<span class=sf-dump-public title=\"Runtime added dynamic property\">email</span>\": <span class=sf-dump-const>null</span>
      +\"<span class=sf-dump-public title=\"Runtime added dynamic property\">last_visit</span>\": \"<span class=sf-dump-str title=\"10 characters\">2026-08-22</span>\"
    </samp>}
    <span class=sf-dump-index>8</span> => {<a class=sf-dump-ref>#1184</a><samp data-depth=3 class=sf-dump-compact>
      +\"<span class=sf-dump-public title=\"Runtime added dynamic property\">id</span>\": <span class=sf-dump-num>4</span>
      +\"<span class=sf-dump-public title=\"Runtime added dynamic property\">name</span>\": \"<span class=sf-dump-str title=\"14 characters\">Lenny Weissnat</span>\"
      +\"<span class=sf-dump-public title=\"Runtime added dynamic property\">patient_code</span>\": \"<span class=sf-dump-str title=\"13 characters\">P202607270004</span>\"
      +\"<span class=sf-dump-public title=\"Runtime added dynamic property\">age</span>\": <span class=sf-dump-num>52</span>
      +\"<span class=sf-dump-public title=\"Runtime added dynamic property\">gender</span>\": \"<span class=sf-dump-str title=\"6 characters\">female</span>\"
      +\"<span class=sf-dump-public title=\"Runtime added dynamic property\">phone</span>\": \"<span class=sf-dump-str title=\"14 characters\">1-484-236-3246</span>\"
      +\"<span class=sf-dump-public title=\"Runtime added dynamic property\">email</span>\": <span class=sf-dump-const>null</span>
      +\"<span class=sf-dump-public title=\"Runtime added dynamic property\">last_visit</span>\": \"<span class=sf-dump-str title=\"10 characters\">2026-08-31</span>\"
    </samp>}
    <span class=sf-dump-index>9</span> => {<a class=sf-dump-ref>#1185</a><samp data-depth=3 class=sf-dump-compact>
      +\"<span class=sf-dump-public title=\"Runtime added dynamic property\">id</span>\": <span class=sf-dump-num>7</span>
      +\"<span class=sf-dump-public title=\"Runtime added dynamic property\">name</span>\": \"<span class=sf-dump-str title=\"28 characters\">Miss Marjolaine Rodriguez MD</span>\"
      +\"<span class=sf-dump-public title=\"Runtime added dynamic property\">patient_code</span>\": \"<span class=sf-dump-str title=\"13 characters\">P202607270007</span>\"
      +\"<span class=sf-dump-public title=\"Runtime added dynamic property\">age</span>\": <span class=sf-dump-num>47</span>
      +\"<span class=sf-dump-public title=\"Runtime added dynamic property\">gender</span>\": \"<span class=sf-dump-str title=\"6 characters\">female</span>\"
      +\"<span class=sf-dump-public title=\"Runtime added dynamic property\">phone</span>\": \"<span class=sf-dump-str title=\"14 characters\">(463) 596-1611</span>\"
      +\"<span class=sf-dump-public title=\"Runtime added dynamic property\">email</span>\": <span class=sf-dump-const>null</span>
      +\"<span class=sf-dump-public title=\"Runtime added dynamic property\">last_visit</span>\": \"<span class=sf-dump-str title=\"10 characters\">2026-08-09</span>\"
    </samp>}
    <span class=sf-dump-index>10</span> => {<a class=sf-dump-ref>#1186</a><samp data-depth=3 class=sf-dump-compact>
      +\"<span class=sf-dump-public title=\"Runtime added dynamic property\">id</span>\": <span class=sf-dump-num>17</span>
      +\"<span class=sf-dump-public title=\"Runtime added dynamic property\">name</span>\": \"<span class=sf-dump-str title=\"10 characters\">mr.sarath.</span>\"
      +\"<span class=sf-dump-public title=\"Runtime added dynamic property\">patient_code</span>\": \"<span class=sf-dump-str title=\"13 characters\">P202608310002</span>\"
      +\"<span class=sf-dump-public title=\"Runtime added dynamic property\">age</span>\": <span class=sf-dump-num>55</span>
      +\"<span class=sf-dump-public title=\"Runtime added dynamic property\">gender</span>\": \"<span class=sf-dump-str title=\"4 characters\">male</span>\"
      +\"<span class=sf-dump-public title=\"Runtime added dynamic property\">phone</span>\": \"<span class=sf-dump-str title=\"10 characters\">0772158599</span>\"
      +\"<span class=sf-dump-public title=\"Runtime added dynamic property\">email</span>\": <span class=sf-dump-const>null</span>
      +\"<span class=sf-dump-public title=\"Runtime added dynamic property\">last_visit</span>\": \"<span class=sf-dump-str title=\"10 characters\">2026-09-01</span>\"
    </samp>}
    <span class=sf-dump-index>11</span> => {<a class=sf-dump-ref>#1187</a><samp data-depth=3 class=sf-dump-compact>
      +\"<span class=sf-dump-public title=\"Runtime added dynamic property\">id</span>\": <span class=sf-dump-num>2</span>
      +\"<span class=sf-dump-public title=\"Runtime added dynamic property\">name</span>\": \"<span class=sf-dump-str title=\"7 characters\">Patient</span>\"
      +\"<span class=sf-dump-public title=\"Runtime added dynamic property\">patient_code</span>\": \"<span class=sf-dump-str title=\"13 characters\">P202607270002</span>\"
      +\"<span class=sf-dump-public title=\"Runtime added dynamic property\">age</span>\": <span class=sf-dump-num>45</span>
      +\"<span class=sf-dump-public title=\"Runtime added dynamic property\">gender</span>\": \"<span class=sf-dump-str title=\"4 characters\">male</span>\"
      +\"<span class=sf-dump-public title=\"Runtime added dynamic property\">phone</span>\": \"<span class=sf-dump-str title=\"17 characters\">+1 (629) 329-5071</span>\"
      +\"<span class=sf-dump-public title=\"Runtime added dynamic property\">email</span>\": <span class=sf-dump-const>null</span>
      +\"<span class=sf-dump-public title=\"Runtime added dynamic property\">last_visit</span>\": \"<span class=sf-dump-str title=\"10 characters\">2026-08-09</span>\"
    </samp>}
    <span class=sf-dump-index>12</span> => {<a class=sf-dump-ref>#1188</a><samp data-depth=3 class=sf-dump-compact>
      +\"<span class=sf-dump-public title=\"Runtime added dynamic property\">id</span>\": <span class=sf-dump-num>10</span>
      +\"<span class=sf-dump-public title=\"Runtime added dynamic property\">name</span>\": \"<span class=sf-dump-str title=\"5 characters\">rayaa</span>\"
      +\"<span class=sf-dump-public title=\"Runtime added dynamic property\">patient_code</span>\": \"<span class=sf-dump-str title=\"13 characters\">P202608080002</span>\"
      +\"<span class=sf-dump-public title=\"Runtime added dynamic property\">age</span>\": <span class=sf-dump-num>10</span>
      +\"<span class=sf-dump-public title=\"Runtime added dynamic property\">gender</span>\": \"<span class=sf-dump-str title=\"6 characters\">female</span>\"
      +\"<span class=sf-dump-public title=\"Runtime added dynamic property\">phone</span>\": \"<span class=sf-dump-str title=\"10 characters\">0714522222</span>\"
      +\"<span class=sf-dump-public title=\"Runtime added dynamic property\">email</span>\": <span class=sf-dump-const>null</span>
      +\"<span class=sf-dump-public title=\"Runtime added dynamic property\">last_visit</span>\": \"<span class=sf-dump-str title=\"10 characters\">2026-08-22</span>\"
    </samp>}
    <span class=sf-dump-index>13</span> => {<a class=sf-dump-ref>#1189</a><samp data-depth=3 class=sf-dump-compact>
      +\"<span class=sf-dump-public title=\"Runtime added dynamic property\">id</span>\": <span class=sf-dump-num>3</span>
      +\"<span class=sf-dump-public title=\"Runtime added dynamic property\">name</span>\": \"<span class=sf-dump-str title=\"14 characters\">Raymundo Upton</span>\"
      +\"<span class=sf-dump-public title=\"Runtime added dynamic property\">patient_code</span>\": \"<span class=sf-dump-str title=\"13 characters\">P202607270003</span>\"
      +\"<span class=sf-dump-public title=\"Runtime added dynamic property\">age</span>\": <span class=sf-dump-num>28</span>
      +\"<span class=sf-dump-public title=\"Runtime added dynamic property\">gender</span>\": \"<span class=sf-dump-str title=\"4 characters\">male</span>\"
      +\"<span class=sf-dump-public title=\"Runtime added dynamic property\">phone</span>\": \"<span class=sf-dump-str title=\"15 characters\">+1-929-835-2469</span>\"
      +\"<span class=sf-dump-public title=\"Runtime added dynamic property\">email</span>\": <span class=sf-dump-const>null</span>
      +\"<span class=sf-dump-public title=\"Runtime added dynamic property\">last_visit</span>\": \"<span class=sf-dump-str title=\"10 characters\">2026-08-09</span>\"
    </samp>}
    <span class=sf-dump-index>14</span> => {<a class=sf-dump-ref>#1190</a><samp data-depth=3 class=sf-dump-compact>
      +\"<span class=sf-dump-public title=\"Runtime added dynamic property\">id</span>\": <span class=sf-dump-num>12</span>
      +\"<span class=sf-dump-public title=\"Runtime added dynamic property\">name</span>\": \"<span class=sf-dump-str title=\"7 characters\">sameera</span>\"
      +\"<span class=sf-dump-public title=\"Runtime added dynamic property\">patient_code</span>\": \"<span class=sf-dump-str title=\"13 characters\">P202608090002</span>\"
      +\"<span class=sf-dump-public title=\"Runtime added dynamic property\">age</span>\": <span class=sf-dump-num>25</span>
      +\"<span class=sf-dump-public title=\"Runtime added dynamic property\">gender</span>\": \"<span class=sf-dump-str title=\"4 characters\">male</span>\"
      +\"<span class=sf-dump-public title=\"Runtime added dynamic property\">phone</span>\": \"<span class=sf-dump-str title=\"8 characters\">07845256</span>\"
      +\"<span class=sf-dump-public title=\"Runtime added dynamic property\">email</span>\": <span class=sf-dump-const>null</span>
      +\"<span class=sf-dump-public title=\"Runtime added dynamic property\">last_visit</span>\": \"<span class=sf-dump-str title=\"10 characters\">2026-08-21</span>\"
    </samp>}
    <span class=sf-dump-index>15</span> => {<a class=sf-dump-ref>#1191</a><samp data-depth=3 class=sf-dump-compact>
      +\"<span class=sf-dump-public title=\"Runtime added dynamic property\">id</span>\": <span class=sf-dump-num>14</span>
      +\"<span class=sf-dump-public title=\"Runtime added dynamic property\">name</span>\": \"<span class=sf-dump-str title=\"13 characters\">wimalasooriya</span>\"
      +\"<span class=sf-dump-public title=\"Runtime added dynamic property\">patient_code</span>\": \"<span class=sf-dump-str title=\"13 characters\">P202608120001</span>\"
      +\"<span class=sf-dump-public title=\"Runtime added dynamic property\">age</span>\": <span class=sf-dump-num>65</span>
      +\"<span class=sf-dump-public title=\"Runtime added dynamic property\">gender</span>\": \"<span class=sf-dump-str title=\"4 characters\">male</span>\"
      +\"<span class=sf-dump-public title=\"Runtime added dynamic property\">phone</span>\": \"<span class=sf-dump-str title=\"7 characters\">0111111</span>\"
      +\"<span class=sf-dump-public title=\"Runtime added dynamic property\">email</span>\": <span class=sf-dump-const>null</span>
      +\"<span class=sf-dump-public title=\"Runtime added dynamic property\">last_visit</span>\": \"<span class=sf-dump-str title=\"10 characters\">2026-08-22</span>\"
    </samp>}
    <span class=sf-dump-index>16</span> => {<a class=sf-dump-ref>#1192</a><samp data-depth=3 class=sf-dump-compact>
      +\"<span class=sf-dump-public title=\"Runtime added dynamic property\">id</span>\": <span class=sf-dump-num>9</span>
      +\"<span class=sf-dump-public title=\"Runtime added dynamic property\">name</span>\": \"<span class=sf-dump-str title=\"3 characters\">www</span>\"
      +\"<span class=sf-dump-public title=\"Runtime added dynamic property\">patient_code</span>\": \"<span class=sf-dump-str title=\"13 characters\">P202608080001</span>\"
      +\"<span class=sf-dump-public title=\"Runtime added dynamic property\">age</span>\": <span class=sf-dump-num>75</span>
      +\"<span class=sf-dump-public title=\"Runtime added dynamic property\">gender</span>\": \"<span class=sf-dump-str title=\"4 characters\">male</span>\"
      +\"<span class=sf-dump-public title=\"Runtime added dynamic property\">phone</span>\": \"<span class=sf-dump-str title=\"11 characters\">12223232323</span>\"
      +\"<span class=sf-dump-public title=\"Runtime added dynamic property\">email</span>\": <span class=sf-dump-const>null</span>
      +\"<span class=sf-dump-public title=\"Runtime added dynamic property\">last_visit</span>\": \"<span class=sf-dump-str title=\"10 characters\">2026-08-11</span>\"
    </samp>}
  </samp>]
  #<span class=sf-dump-protected title=\"Protected property\">escapeWhenCastingToString</span>: <span class=sf-dump-const>false</span>
</samp>}
</pre><script>Sfdump(\"sf-dump-1351299644\", {\"maxDepth\":3,\"maxStringLength\":160})</script>
","doctors":"<pre class=sf-dump id=sf-dump-1854475788 data-indent-pad=\"  \"><span class=sf-dump-note>Illuminate\\Support\\Collection</span> {<a class=sf-dump-ref>#1174</a><samp data-depth=1 class=sf-dump-expanded>
  #<span class=sf-dump-protected title=\"Protected property\">items</span>: <span class=sf-dump-note>array:2</span> [<samp data-depth=2 class=sf-dump-compact>
    <span class=sf-dump-index>0</span> => {<a class=sf-dump-ref>#1193</a><samp data-depth=3 class=sf-dump-compact>
      +\"<span class=sf-dump-public title=\"Runtime added dynamic property\">id</span>\": <span class=sf-dump-num>1</span>
      +\"<span class=sf-dump-public title=\"Runtime added dynamic property\">name</span>\": \"<span class=sf-dump-str title=\"10 characters\">Dr. Perera</span>\"
      +\"<span class=sf-dump-public title=\"Runtime added dynamic property\">specialization</span>\": \"<span class=sf-dump-str title=\"17 characters\">General Physician</span>\"
      +\"<span class=sf-dump-public title=\"Runtime added dynamic property\">doctor_fee</span>\": \"<span class=sf-dump-str title=\"6 characters\">500.00</span>\"
    </samp>}
    <span class=sf-dump-index>1</span> => {<a class=sf-dump-ref>#1195</a><samp data-depth=3 class=sf-dump-compact>
      +\"<span class=sf-dump-public title=\"Runtime added dynamic property\">id</span>\": <span class=sf-dump-num>2</span>
      +\"<span class=sf-dump-public title=\"Runtime added dynamic property\">name</span>\": \"<span class=sf-dump-str title=\"9 characters\">Dr. Silva</span>\"
      +\"<span class=sf-dump-public title=\"Runtime added dynamic property\">specialization</span>\": \"<span class=sf-dump-str title=\"12 characters\">Cardiologist</span>\"
      +\"<span class=sf-dump-public title=\"Runtime added dynamic property\">doctor_fee</span>\": \"<span class=sf-dump-str title=\"7 characters\">1000.00</span>\"
    </samp>}
  </samp>]
  #<span class=sf-dump-protected title=\"Protected property\">escapeWhenCastingToString</span>: <span class=sf-dump-const>false</span>
</samp>}
</pre><script>Sfdump(\"sf-dump-1854475788\", {\"maxDepth\":3,\"maxStringLength\":160})</script>
","products":"<pre class=sf-dump id=sf-dump-1117627979 data-indent-pad=\"  \"><span class=sf-dump-note>Illuminate\\Support\\Collection</span> {<a class=sf-dump-ref>#1199</a><samp data-depth=1 class=sf-dump-expanded>
  #<span class=sf-dump-protected title=\"Protected property\">items</span>: <span class=sf-dump-note>array:17</span> [<samp data-depth=2 class=sf-dump-compact>
    <span class=sf-dump-index>0</span> => {<a class=sf-dump-ref>#1202</a><samp data-depth=3 class=sf-dump-compact>
      +\"<span class=sf-dump-public title=\"Runtime added dynamic property\">id</span>\": <span class=sf-dump-num>2</span>
      +\"<span class=sf-dump-public title=\"Runtime added dynamic property\">name</span>\": \"<span class=sf-dump-str title=\"17 characters\">Amoxicillin 250mg</span>\"
      +\"<span class=sf-dump-public title=\"Runtime added dynamic property\">strength</span>\": \"<span class=sf-dump-str title=\"5 characters\">250mg</span>\"
      +\"<span class=sf-dump-public title=\"Runtime added dynamic property\">form_type</span>\": \"<span class=sf-dump-str title=\"7 characters\">capsule</span>\"
      +\"<span class=sf-dump-public title=\"Runtime added dynamic property\">drug_type_id</span>\": <span class=sf-dump-num>1</span>
      +\"<span class=sf-dump-public title=\"Runtime added dynamic property\">selling_price</span>\": \"<span class=sf-dump-str title=\"4 characters\">8.00</span>\"
      +\"<span class=sf-dump-public title=\"Runtime added dynamic property\">is_active</span>\": <span class=sf-dump-num>1</span>
      +\"<span class=sf-dump-public title=\"Runtime added dynamic property\">deleted_at</span>\": <span class=sf-dump-const>null</span>
      +\"<span class=sf-dump-public title=\"Runtime added dynamic property\">stock_quantity</span>\": \"<span class=sf-dump-str title=\"4 characters\">0.00</span>\"
    </samp>}
    <span class=sf-dump-index>1</span> => {<a class=sf-dump-ref>#1203</a><samp data-depth=3 class=sf-dump-compact>
      +\"<span class=sf-dump-public title=\"Runtime added dynamic property\">id</span>\": <span class=sf-dump-num>12</span>
      +\"<span class=sf-dump-public title=\"Runtime added dynamic property\">name</span>\": \"<span class=sf-dump-str title=\"12 characters\">Aspirin 75mg</span>\"
      +\"<span class=sf-dump-public title=\"Runtime added dynamic property\">strength</span>\": \"<span class=sf-dump-str title=\"4 characters\">75mg</span>\"
      +\"<span class=sf-dump-public title=\"Runtime added dynamic property\">form_type</span>\": \"<span class=sf-dump-str title=\"6 characters\">tablet</span>\"
      +\"<span class=sf-dump-public title=\"Runtime added dynamic property\">drug_type_id</span>\": <span class=sf-dump-num>8</span>
      +\"<span class=sf-dump-public title=\"Runtime added dynamic property\">selling_price</span>\": \"<span class=sf-dump-str title=\"4 characters\">3.00</span>\"
      +\"<span class=sf-dump-public title=\"Runtime added dynamic property\">is_active</span>\": <span class=sf-dump-num>1</span>
      +\"<span class=sf-dump-public title=\"Runtime added dynamic property\">deleted_at</span>\": <span class=sf-dump-const>null</span>
      +\"<span class=sf-dump-public title=\"Runtime added dynamic property\">stock_quantity</span>\": \"<span class=sf-dump-str title=\"4 characters\">0.00</span>\"
    </samp>}
    <span class=sf-dump-index>2</span> => {<a class=sf-dump-ref>#1209</a><samp data-depth=3 class=sf-dump-compact>
      +\"<span class=sf-dump-public title=\"Runtime added dynamic property\">id</span>\": <span class=sf-dump-num>4</span>
      +\"<span class=sf-dump-public title=\"Runtime added dynamic property\">name</span>\": \"<span class=sf-dump-str title=\"18 characters\">Azithromycin 500mg</span>\"
      +\"<span class=sf-dump-public title=\"Runtime added dynamic property\">strength</span>\": \"<span class=sf-dump-str title=\"5 characters\">500mg</span>\"
      +\"<span class=sf-dump-public title=\"Runtime added dynamic property\">form_type</span>\": \"<span class=sf-dump-str title=\"6 characters\">tablet</span>\"
      +\"<span class=sf-dump-public title=\"Runtime added dynamic property\">drug_type_id</span>\": <span class=sf-dump-num>1</span>
      +\"<span class=sf-dump-public title=\"Runtime added dynamic property\">selling_price</span>\": \"<span class=sf-dump-str title=\"5 characters\">35.00</span>\"
      +\"<span class=sf-dump-public title=\"Runtime added dynamic property\">is_active</span>\": <span class=sf-dump-num>1</span>
      +\"<span class=sf-dump-public title=\"Runtime added dynamic property\">deleted_at</span>\": <span class=sf-dump-const>null</span>
      +\"<span class=sf-dump-public title=\"Runtime added dynamic property\">stock_quantity</span>\": \"<span class=sf-dump-str title=\"4 characters\">0.00</span>\"
    </samp>}
    <span class=sf-dump-index>3</span> => {<a class=sf-dump-ref>#1206</a><samp data-depth=3 class=sf-dump-compact>
      +\"<span class=sf-dump-public title=\"Runtime added dynamic property\">id</span>\": <span class=sf-dump-num>11</span>
      +\"<span class=sf-dump-public title=\"Runtime added dynamic property\">name</span>\": \"<span class=sf-dump-str title=\"15 characters\">Cetirizine 10mg</span>\"
      +\"<span class=sf-dump-public title=\"Runtime added dynamic property\">strength</span>\": \"<span class=sf-dump-str title=\"4 characters\">10mg</span>\"
      +\"<span class=sf-dump-public title=\"Runtime added dynamic property\">form_type</span>\": \"<span class=sf-dump-str title=\"6 characters\">tablet</span>\"
      +\"<span class=sf-dump-public title=\"Runtime added dynamic property\">drug_type_id</span>\": <span class=sf-dump-num>4</span>
      +\"<span class=sf-dump-public title=\"Runtime added dynamic property\">selling_price</span>\": \"<span class=sf-dump-str title=\"4 characters\">4.00</span>\"
      +\"<span class=sf-dump-public title=\"Runtime added dynamic property\">is_active</span>\": <span class=sf-dump-num>1</span>
      +\"<span class=sf-dump-public title=\"Runtime added dynamic property\">deleted_at</span>\": <span class=sf-dump-const>null</span>
      +\"<span class=sf-dump-public title=\"Runtime added dynamic property\">stock_quantity</span>\": \"<span class=sf-dump-str title=\"4 characters\">0.00</span>\"
    </samp>}
    <span class=sf-dump-index>4</span> => {<a class=sf-dump-ref>#1207</a><samp data-depth=3 class=sf-dump-compact>
      +\"<span class=sf-dump-public title=\"Runtime added dynamic property\">id</span>\": <span class=sf-dump-num>3</span>
      +\"<span class=sf-dump-public title=\"Runtime added dynamic property\">name</span>\": \"<span class=sf-dump-str title=\"19 characters\">Ciprofloxacin 500mg</span>\"
      +\"<span class=sf-dump-public title=\"Runtime added dynamic property\">strength</span>\": \"<span class=sf-dump-str title=\"5 characters\">500mg</span>\"
      +\"<span class=sf-dump-public title=\"Runtime added dynamic property\">form_type</span>\": \"<span class=sf-dump-str title=\"6 characters\">tablet</span>\"
      +\"<span class=sf-dump-public title=\"Runtime added dynamic property\">drug_type_id</span>\": <span class=sf-dump-num>1</span>
      +\"<span class=sf-dump-public title=\"Runtime added dynamic property\">selling_price</span>\": \"<span class=sf-dump-str title=\"5 characters\">15.00</span>\"
      +\"<span class=sf-dump-public title=\"Runtime added dynamic property\">is_active</span>\": <span class=sf-dump-num>1</span>
      +\"<span class=sf-dump-public title=\"Runtime added dynamic property\">deleted_at</span>\": <span class=sf-dump-const>null</span>
      +\"<span class=sf-dump-public title=\"Runtime added dynamic property\">stock_quantity</span>\": \"<span class=sf-dump-str title=\"4 characters\">0.00</span>\"
    </samp>}
    <span class=sf-dump-index>5</span> => {<a class=sf-dump-ref>#1210</a><samp data-depth=3 class=sf-dump-compact>
      +\"<span class=sf-dump-public title=\"Runtime added dynamic property\">id</span>\": <span class=sf-dump-num>10</span>
      +\"<span class=sf-dump-public title=\"Runtime added dynamic property\">name</span>\": \"<span class=sf-dump-str title=\"15 characters\">Ibuprofen 400mg</span>\"
      +\"<span class=sf-dump-public title=\"Runtime added dynamic property\">strength</span>\": \"<span class=sf-dump-str title=\"5 characters\">400mg</span>\"
      +\"<span class=sf-dump-public title=\"Runtime added dynamic property\">form_type</span>\": \"<span class=sf-dump-str title=\"6 characters\">tablet</span>\"
      +\"<span class=sf-dump-public title=\"Runtime added dynamic property\">drug_type_id</span>\": <span class=sf-dump-num>2</span>
      +\"<span class=sf-dump-public title=\"Runtime added dynamic property\">selling_price</span>\": \"<span class=sf-dump-str title=\"4 characters\">8.00</span>\"
      +\"<span class=sf-dump-public title=\"Runtime added dynamic property\">is_active</span>\": <span class=sf-dump-num>1</span>
      +\"<span class=sf-dump-public title=\"Runtime added dynamic property\">deleted_at</span>\": <span class=sf-dump-const>null</span>
      +\"<span class=sf-dump-public title=\"Runtime added dynamic property\">stock_quantity</span>\": \"<span class=sf-dump-str title=\"4 characters\">0.00</span>\"
    </samp>}
    <span class=sf-dump-index>6</span> => {<a class=sf-dump-ref>#1208</a><samp data-depth=3 class=sf-dump-compact>
      +\"<span class=sf-dump-public title=\"Runtime added dynamic property\">id</span>\": <span class=sf-dump-num>9</span>
      +\"<span class=sf-dump-public title=\"Runtime added dynamic property\">name</span>\": \"<span class=sf-dump-str title=\"13 characters\">Losartan 50mg</span>\"
      +\"<span class=sf-dump-public title=\"Runtime added dynamic property\">strength</span>\": \"<span class=sf-dump-str title=\"4 characters\">50mg</span>\"
      +\"<span class=sf-dump-public title=\"Runtime added dynamic property\">form_type</span>\": \"<span class=sf-dump-str title=\"6 characters\">tablet</span>\"
      +\"<span class=sf-dump-public title=\"Runtime added dynamic property\">drug_type_id</span>\": <span class=sf-dump-num>8</span>
      +\"<span class=sf-dump-public title=\"Runtime added dynamic property\">selling_price</span>\": \"<span class=sf-dump-str title=\"5 characters\">10.00</span>\"
      +\"<span class=sf-dump-public title=\"Runtime added dynamic property\">is_active</span>\": <span class=sf-dump-num>1</span>
      +\"<span class=sf-dump-public title=\"Runtime added dynamic property\">deleted_at</span>\": <span class=sf-dump-const>null</span>
      +\"<span class=sf-dump-public title=\"Runtime added dynamic property\">stock_quantity</span>\": \"<span class=sf-dump-str title=\"4 characters\">0.00</span>\"
    </samp>}
    <span class=sf-dump-index>7</span> => {<a class=sf-dump-ref>#1212</a><samp data-depth=3 class=sf-dump-compact>
      +\"<span class=sf-dump-public title=\"Runtime added dynamic property\">id</span>\": <span class=sf-dump-num>5</span>
      +\"<span class=sf-dump-public title=\"Runtime added dynamic property\">name</span>\": \"<span class=sf-dump-str title=\"15 characters\">Metformin 500mg</span>\"
      +\"<span class=sf-dump-public title=\"Runtime added dynamic property\">strength</span>\": \"<span class=sf-dump-str title=\"5 characters\">500mg</span>\"
      +\"<span class=sf-dump-public title=\"Runtime added dynamic property\">form_type</span>\": \"<span class=sf-dump-str title=\"6 characters\">tablet</span>\"
      +\"<span class=sf-dump-public title=\"Runtime added dynamic property\">drug_type_id</span>\": <span class=sf-dump-num>7</span>
      +\"<span class=sf-dump-public title=\"Runtime added dynamic property\">selling_price</span>\": \"<span class=sf-dump-str title=\"4 characters\">6.00</span>\"
      +\"<span class=sf-dump-public title=\"Runtime added dynamic property\">is_active</span>\": <span class=sf-dump-num>1</span>
      +\"<span class=sf-dump-public title=\"Runtime added dynamic property\">deleted_at</span>\": <span class=sf-dump-const>null</span>
      +\"<span class=sf-dump-public title=\"Runtime added dynamic property\">stock_quantity</span>\": \"<span class=sf-dump-str title=\"4 characters\">0.00</span>\"
    </samp>}
    <span class=sf-dump-index>8</span> => {<a class=sf-dump-ref>#1213</a><samp data-depth=3 class=sf-dump-compact>
      +\"<span class=sf-dump-public title=\"Runtime added dynamic property\">id</span>\": <span class=sf-dump-num>7</span>
      +\"<span class=sf-dump-public title=\"Runtime added dynamic property\">name</span>\": \"<span class=sf-dump-str title=\"12 characters\">Multivitamin</span>\"
      +\"<span class=sf-dump-public title=\"Runtime added dynamic property\">strength</span>\": \"<span class=sf-dump-str title=\"7 characters\">Complex</span>\"
      +\"<span class=sf-dump-public title=\"Runtime added dynamic property\">form_type</span>\": \"<span class=sf-dump-str title=\"6 characters\">tablet</span>\"
      +\"<span class=sf-dump-public title=\"Runtime added dynamic property\">drug_type_id</span>\": <span class=sf-dump-num>6</span>
      +\"<span class=sf-dump-public title=\"Runtime added dynamic property\">selling_price</span>\": \"<span class=sf-dump-str title=\"5 characters\">30.00</span>\"
      +\"<span class=sf-dump-public title=\"Runtime added dynamic property\">is_active</span>\": <span class=sf-dump-num>1</span>
      +\"<span class=sf-dump-public title=\"Runtime added dynamic property\">deleted_at</span>\": <span class=sf-dump-const>null</span>
      +\"<span class=sf-dump-public title=\"Runtime added dynamic property\">stock_quantity</span>\": \"<span class=sf-dump-str title=\"4 characters\">0.00</span>\"
    </samp>}
    <span class=sf-dump-index>9</span> => {<a class=sf-dump-ref>#1211</a><samp data-depth=3 class=sf-dump-compact>
      +\"<span class=sf-dump-public title=\"Runtime added dynamic property\">id</span>\": <span class=sf-dump-num>6</span>
      +\"<span class=sf-dump-public title=\"Runtime added dynamic property\">name</span>\": \"<span class=sf-dump-str title=\"15 characters\">Omeprazole 20mg</span>\"
      +\"<span class=sf-dump-public title=\"Runtime added dynamic property\">strength</span>\": \"<span class=sf-dump-str title=\"4 characters\">20mg</span>\"
      +\"<span class=sf-dump-public title=\"Runtime added dynamic property\">form_type</span>\": \"<span class=sf-dump-str title=\"7 characters\">capsule</span>\"
      +\"<span class=sf-dump-public title=\"Runtime added dynamic property\">drug_type_id</span>\": <span class=sf-dump-num>5</span>
      +\"<span class=sf-dump-public title=\"Runtime added dynamic property\">selling_price</span>\": \"<span class=sf-dump-str title=\"4 characters\">7.00</span>\"
      +\"<span class=sf-dump-public title=\"Runtime added dynamic property\">is_active</span>\": <span class=sf-dump-num>1</span>
      +\"<span class=sf-dump-public title=\"Runtime added dynamic property\">deleted_at</span>\": <span class=sf-dump-const>null</span>
      +\"<span class=sf-dump-public title=\"Runtime added dynamic property\">stock_quantity</span>\": \"<span class=sf-dump-str title=\"4 characters\">0.00</span>\"
    </samp>}
    <span class=sf-dump-index>10</span> => {<a class=sf-dump-ref>#1214</a><samp data-depth=3 class=sf-dump-compact>
      +\"<span class=sf-dump-public title=\"Runtime added dynamic property\">id</span>\": <span class=sf-dump-num>14</span>
      +\"<span class=sf-dump-public title=\"Runtime added dynamic property\">name</span>\": \"<span class=sf-dump-str title=\"7 characters\">panadol</span>\"
      +\"<span class=sf-dump-public title=\"Runtime added dynamic property\">strength</span>\": \"<span class=sf-dump-str title=\"4 characters\">100g</span>\"
      +\"<span class=sf-dump-public title=\"Runtime added dynamic property\">form_type</span>\": \"<span class=sf-dump-str title=\"6 characters\">tablet</span>\"
      +\"<span class=sf-dump-public title=\"Runtime added dynamic property\">drug_type_id</span>\": <span class=sf-dump-num>6</span>
      +\"<span class=sf-dump-public title=\"Runtime added dynamic property\">selling_price</span>\": \"<span class=sf-dump-str title=\"5 characters\">10.00</span>\"
      +\"<span class=sf-dump-public title=\"Runtime added dynamic property\">is_active</span>\": <span class=sf-dump-num>1</span>
      +\"<span class=sf-dump-public title=\"Runtime added dynamic property\">deleted_at</span>\": <span class=sf-dump-const>null</span>
      +\"<span class=sf-dump-public title=\"Runtime added dynamic property\">stock_quantity</span>\": \"<span class=sf-dump-str title=\"4 characters\">0.00</span>\"
    </samp>}
    <span class=sf-dump-index>11</span> => {<a class=sf-dump-ref>#1215</a><samp data-depth=3 class=sf-dump-compact>
      +\"<span class=sf-dump-public title=\"Runtime added dynamic property\">id</span>\": <span class=sf-dump-num>1</span>
      +\"<span class=sf-dump-public title=\"Runtime added dynamic property\">name</span>\": \"<span class=sf-dump-str title=\"17 characters\">Paracetamol 500mg</span>\"
      +\"<span class=sf-dump-public title=\"Runtime added dynamic property\">strength</span>\": \"<span class=sf-dump-str title=\"5 characters\">500mg</span>\"
      +\"<span class=sf-dump-public title=\"Runtime added dynamic property\">form_type</span>\": \"<span class=sf-dump-str title=\"6 characters\">tablet</span>\"
      +\"<span class=sf-dump-public title=\"Runtime added dynamic property\">drug_type_id</span>\": <span class=sf-dump-num>3</span>
      +\"<span class=sf-dump-public title=\"Runtime added dynamic property\">selling_price</span>\": \"<span class=sf-dump-str title=\"4 characters\">5.00</span>\"
      +\"<span class=sf-dump-public title=\"Runtime added dynamic property\">is_active</span>\": <span class=sf-dump-num>1</span>
      +\"<span class=sf-dump-public title=\"Runtime added dynamic property\">deleted_at</span>\": <span class=sf-dump-const>null</span>
      +\"<span class=sf-dump-public title=\"Runtime added dynamic property\">stock_quantity</span>\": \"<span class=sf-dump-str title=\"4 characters\">0.00</span>\"
    </samp>}
    <span class=sf-dump-index>12</span> => {<a class=sf-dump-ref>#1216</a><samp data-depth=3 class=sf-dump-compact>
      +\"<span class=sf-dump-public title=\"Runtime added dynamic property\">id</span>\": <span class=sf-dump-num>16</span>
      +\"<span class=sf-dump-public title=\"Runtime added dynamic property\">name</span>\": \"<span class=sf-dump-str title=\"17 characters\">Paracetamol 500mg</span>\"
      +\"<span class=sf-dump-public title=\"Runtime added dynamic property\">strength</span>\": \"<span class=sf-dump-str title=\"5 characters\">500mg</span>\"
      +\"<span class=sf-dump-public title=\"Runtime added dynamic property\">form_type</span>\": \"<span class=sf-dump-str title=\"6 characters\">tablet</span>\"
      +\"<span class=sf-dump-public title=\"Runtime added dynamic property\">drug_type_id</span>\": <span class=sf-dump-num>9</span>
      +\"<span class=sf-dump-public title=\"Runtime added dynamic property\">selling_price</span>\": \"<span class=sf-dump-str title=\"5 characters\">20.00</span>\"
      +\"<span class=sf-dump-public title=\"Runtime added dynamic property\">is_active</span>\": <span class=sf-dump-num>1</span>
      +\"<span class=sf-dump-public title=\"Runtime added dynamic property\">deleted_at</span>\": <span class=sf-dump-const>null</span>
      +\"<span class=sf-dump-public title=\"Runtime added dynamic property\">stock_quantity</span>\": \"<span class=sf-dump-str title=\"6 characters\">329.00</span>\"
    </samp>}
    <span class=sf-dump-index>13</span> => {<a class=sf-dump-ref>#1217</a><samp data-depth=3 class=sf-dump-compact>
      +\"<span class=sf-dump-public title=\"Runtime added dynamic property\">id</span>\": <span class=sf-dump-num>15</span>
      +\"<span class=sf-dump-public title=\"Runtime added dynamic property\">name</span>\": \"<span class=sf-dump-str title=\"4 characters\">pppp</span>\"
      +\"<span class=sf-dump-public title=\"Runtime added dynamic property\">strength</span>\": <span class=sf-dump-const>null</span>
      +\"<span class=sf-dump-public title=\"Runtime added dynamic property\">form_type</span>\": \"<span class=sf-dump-str title=\"6 characters\">tablet</span>\"
      +\"<span class=sf-dump-public title=\"Runtime added dynamic property\">drug_type_id</span>\": <span class=sf-dump-num>1</span>
      +\"<span class=sf-dump-public title=\"Runtime added dynamic property\">selling_price</span>\": \"<span class=sf-dump-str title=\"5 characters\">50.00</span>\"
      +\"<span class=sf-dump-public title=\"Runtime added dynamic property\">is_active</span>\": <span class=sf-dump-num>1</span>
      +\"<span class=sf-dump-public title=\"Runtime added dynamic property\">deleted_at</span>\": <span class=sf-dump-const>null</span>
      +\"<span class=sf-dump-public title=\"Runtime added dynamic property\">stock_quantity</span>\": \"<span class=sf-dump-str title=\"4 characters\">0.00</span>\"
    </samp>}
    <span class=sf-dump-index>14</span> => {<a class=sf-dump-ref>#1218</a><samp data-depth=3 class=sf-dump-compact>
      +\"<span class=sf-dump-public title=\"Runtime added dynamic property\">id</span>\": <span class=sf-dump-num>17</span>
      +\"<span class=sf-dump-public title=\"Runtime added dynamic property\">name</span>\": \"<span class=sf-dump-str title=\"4 characters\">pppp</span>\"
      +\"<span class=sf-dump-public title=\"Runtime added dynamic property\">strength</span>\": \"<span class=sf-dump-str title=\"4 characters\">10mg</span>\"
      +\"<span class=sf-dump-public title=\"Runtime added dynamic property\">form_type</span>\": <span class=sf-dump-const>null</span>
      +\"<span class=sf-dump-public title=\"Runtime added dynamic property\">drug_type_id</span>\": <span class=sf-dump-num>1</span>
      +\"<span class=sf-dump-public title=\"Runtime added dynamic property\">selling_price</span>\": \"<span class=sf-dump-str title=\"4 characters\">5.00</span>\"
      +\"<span class=sf-dump-public title=\"Runtime added dynamic property\">is_active</span>\": <span class=sf-dump-num>1</span>
      +\"<span class=sf-dump-public title=\"Runtime added dynamic property\">deleted_at</span>\": <span class=sf-dump-const>null</span>
      +\"<span class=sf-dump-public title=\"Runtime added dynamic property\">stock_quantity</span>\": \"<span class=sf-dump-str title=\"4 characters\">0.00</span>\"
    </samp>}
    <span class=sf-dump-index>15</span> => {<a class=sf-dump-ref>#1219</a><samp data-depth=3 class=sf-dump-compact>
      +\"<span class=sf-dump-public title=\"Runtime added dynamic property\">id</span>\": <span class=sf-dump-num>8</span>
      +\"<span class=sf-dump-public title=\"Runtime added dynamic property\">name</span>\": \"<span class=sf-dump-str title=\"16 characters\">Vitamin C 1000mg</span>\"
      +\"<span class=sf-dump-public title=\"Runtime added dynamic property\">strength</span>\": \"<span class=sf-dump-str title=\"6 characters\">1000mg</span>\"
      +\"<span class=sf-dump-public title=\"Runtime added dynamic property\">form_type</span>\": \"<span class=sf-dump-str title=\"6 characters\">tablet</span>\"
      +\"<span class=sf-dump-public title=\"Runtime added dynamic property\">drug_type_id</span>\": <span class=sf-dump-num>6</span>
      +\"<span class=sf-dump-public title=\"Runtime added dynamic property\">selling_price</span>\": \"<span class=sf-dump-str title=\"5 characters\">20.00</span>\"
      +\"<span class=sf-dump-public title=\"Runtime added dynamic property\">is_active</span>\": <span class=sf-dump-num>1</span>
      +\"<span class=sf-dump-public title=\"Runtime added dynamic property\">deleted_at</span>\": <span class=sf-dump-const>null</span>
      +\"<span class=sf-dump-public title=\"Runtime added dynamic property\">stock_quantity</span>\": \"<span class=sf-dump-str title=\"4 characters\">0.00</span>\"
    </samp>}
    <span class=sf-dump-index>16</span> => {<a class=sf-dump-ref>#1220</a><samp data-depth=3 class=sf-dump-compact>
      +\"<span class=sf-dump-public title=\"Runtime added dynamic property\">id</span>\": <span class=sf-dump-num>13</span>
      +\"<span class=sf-dump-public title=\"Runtime added dynamic property\">name</span>\": \"<span class=sf-dump-str title=\"9 characters\">Zopiclone</span>\"
      +\"<span class=sf-dump-public title=\"Runtime added dynamic property\">strength</span>\": \"<span class=sf-dump-str title=\"4 characters\">200g</span>\"
      +\"<span class=sf-dump-public title=\"Runtime added dynamic property\">form_type</span>\": \"<span class=sf-dump-str title=\"6 characters\">tablet</span>\"
      +\"<span class=sf-dump-public title=\"Runtime added dynamic property\">drug_type_id</span>\": <span class=sf-dump-num>1</span>
      +\"<span class=sf-dump-public title=\"Runtime added dynamic property\">selling_price</span>\": \"<span class=sf-dump-str title=\"5 characters\">10.00</span>\"
      +\"<span class=sf-dump-public title=\"Runtime added dynamic property\">is_active</span>\": <span class=sf-dump-num>1</span>
      +\"<span class=sf-dump-public title=\"Runtime added dynamic property\">deleted_at</span>\": <span class=sf-dump-const>null</span>
      +\"<span class=sf-dump-public title=\"Runtime added dynamic property\">stock_quantity</span>\": \"<span class=sf-dump-str title=\"4 characters\">0.00</span>\"
    </samp>}
  </samp>]
  #<span class=sf-dump-protected title=\"Protected property\">escapeWhenCastingToString</span>: <span class=sf-dump-const>false</span>
</samp>}
</pre><script>Sfdump(\"sf-dump-1117627979\", {\"maxDepth\":3,\"maxStringLength\":160})</script>
","drugTypes":"<pre class=sf-dump id=sf-dump-1093901320 data-indent-pad=\"  \"><span class=sf-dump-note>Illuminate\\Support\\Collection</span> {<a class=sf-dump-ref>#1201</a><samp data-depth=1 class=sf-dump-expanded>
  #<span class=sf-dump-protected title=\"Protected property\">items</span>: <span class=sf-dump-note>array:10</span> [<samp data-depth=2 class=sf-dump-compact>
    <span class=sf-dump-index>0</span> => {<a class=sf-dump-ref>#1197</a><samp data-depth=3 class=sf-dump-compact>
      +\"<span class=sf-dump-public title=\"Runtime added dynamic property\">id</span>\": <span class=sf-dump-num>9</span>
      +\"<span class=sf-dump-public title=\"Runtime added dynamic property\">name</span>\": \"<span class=sf-dump-str title=\"6 characters\">Tablet</span>\"
      +\"<span class=sf-dump-public title=\"Runtime added dynamic property\">color</span>\": \"<span class=sf-dump-str title=\"7 characters\">#22c55e</span>\"
      +\"<span class=sf-dump-public title=\"Runtime added dynamic property\">icon</span>\": <span class=sf-dump-const>null</span>
    </samp>}
    <span class=sf-dump-index>1</span> => {<a class=sf-dump-ref>#1204</a><samp data-depth=3 class=sf-dump-compact>
      +\"<span class=sf-dump-public title=\"Runtime added dynamic property\">id</span>\": <span class=sf-dump-num>10</span>
      +\"<span class=sf-dump-public title=\"Runtime added dynamic property\">name</span>\": \"<span class=sf-dump-str title=\"2 characters\">ho</span>\"
      +\"<span class=sf-dump-public title=\"Runtime added dynamic property\">color</span>\": \"<span class=sf-dump-str title=\"7 characters\">#161817</span>\"
      +\"<span class=sf-dump-public title=\"Runtime added dynamic property\">icon</span>\": <span class=sf-dump-const>null</span>
    </samp>}
    <span class=sf-dump-index>2</span> => {<a class=sf-dump-ref>#1205</a><samp data-depth=3 class=sf-dump-compact>
      +\"<span class=sf-dump-public title=\"Runtime added dynamic property\">id</span>\": <span class=sf-dump-num>1</span>
      +\"<span class=sf-dump-public title=\"Runtime added dynamic property\">name</span>\": \"<span class=sf-dump-str title=\"10 characters\">Antibiotic</span>\"
      +\"<span class=sf-dump-public title=\"Runtime added dynamic property\">color</span>\": \"<span class=sf-dump-str title=\"7 characters\">#ef4444</span>\"
      +\"<span class=sf-dump-public title=\"Runtime added dynamic property\">icon</span>\": \"<span class=sf-dump-str title=\"12 characters\">shield-virus</span>\"
    </samp>}
    <span class=sf-dump-index>3</span> => {<a class=sf-dump-ref>#1221</a><samp data-depth=3 class=sf-dump-compact>
      +\"<span class=sf-dump-public title=\"Runtime added dynamic property\">id</span>\": <span class=sf-dump-num>2</span>
      +\"<span class=sf-dump-public title=\"Runtime added dynamic property\">name</span>\": \"<span class=sf-dump-str title=\"9 characters\">Analgesic</span>\"
      +\"<span class=sf-dump-public title=\"Runtime added dynamic property\">color</span>\": \"<span class=sf-dump-str title=\"7 characters\">#f59e0b</span>\"
      +\"<span class=sf-dump-public title=\"Runtime added dynamic property\">icon</span>\": \"<span class=sf-dump-str title=\"4 characters\">bolt</span>\"
    </samp>}
    <span class=sf-dump-index>4</span> => {<a class=sf-dump-ref>#1224</a><samp data-depth=3 class=sf-dump-compact>
      +\"<span class=sf-dump-public title=\"Runtime added dynamic property\">id</span>\": <span class=sf-dump-num>3</span>
      +\"<span class=sf-dump-public title=\"Runtime added dynamic property\">name</span>\": \"<span class=sf-dump-str title=\"11 characters\">Antipyretic</span>\"
      +\"<span class=sf-dump-public title=\"Runtime added dynamic property\">color</span>\": \"<span class=sf-dump-str title=\"7 characters\">#3b82f6</span>\"
      +\"<span class=sf-dump-public title=\"Runtime added dynamic property\">icon</span>\": \"<span class=sf-dump-str title=\"16 characters\">temperature-high</span>\"
    </samp>}
    <span class=sf-dump-index>5</span> => {<a class=sf-dump-ref>#1225</a><samp data-depth=3 class=sf-dump-compact>
      +\"<span class=sf-dump-public title=\"Runtime added dynamic property\">id</span>\": <span class=sf-dump-num>4</span>
      +\"<span class=sf-dump-public title=\"Runtime added dynamic property\">name</span>\": \"<span class=sf-dump-str title=\"13 characters\">Antihistamine</span>\"
      +\"<span class=sf-dump-public title=\"Runtime added dynamic property\">color</span>\": \"<span class=sf-dump-str title=\"7 characters\">#8b5cf6</span>\"
      +\"<span class=sf-dump-public title=\"Runtime added dynamic property\">icon</span>\": \"<span class=sf-dump-str title=\"9 characters\">allergies</span>\"
    </samp>}
    <span class=sf-dump-index>6</span> => {<a class=sf-dump-ref>#1226</a><samp data-depth=3 class=sf-dump-compact>
      +\"<span class=sf-dump-public title=\"Runtime added dynamic property\">id</span>\": <span class=sf-dump-num>5</span>
      +\"<span class=sf-dump-public title=\"Runtime added dynamic property\">name</span>\": \"<span class=sf-dump-str title=\"7 characters\">Antacid</span>\"
      +\"<span class=sf-dump-public title=\"Runtime added dynamic property\">color</span>\": \"<span class=sf-dump-str title=\"7 characters\">#10b981</span>\"
      +\"<span class=sf-dump-public title=\"Runtime added dynamic property\">icon</span>\": \"<span class=sf-dump-str title=\"7 characters\">stomach</span>\"
    </samp>}
    <span class=sf-dump-index>7</span> => {<a class=sf-dump-ref>#1227</a><samp data-depth=3 class=sf-dump-compact>
      +\"<span class=sf-dump-public title=\"Runtime added dynamic property\">id</span>\": <span class=sf-dump-num>6</span>
      +\"<span class=sf-dump-public title=\"Runtime added dynamic property\">name</span>\": \"<span class=sf-dump-str title=\"7 characters\">Vitamin</span>\"
      +\"<span class=sf-dump-public title=\"Runtime added dynamic property\">color</span>\": \"<span class=sf-dump-str title=\"7 characters\">#f97316</span>\"
      +\"<span class=sf-dump-public title=\"Runtime added dynamic property\">icon</span>\": \"<span class=sf-dump-str title=\"8 characters\">capsules</span>\"
    </samp>}
    <span class=sf-dump-index>8</span> => {<a class=sf-dump-ref>#1228</a><samp data-depth=3 class=sf-dump-compact>
      +\"<span class=sf-dump-public title=\"Runtime added dynamic property\">id</span>\": <span class=sf-dump-num>7</span>
      +\"<span class=sf-dump-public title=\"Runtime added dynamic property\">name</span>\": \"<span class=sf-dump-str title=\"12 characters\">Antidiabetic</span>\"
      +\"<span class=sf-dump-public title=\"Runtime added dynamic property\">color</span>\": \"<span class=sf-dump-str title=\"7 characters\">#06b6d4</span>\"
      +\"<span class=sf-dump-public title=\"Runtime added dynamic property\">icon</span>\": \"<span class=sf-dump-str title=\"7 characters\">syringe</span>\"
    </samp>}
    <span class=sf-dump-index>9</span> => {<a class=sf-dump-ref>#1229</a><samp data-depth=3 class=sf-dump-compact>
      +\"<span class=sf-dump-public title=\"Runtime added dynamic property\">id</span>\": <span class=sf-dump-num>8</span>
      +\"<span class=sf-dump-public title=\"Runtime added dynamic property\">name</span>\": \"<span class=sf-dump-str title=\"7 characters\">Cardiac</span>\"
      +\"<span class=sf-dump-public title=\"Runtime added dynamic property\">color</span>\": \"<span class=sf-dump-str title=\"7 characters\">#ec4899</span>\"
      +\"<span class=sf-dump-public title=\"Runtime added dynamic property\">icon</span>\": \"<span class=sf-dump-str title=\"11 characters\">heart-pulse</span>\"
    </samp>}
  </samp>]
  #<span class=sf-dump-protected title=\"Protected property\">escapeWhenCastingToString</span>: <span class=sf-dump-const>false</span>
</samp>}
</pre><script>Sfdump(\"sf-dump-1093901320\", {\"maxDepth\":3,\"maxStringLength\":160})</script>
","readyTreatments":"<pre class=sf-dump id=sf-dump-1460722136 data-indent-pad=\"  \"><span class=sf-dump-note>Illuminate\\Support\\Collection</span> {<a class=sf-dump-ref>#1200</a><samp data-depth=1 class=sf-dump-expanded>
  #<span class=sf-dump-protected title=\"Protected property\">items</span>: <span class=sf-dump-note>array:2</span> [<samp data-depth=2 class=sf-dump-compact>
    <span class=sf-dump-index>0</span> => {<a class=sf-dump-ref>#1223</a><samp data-depth=3 class=sf-dump-compact>
      +\"<span class=sf-dump-public title=\"Runtime added dynamic property\">id</span>\": <span class=sf-dump-num>2</span>
      +\"<span class=sf-dump-public title=\"Runtime added dynamic property\">name</span>\": \"<span class=sf-dump-str title=\"3 characters\">abc</span>\"
    </samp>}
    <span class=sf-dump-index>1</span> => {<a class=sf-dump-ref>#1230</a><samp data-depth=3 class=sf-dump-compact>
      +\"<span class=sf-dump-public title=\"Runtime added dynamic property\">id</span>\": <span class=sf-dump-num>1</span>
      +\"<span class=sf-dump-public title=\"Runtime added dynamic property\">name</span>\": \"<span class=sf-dump-str title=\"12 characters\">Common Fever</span>\"
    </samp>}
  </samp>]
  #<span class=sf-dump-protected title=\"Protected property\">escapeWhenCastingToString</span>: <span class=sf-dump-const>false</span>
</samp>}
</pre><script>Sfdump(\"sf-dump-1460722136\", {\"maxDepth\":3,\"maxStringLength\":160})</script>
","radiologyTests":"<pre class=sf-dump id=sf-dump-1748466467 data-indent-pad=\"  \"><span class=sf-dump-note>Illuminate\\Support\\Collection</span> {<a class=sf-dump-ref>#1232</a><samp data-depth=1 class=sf-dump-expanded>
  #<span class=sf-dump-protected title=\"Protected property\">items</span>: <span class=sf-dump-note>array:15</span> [<samp data-depth=2 class=sf-dump-compact>
    <span class=sf-dump-index>0</span> => {<a class=sf-dump-ref>#1236</a><samp data-depth=3 class=sf-dump-compact>
      +\"<span class=sf-dump-public title=\"Runtime added dynamic property\">id</span>\": <span class=sf-dump-num>5</span>
      +\"<span class=sf-dump-public title=\"Runtime added dynamic property\">name</span>\": \"<span class=sf-dump-str title=\"7 characters\">2D Echo</span>\"
      +\"<span class=sf-dump-public title=\"Runtime added dynamic property\">price</span>\": \"<span class=sf-dump-str title=\"7 characters\">2500.00</span>\"
    </samp>}
    <span class=sf-dump-index>1</span> => {<a class=sf-dump-ref>#1235</a><samp data-depth=3 class=sf-dump-compact>
      +\"<span class=sf-dump-public title=\"Runtime added dynamic property\">id</span>\": <span class=sf-dump-num>11</span>
      +\"<span class=sf-dump-public title=\"Runtime added dynamic property\">name</span>\": \"<span class=sf-dump-str title=\"32 characters\">Blood Test - Fasting Blood Sugar</span>\"
      +\"<span class=sf-dump-public title=\"Runtime added dynamic property\">price</span>\": \"<span class=sf-dump-str title=\"6 characters\">250.00</span>\"
    </samp>}
    <span class=sf-dump-index>2</span> => {<a class=sf-dump-ref>#1238</a><samp data-depth=3 class=sf-dump-compact>
      +\"<span class=sf-dump-public title=\"Runtime added dynamic property\">id</span>\": <span class=sf-dump-num>10</span>
      +\"<span class=sf-dump-public title=\"Runtime added dynamic property\">name</span>\": \"<span class=sf-dump-str title=\"16 characters\">Blood Test - FBC</span>\"
      +\"<span class=sf-dump-public title=\"Runtime added dynamic property\">price</span>\": \"<span class=sf-dump-str title=\"6 characters\">350.00</span>\"
    </samp>}
    <span class=sf-dump-index>3</span> => {<a class=sf-dump-ref>#1239</a><samp data-depth=3 class=sf-dump-compact>
      +\"<span class=sf-dump-public title=\"Runtime added dynamic property\">id</span>\": <span class=sf-dump-num>8</span>
      +\"<span class=sf-dump-public title=\"Runtime added dynamic property\">name</span>\": \"<span class=sf-dump-str title=\"7 characters\">CT Scan</span>\"
      +\"<span class=sf-dump-public title=\"Runtime added dynamic property\">price</span>\": \"<span class=sf-dump-str title=\"7 characters\">5000.00</span>\"
    </samp>}
    <span class=sf-dump-index>4</span> => {<a class=sf-dump-ref>#1240</a><samp data-depth=3 class=sf-dump-compact>
      +\"<span class=sf-dump-public title=\"Runtime added dynamic property\">id</span>\": <span class=sf-dump-num>6</span>
      +\"<span class=sf-dump-public title=\"Runtime added dynamic property\">name</span>\": \"<span class=sf-dump-str title=\"22 characters\">DEXA Bone Densitometry</span>\"
      +\"<span class=sf-dump-public title=\"Runtime added dynamic property\">price</span>\": \"<span class=sf-dump-str title=\"7 characters\">3000.00</span>\"
    </samp>}
    <span class=sf-dump-index>5</span> => {<a class=sf-dump-ref>#1241</a><samp data-depth=3 class=sf-dump-compact>
      +\"<span class=sf-dump-public title=\"Runtime added dynamic property\">id</span>\": <span class=sf-dump-num>2</span>
      +\"<span class=sf-dump-public title=\"Runtime added dynamic property\">name</span>\": \"<span class=sf-dump-str title=\"16 characters\">ECG (Heart Test)</span>\"
      +\"<span class=sf-dump-public title=\"Runtime added dynamic property\">price</span>\": \"<span class=sf-dump-str title=\"6 characters\">500.00</span>\"
    </samp>}
    <span class=sf-dump-index>6</span> => {<a class=sf-dump-ref>#1242</a><samp data-depth=3 class=sf-dump-compact>
      +\"<span class=sf-dump-public title=\"Runtime added dynamic property\">id</span>\": <span class=sf-dump-num>13</span>
      +\"<span class=sf-dump-public title=\"Runtime added dynamic property\">name</span>\": \"<span class=sf-dump-str title=\"13 characters\">Lipid Profile</span>\"
      +\"<span class=sf-dump-public title=\"Runtime added dynamic property\">price</span>\": \"<span class=sf-dump-str title=\"6 characters\">800.00</span>\"
    </samp>}
    <span class=sf-dump-index>7</span> => {<a class=sf-dump-ref>#1243</a><samp data-depth=3 class=sf-dump-compact>
      +\"<span class=sf-dump-public title=\"Runtime added dynamic property\">id</span>\": <span class=sf-dump-num>14</span>
      +\"<span class=sf-dump-public title=\"Runtime added dynamic property\">name</span>\": \"<span class=sf-dump-str title=\"19 characters\">Liver Function Test</span>\"
      +\"<span class=sf-dump-public title=\"Runtime added dynamic property\">price</span>\": \"<span class=sf-dump-str title=\"6 characters\">900.00</span>\"
    </samp>}
    <span class=sf-dump-index>8</span> => {<a class=sf-dump-ref>#1244</a><samp data-depth=3 class=sf-dump-compact>
      +\"<span class=sf-dump-public title=\"Runtime added dynamic property\">id</span>\": <span class=sf-dump-num>7</span>
      +\"<span class=sf-dump-public title=\"Runtime added dynamic property\">name</span>\": \"<span class=sf-dump-str title=\"11 characters\">Mammography</span>\"
      +\"<span class=sf-dump-public title=\"Runtime added dynamic property\">price</span>\": \"<span class=sf-dump-str title=\"7 characters\">2000.00</span>\"
    </samp>}
    <span class=sf-dump-index>9</span> => {<a class=sf-dump-ref>#1245</a><samp data-depth=3 class=sf-dump-compact>
      +\"<span class=sf-dump-public title=\"Runtime added dynamic property\">id</span>\": <span class=sf-dump-num>9</span>
      +\"<span class=sf-dump-public title=\"Runtime added dynamic property\">name</span>\": \"<span class=sf-dump-str title=\"3 characters\">MRI</span>\"
      +\"<span class=sf-dump-public title=\"Runtime added dynamic property\">price</span>\": \"<span class=sf-dump-str title=\"7 characters\">8000.00</span>\"
    </samp>}
    <span class=sf-dump-index>10</span> => {<a class=sf-dump-ref>#1246</a><samp data-depth=3 class=sf-dump-compact>
      +\"<span class=sf-dump-public title=\"Runtime added dynamic property\">id</span>\": <span class=sf-dump-num>3</span>
      +\"<span class=sf-dump-public title=\"Runtime added dynamic property\">name</span>\": \"<span class=sf-dump-str title=\"25 characters\">RLE (Resting 12 lead ECG)</span>\"
      +\"<span class=sf-dump-public title=\"Runtime added dynamic property\">price</span>\": \"<span class=sf-dump-str title=\"6 characters\">500.00</span>\"
    </samp>}
    <span class=sf-dump-index>11</span> => {<a class=sf-dump-ref>#1247</a><samp data-depth=3 class=sf-dump-compact>
      +\"<span class=sf-dump-public title=\"Runtime added dynamic property\">id</span>\": <span class=sf-dump-num>15</span>
      +\"<span class=sf-dump-public title=\"Runtime added dynamic property\">name</span>\": \"<span class=sf-dump-str title=\"15 characters\">Thyroid Profile</span>\"
      +\"<span class=sf-dump-public title=\"Runtime added dynamic property\">price</span>\": \"<span class=sf-dump-str title=\"6 characters\">700.00</span>\"
    </samp>}
    <span class=sf-dump-index>12</span> => {<a class=sf-dump-ref>#1248</a><samp data-depth=3 class=sf-dump-compact>
      +\"<span class=sf-dump-public title=\"Runtime added dynamic property\">id</span>\": <span class=sf-dump-num>12</span>
      +\"<span class=sf-dump-public title=\"Runtime added dynamic property\">name</span>\": \"<span class=sf-dump-str title=\"17 characters\">Urine Full Report</span>\"
      +\"<span class=sf-dump-public title=\"Runtime added dynamic property\">price</span>\": \"<span class=sf-dump-str title=\"6 characters\">200.00</span>\"
    </samp>}
    <span class=sf-dump-index>13</span> => {<a class=sf-dump-ref>#1249</a><samp data-depth=3 class=sf-dump-compact>
      +\"<span class=sf-dump-public title=\"Runtime added dynamic property\">id</span>\": <span class=sf-dump-num>4</span>
      +\"<span class=sf-dump-public title=\"Runtime added dynamic property\">name</span>\": \"<span class=sf-dump-str title=\"30 characters\">USG OBS (Ultrasound Pregnancy)</span>\"
      +\"<span class=sf-dump-public title=\"Runtime added dynamic property\">price</span>\": \"<span class=sf-dump-str title=\"7 characters\">1500.00</span>\"
    </samp>}
    <span class=sf-dump-index>14</span> => {<a class=sf-dump-ref>#1250</a><samp data-depth=3 class=sf-dump-compact>
      +\"<span class=sf-dump-public title=\"Runtime added dynamic property\">id</span>\": <span class=sf-dump-num>1</span>
      +\"<span class=sf-dump-public title=\"Runtime added dynamic property\">name</span>\": \"<span class=sf-dump-str title=\"5 characters\">X-RAY</span>\"
      +\"<span class=sf-dump-public title=\"Runtime added dynamic property\">price</span>\": \"<span class=sf-dump-str title=\"7 characters\">1000.00</span>\"
    </samp>}
  </samp>]
  #<span class=sf-dump-protected title=\"Protected property\">escapeWhenCastingToString</span>: <span class=sf-dump-const>false</span>
</samp>}
</pre><script>Sfdump(\"sf-dump-1748466467\", {\"maxDepth\":3,\"maxStringLength\":160})</script>
"}},"userId":1,"exception":"[object] (Spatie\\LaravelIgnition\\Exceptions\\ViewException(code: 0): Undefined variable $patients at D:/xampp/htdocs/clinicms/resources/views/prescriptions/edit.blade.php:50)
[stacktrace]
#0 D:/xampp/htdocs/clinicms/vendor/laravel/framework/src/Illuminate/Filesystem/Filesystem.php(123): require('D://xampp//htdocs...')
#1 D:/xampp/htdocs/clinicms/vendor/laravel/framework/src/Illuminate/Filesystem/Filesystem.php(124): Illuminate/Filesystem/Filesystem::Illuminate/Filesystem/{closure}()
#2 D:/xampp/htdocs/clinicms/vendor/laravel/framework/src/Illuminate/View/Engines/PhpEngine.php(58): Illuminate/Filesystem/Filesystem->getRequire('D://xampp//htdocs...', Array)
#3 D:/xampp/htdocs/clinicms/vendor/laravel/framework/src/Illuminate/View/Engines/CompilerEngine.php(72): Illuminate/View/Engines/PhpEngine->evaluatePath('D://xampp//htdocs...', Array)
#4 D:/xampp/htdocs/clinicms/vendor/laravel/framework/src/Illuminate/View/View.php(207): Illuminate/View/Engines/CompilerEngine->get('D://xampp//htdocs...', Array)
#5 D:/xampp/htdocs/clinicms/vendor/laravel/framework/src/Illuminate/View/View.php(190): Illuminate/View/View->getContents()
#6 D:/xampp/htdocs/clinicms/vendor/laravel/framework/src/Illuminate/View/View.php(159): Illuminate/View/View->renderContents()
#7 D:/xampp/htdocs/clinicms/vendor/laravel/framework/src/Illuminate/Http/Response.php(69): Illuminate/View/View->render()
#8 D:/xampp/htdocs/clinicms/vendor/laravel/framework/src/Illuminate/Http/Response.php(35): Illuminate/Http/Response->setContent(Object(Illuminate/View/View))
#9 D:/xampp/htdocs/clinicms/vendor/laravel/framework/src/Illuminate/Routing/Router.php(918): Illuminate/Http/Response->__construct(Object(Illuminate/View/View), 200, Array)
#10 D:/xampp/htdocs/clinicms/vendor/laravel/framework/src/Illuminate/Routing/Router.php(885): Illuminate/Routing/Router::toResponse(Object(Illuminate/Http/Request), Object(Illuminate/View/View))
#11 D:/xampp/htdocs/clinicms/vendor/laravel/framework/src/Illuminate/Routing/Router.php(805): Illuminate/Routing/Router->prepareResponse(Object(Illuminate/Http/Request), Object(Illuminate/View/View))
#12 D:/xampp/htdocs/clinicms/vendor/laravel/framework/src/Illuminate/Pipeline/Pipeline.php(144): Illuminate/Routing/Router->Illuminate/Routing/{closure}(Object(Illuminate/Http/Request))
#13 D:/xampp/htdocs/clinicms/vendor/laravel/framework/src/Illuminate/Routing/Middleware/SubstituteBindings.php(50): Illuminate/Pipeline/Pipeline->Illuminate/Pipeline/{closure}(Object(Illuminate/Http/Request))
#14 D:/xampp/htdocs/clinicms/vendor/laravel/framework/src/Illuminate/Pipeline/Pipeline.php(183): Illuminate/Routing/Middleware/SubstituteBindings->handle(Object(Illuminate/Http/Request), Object(Closure))
#15 D:/xampp/htdocs/clinicms/vendor/laravel/framework/src/Illuminate/Auth/Middleware/Authenticate.php(57): Illuminate/Pipeline/Pipeline->Illuminate/Pipeline/{closure}(Object(Illuminate/Http/Request))
#16 D:/xampp/htdocs/clinicms/vendor/laravel/framework/src/Illuminate/Pipeline/Pipeline.php(183): Illuminate/Auth/Middleware/Authenticate->handle(Object(Illuminate/Http/Request), Object(Closure))
#17 D:/xampp/htdocs/clinicms/vendor/laravel/framework/src/Illuminate/Foundation/Http/Middleware/VerifyCsrfToken.php(78): Illuminate/Pipeline/Pipeline->Illuminate/Pipeline/{closure}(Object(Illuminate/Http/Request))
#18 D:/xampp/htdocs/clinicms/vendor/laravel/framework/src/Illuminate/Pipeline/Pipeline.php(183): Illuminate/Foundation/Http/Middleware/VerifyCsrfToken->handle(Object(Illuminate/Http/Request), Object(Closure))
#19 D:/xampp/htdocs/clinicms/vendor/laravel/framework/src/Illuminate/View/Middleware/ShareErrorsFromSession.php(49): Illuminate/Pipeline/Pipeline->Illuminate/Pipeline/{closure}(Object(Illuminate/Http/Request))
#20 D:/xampp/htdocs/clinicms/vendor/laravel/framework/src/Illuminate/Pipeline/Pipeline.php(183): Illuminate/View/Middleware/ShareErrorsFromSession->handle(Object(Illuminate/Http/Request), Object(Closure))
#21 D:/xampp/htdocs/clinicms/vendor/laravel/framework/src/Illuminate/Session/Middleware/StartSession.php(121): Illuminate/Pipeline/Pipeline->Illuminate/Pipeline/{closure}(Object(Illuminate/Http/Request))
#22 D:/xampp/htdocs/clinicms/vendor/laravel/framework/src/Illuminate/Session/Middleware/StartSession.php(64): Illuminate/Session/Middleware/StartSession->handleStatefulRequest(Object(Illuminate/Http/Request), Object(Illuminate/Session/Store), Object(Closure))
#23 D:/xampp/htdocs/clinicms/vendor/laravel/framework/src/Illuminate/Pipeline/Pipeline.php(183): Illuminate/Session/Middleware/StartSession->handle(Object(Illuminate/Http/Request), Object(Closure))
#24 D:/xampp/htdocs/clinicms/vendor/laravel/framework/src/Illuminate/Cookie/Middleware/AddQueuedCookiesToResponse.php(37): Illuminate/Pipeline/Pipeline->Illuminate/Pipeline/{closure}(Object(Illuminate/Http/Request))
#25 D:/xampp/htdocs/clinicms/vendor/laravel/framework/src/Illuminate/Pipeline/Pipeline.php(183): Illuminate/Cookie/Middleware/AddQueuedCookiesToResponse->handle(Object(Illuminate/Http/Request), Object(Closure))
#26 D:/xampp/htdocs/clinicms/vendor/laravel/framework/src/Illuminate/Cookie/Middleware/EncryptCookies.php(67): Illuminate/Pipeline/Pipeline->Illuminate/Pipeline/{closure}(Object(Illuminate/Http/Request))
#27 D:/xampp/htdocs/clinicms/vendor/laravel/framework/src/Illuminate/Pipeline/Pipeline.php(183): Illuminate/Cookie/Middleware/EncryptCookies->handle(Object(Illuminate/Http/Request), Object(Closure))
#28 D:/xampp/htdocs/clinicms/vendor/laravel/framework/src/Illuminate/Pipeline/Pipeline.php(119): Illuminate/Pipeline/Pipeline->Illuminate/Pipeline/{closure}(Object(Illuminate/Http/Request))
#29 D:/xampp/htdocs/clinicms/vendor/laravel/framework/src/Illuminate/Routing/Router.php(805): Illuminate/Pipeline/Pipeline->then(Object(Closure))
#30 D:/xampp/htdocs/clinicms/vendor/laravel/framework/src/Illuminate/Routing/Router.php(784): Illuminate/Routing/Router->runRouteWithinStack(Object(Illuminate/Routing/Route), Object(Illuminate/Http/Request))
#31 D:/xampp/htdocs/clinicms/vendor/laravel/framework/src/Illuminate/Routing/Router.php(748): Illuminate/Routing/Router->runRoute(Object(Illuminate/Http/Request), Object(Illuminate/Routing/Route))
#32 D:/xampp/htdocs/clinicms/vendor/laravel/framework/src/Illuminate/Routing/Router.php(737): Illuminate/Routing/Router->dispatchToRoute(Object(Illuminate/Http/Request))
#33 D:/xampp/htdocs/clinicms/vendor/laravel/framework/src/Illuminate/Foundation/Http/Kernel.php(200): Illuminate/Routing/Router->dispatch(Object(Illuminate/Http/Request))
#34 D:/xampp/htdocs/clinicms/vendor/laravel/framework/src/Illuminate/Pipeline/Pipeline.php(144): Illuminate/Foundation/Http/Kernel->Illuminate/Foundation/Http/{closure}(Object(Illuminate/Http/Request))
#35 D:/xampp/htdocs/clinicms/vendor/laravel/framework/src/Illuminate/Foundation/Http/Middleware/TransformsRequest.php(21): Illuminate/Pipeline/Pipeline->Illuminate/Pipeline/{closure}(Object(Illuminate/Http/Request))
#36 D:/xampp/htdocs/clinicms/vendor/laravel/framework/src/Illuminate/Foundation/Http/Middleware/ConvertEmptyStringsToNull.php(31): Illuminate/Foundation/Http/Middleware/TransformsRequest->handle(Object(Illuminate/Http/Request), Object(Closure))
#37 D:/xampp/htdocs/clinicms/vendor/laravel/framework/src/Illuminate/Pipeline/Pipeline.php(183): Illuminate/Foundation/Http/Middleware/ConvertEmptyStringsToNull->handle(Object(Illuminate/Http/Request), Object(Closure))
#38 D:/xampp/htdocs/clinicms/vendor/laravel/framework/src/Illuminate/Foundation/Http/Middleware/TransformsRequest.php(21): Illuminate/Pipeline/Pipeline->Illuminate/Pipeline/{closure}(Object(Illuminate/Http/Request))
#39 D:/xampp/htdocs/clinicms/vendor/laravel/framework/src/Illuminate/Foundation/Http/Middleware/TrimStrings.php(40): Illuminate/Foundation/Http/Middleware/TransformsRequest->handle(Object(Illuminate/Http/Request), Object(Closure))
#40 D:/xampp/htdocs/clinicms/vendor/laravel/framework/src/Illuminate/Pipeline/Pipeline.php(183): Illuminate/Foundation/Http/Middleware/TrimStrings->handle(Object(Illuminate/Http/Request), Object(Closure))
#41 D:/xampp/htdocs/clinicms/vendor/laravel/framework/src/Illuminate/Foundation/Http/Middleware/ValidatePostSize.php(27): Illuminate/Pipeline/Pipeline->Illuminate/Pipeline/{closure}(Object(Illuminate/Http/Request))
#42 D:/xampp/htdocs/clinicms/vendor/laravel/framework/src/Illuminate/Pipeline/Pipeline.php(183): Illuminate/Foundation/Http/Middleware/ValidatePostSize->handle(Object(Illuminate/Http/Request), Object(Closure))
#43 D:/xampp/htdocs/clinicms/vendor/laravel/framework/src/Illuminate/Http/Middleware/HandleCors.php(49): Illuminate/Pipeline/Pipeline->Illuminate/Pipeline/{closure}(Object(Illuminate/Http/Request))
#44 D:/xampp/htdocs/clinicms/vendor/laravel/framework/src/Illuminate/Pipeline/Pipeline.php(183): Illuminate/Http/Middleware/HandleCors->handle(Object(Illuminate/Http/Request), Object(Closure))
#45 D:/xampp/htdocs/clinicms/vendor/laravel/framework/src/Illuminate/Foundation/Http/Middleware/PreventRequestsDuringMaintenance.php(99): Illuminate/Pipeline/Pipeline->Illuminate/Pipeline/{closure}(Object(Illuminate/Http/Request))
#46 D:/xampp/htdocs/clinicms/vendor/laravel/framework/src/Illuminate/Pipeline/Pipeline.php(183): Illuminate/Foundation/Http/Middleware/PreventRequestsDuringMaintenance->handle(Object(Illuminate/Http/Request), Object(Closure))
#47 D:/xampp/htdocs/clinicms/vendor/laravel/framework/src/Illuminate/Pipeline/Pipeline.php(119): Illuminate/Pipeline/Pipeline->Illuminate/Pipeline/{closure}(Object(Illuminate/Http/Request))
#48 D:/xampp/htdocs/clinicms/vendor/laravel/framework/src/Illuminate/Foundation/Http/Kernel.php(175): Illuminate/Pipeline/Pipeline->then(Object(Closure))
#49 D:/xampp/htdocs/clinicms/vendor/laravel/framework/src/Illuminate/Foundation/Http/Kernel.php(144): Illuminate/Foundation/Http/Kernel->sendRequestThroughRouter(Object(Illuminate/Http/Request))
#50 D:/xampp/htdocs/clinicms/public/index.php(18): Illuminate/Foundation/Http/Kernel->handle(Object(Illuminate/Http/Request))
#51 {main}

[previous exception] [object] (ErrorException(code: 0): Undefined variable $patients at D:/xampp/htdocs/clinicms/storage/framework/views/5e6f16ba766fcddeaec574b5d150151e.php:50)
[stacktrace]
#0 D:/xampp/htdocs/clinicms/vendor/laravel/framework/src/Illuminate/Foundation/Bootstrap/HandleExceptions.php(255): Illuminate/Foundation/Bootstrap/HandleExceptions->handleError(2, 'Undefined varia...', 'D://xampp//htdocs...', 50)
#1 D:/xampp/htdocs/clinicms/storage/framework/views/5e6f16ba766fcddeaec574b5d150151e.php(50): Illuminate/Foundation/Bootstrap/HandleExceptions->Illuminate/Foundation/Bootstrap/{closure}(2, 'Undefined varia...', 'D://xampp//htdocs...', 50)
#2 D:/xampp/htdocs/clinicms/vendor/laravel/framework/src/Illuminate/Filesystem/Filesystem.php(123): require('D://xampp//htdocs...')
#3 D:/xampp/htdocs/clinicms/vendor/laravel/framework/src/Illuminate/Filesystem/Filesystem.php(124): Illuminate/Filesystem/Filesystem::Illuminate/Filesystem/{closure}()
#4 D:/xampp/htdocs/clinicms/vendor/laravel/framework/src/Illuminate/View/Engines/PhpEngine.php(58): Illuminate/Filesystem/Filesystem->getRequire('D://xampp//htdocs...', Array)
#5 D:/xampp/htdocs/clinicms/vendor/laravel/framework/src/Illuminate/View/Engines/CompilerEngine.php(72): Illuminate/View/Engines/PhpEngine->evaluatePath('D://xampp//htdocs...', Array)
#6 D:/xampp/htdocs/clinicms/vendor/laravel/framework/src/Illuminate/View/View.php(207): Illuminate/View/Engines/CompilerEngine->get('D://xampp//htdocs...', Array)
#7 D:/xampp/htdocs/clinicms/vendor/laravel/framework/src/Illuminate/View/View.php(190): Illuminate/View/View->getContents()
#8 D:/xampp/htdocs/clinicms/vendor/laravel/framework/src/Illuminate/View/View.php(159): Illuminate/View/View->renderContents()
#9 D:/xampp/htdocs/clinicms/vendor/laravel/framework/src/Illuminate/Http/Response.php(69): Illuminate/View/View->render()
#10 D:/xampp/htdocs/clinicms/vendor/laravel/framework/src/Illuminate/Http/Response.php(35): Illuminate/Http/Response->setContent(Object(Illuminate/View/View))
#11 D:/xampp/htdocs/clinicms/vendor/laravel/framework/src/Illuminate/Routing/Router.php(918): Illuminate/Http/Response->__construct(Object(Illuminate/View/View), 200, Array)
#12 D:/xampp/htdocs/clinicms/vendor/laravel/framework/src/Illuminate/Routing/Router.php(885): Illuminate/Routing/Router::toResponse(Object(Illuminate/Http/Request), Object(Illuminate/View/View))
#13 D:/xampp/htdocs/clinicms/vendor/laravel/framework/src/Illuminate/Routing/Router.php(805): Illuminate/Routing/Router->prepareResponse(Object(Illuminate/Http/Request), Object(Illuminate/View/View))
#14 D:/xampp/htdocs/clinicms/vendor/laravel/framework/src/Illuminate/Pipeline/Pipeline.php(144): Illuminate/Routing/Router->Illuminate/Routing/{closure}(Object(Illuminate/Http/Request))
#15 D:/xampp/htdocs/clinicms/vendor/laravel/framework/src/Illuminate/Routing/Middleware/SubstituteBindings.php(50): Illuminate/Pipeline/Pipeline->Illuminate/Pipeline/{closure}(Object(Illuminate/Http/Request))
#16 D:/xampp/htdocs/clinicms/vendor/laravel/framework/src/Illuminate/Pipeline/Pipeline.php(183): Illuminate/Routing/Middleware/SubstituteBindings->handle(Object(Illuminate/Http/Request), Object(Closure))
#17 D:/xampp/htdocs/clinicms/vendor/laravel/framework/src/Illuminate/Auth/Middleware/Authenticate.php(57): Illuminate/Pipeline/Pipeline->Illuminate/Pipeline/{closure}(Object(Illuminate/Http/Request))
#18 D:/xampp/htdocs/clinicms/vendor/laravel/framework/src/Illuminate/Pipeline/Pipeline.php(183): Illuminate/Auth/Middleware/Authenticate->handle(Object(Illuminate/Http/Request), Object(Closure))
#19 D:/xampp/htdocs/clinicms/vendor/laravel/framework/src/Illuminate/Foundation/Http/Middleware/VerifyCsrfToken.php(78): Illuminate/Pipeline/Pipeline->Illuminate/Pipeline/{closure}(Object(Illuminate/Http/Request))
#20 D:/xampp/htdocs/clinicms/vendor/laravel/framework/src/Illuminate/Pipeline/Pipeline.php(183): Illuminate/Foundation/Http/Middleware/VerifyCsrfToken->handle(Object(Illuminate/Http/Request), Object(Closure))
#21 D:/xampp/htdocs/clinicms/vendor/laravel/framework/src/Illuminate/View/Middleware/ShareErrorsFromSession.php(49): Illuminate/Pipeline/Pipeline->Illuminate/Pipeline/{closure}(Object(Illuminate/Http/Request))
#22 D:/xampp/htdocs/clinicms/vendor/laravel/framework/src/Illuminate/Pipeline/Pipeline.php(183): Illuminate/View/Middleware/ShareErrorsFromSession->handle(Object(Illuminate/Http/Request), Object(Closure))
#23 D:/xampp/htdocs/clinicms/vendor/laravel/framework/src/Illuminate/Session/Middleware/StartSession.php(121): Illuminate/Pipeline/Pipeline->Illuminate/Pipeline/{closure}(Object(Illuminate/Http/Request))
#24 D:/xampp/htdocs/clinicms/vendor/laravel/framework/src/Illuminate/Session/Middleware/StartSession.php(64): Illuminate/Session/Middleware/StartSession->handleStatefulRequest(Object(Illuminate/Http/Request), Object(Illuminate/Session/Store), Object(Closure))
#25 D:/xampp/htdocs/clinicms/vendor/laravel/framework/src/Illuminate/Pipeline/Pipeline.php(183): Illuminate/Session/Middleware/StartSession->handle(Object(Illuminate/Http/Request), Object(Closure))
#26 D:/xampp/htdocs/clinicms/vendor/laravel/framework/src/Illuminate/Cookie/Middleware/AddQueuedCookiesToResponse.php(37): Illuminate/Pipeline/Pipeline->Illuminate/Pipeline/{closure}(Object(Illuminate/Http/Request))
#27 D:/xampp/htdocs/clinicms/vendor/laravel/framework/src/Illuminate/Pipeline/Pipeline.php(183): Illuminate/Cookie/Middleware/AddQueuedCookiesToResponse->handle(Object(Illuminate/Http/Request), Object(Closure))
#28 D:/xampp/htdocs/clinicms/vendor/laravel/framework/src/Illuminate/Cookie/Middleware/EncryptCookies.php(67): Illuminate/Pipeline/Pipeline->Illuminate/Pipeline/{closure}(Object(Illuminate/Http/Request))
#29 D:/xampp/htdocs/clinicms/vendor/laravel/framework/src/Illuminate/Pipeline/Pipeline.php(183): Illuminate/Cookie/Middleware/EncryptCookies->handle(Object(Illuminate/Http/Request), Object(Closure))
#30 D:/xampp/htdocs/clinicms/vendor/laravel/framework/src/Illuminate/Pipeline/Pipeline.php(119): Illuminate/Pipeline/Pipeline->Illuminate/Pipeline/{closure}(Object(Illuminate/Http/Request))
#31 D:/xampp/htdocs/clinicms/vendor/laravel/framework/src/Illuminate/Routing/Router.php(805): Illuminate/Pipeline/Pipeline->then(Object(Closure))
#32 D:/xampp/htdocs/clinicms/vendor/laravel/framework/src/Illuminate/Routing/Router.php(784): Illuminate/Routing/Router->runRouteWithinStack(Object(Illuminate/Routing/Route), Object(Illuminate/Http/Request))
#33 D:/xampp/htdocs/clinicms/vendor/laravel/framework/src/Illuminate/Routing/Router.php(748): Illuminate/Routing/Router->runRoute(Object(Illuminate/Http/Request), Object(Illuminate/Routing/Route))
#34 D:/xampp/htdocs/clinicms/vendor/laravel/framework/src/Illuminate/Routing/Router.php(737): Illuminate/Routing/Router->dispatchToRoute(Object(Illuminate/Http/Request))
#35 D:/xampp/htdocs/clinicms/vendor/laravel/framework/src/Illuminate/Foundation/Http/Kernel.php(200): Illuminate/Routing/Router->dispatch(Object(Illuminate/Http/Request))
#36 D:/xampp/htdocs/clinicms/vendor/laravel/framework/src/Illuminate/Pipeline/Pipeline.php(144): Illuminate/Foundation/Http/Kernel->Illuminate/Foundation/Http/{closure}(Object(Illuminate/Http/Request))
#37 D:/xampp/htdocs/clinicms/vendor/laravel/framework/src/Illuminate/Foundation/Http/Middleware/TransformsRequest.php(21): Illuminate/Pipeline/Pipeline->Illuminate/Pipeline/{closure}(Object(Illuminate/Http/Request))
#38 D:/xampp/htdocs/clinicms/vendor/laravel/framework/src/Illuminate/Foundation/Http/Middleware/ConvertEmptyStringsToNull.php(31): Illuminate/Foundation/Http/Middleware/TransformsRequest->handle(Object(Illuminate/Http/Request), Object(Closure))
#39 D:/xampp/htdocs/clinicms/vendor/laravel/framework/src/Illuminate/Pipeline/Pipeline.php(183): Illuminate/Foundation/Http/Middleware/ConvertEmptyStringsToNull->handle(Object(Illuminate/Http/Request), Object(Closure))
#40 D:/xampp/htdocs/clinicms/vendor/laravel/framework/src/Illuminate/Foundation/Http/Middleware/TransformsRequest.php(21): Illuminate/Pipeline/Pipeline->Illuminate/Pipeline/{closure}(Object(Illuminate/Http/Request))
#41 D:/xampp/htdocs/clinicms/vendor/laravel/framework/src/Illuminate/Foundation/Http/Middleware/TrimStrings.php(40): Illuminate/Foundation/Http/Middleware/TransformsRequest->handle(Object(Illuminate/Http/Request), Object(Closure))
#42 D:/xampp/htdocs/clinicms/vendor/laravel/framework/src/Illuminate/Pipeline/Pipeline.php(183): Illuminate/Foundation/Http/Middleware/TrimStrings->handle(Object(Illuminate/Http/Request), Object(Closure))
#43 D:/xampp/htdocs/clinicms/vendor/laravel/framework/src/Illuminate/Foundation/Http/Middleware/ValidatePostSize.php(27): Illuminate/Pipeline/Pipeline->Illuminate/Pipeline/{closure}(Object(Illuminate/Http/Request))
#44 D:/xampp/htdocs/clinicms/vendor/laravel/framework/src/Illuminate/Pipeline/Pipeline.php(183): Illuminate/Foundation/Http/Middleware/ValidatePostSize->handle(Object(Illuminate/Http/Request), Object(Closure))
#45 D:/xampp/htdocs/clinicms/vendor/laravel/framework/src/Illuminate/Http/Middleware/HandleCors.php(49): Illuminate/Pipeline/Pipeline->Illuminate/Pipeline/{closure}(Object(Illuminate/Http/Request))
#46 D:/xampp/htdocs/clinicms/vendor/laravel/framework/src/Illuminate/Pipeline/Pipeline.php(183): Illuminate/Http/Middleware/HandleCors->handle(Object(Illuminate/Http/Request), Object(Closure))
#47 D:/xampp/htdocs/clinicms/vendor/laravel/framework/src/Illuminate/Foundation/Http/Middleware/PreventRequestsDuringMaintenance.php(99): Illuminate/Pipeline/Pipeline->Illuminate/Pipeline/{closure}(Object(Illuminate/Http/Request))
#48 D:/xampp/htdocs/clinicms/vendor/laravel/framework/src/Illuminate/Pipeline/Pipeline.php(183): Illuminate/Foundation/Http/Middleware/PreventRequestsDuringMaintenance->handle(Object(Illuminate/Http/Request), Object(Closure))
#49 D:/xampp/htdocs/clinicms/vendor/laravel/framework/src/Illuminate/Pipeline/Pipeline.php(119): Illuminate/Pipeline/Pipeline->Illuminate/Pipeline/{closure}(Object(Illuminate/Http/Request))
#50 D:/xampp/htdocs/clinicms/vendor/laravel/framework/src/Illuminate/Foundation/Http/Kernel.php(175): Illuminate/Pipeline/Pipeline->then(Object(Closure))
#51 D:/xampp/htdocs/clinicms/vendor/laravel/framework/src/Illuminate/Foundation/Http/Kernel.php(144): Illuminate/Foundation/Http/Kernel->sendRequestThroughRouter(Object(Illuminate/Http/Request))
#52 D:/xampp/htdocs/clinicms/public/index.php(18): Illuminate/Foundation/Http/Kernel->handle(Object(Illuminate/Http/Request))
#53 {main}
"} 
[2026-09-29 15:06:56] local.ERROR: Route [reports.inventory] not defined. {"view":{"view":"D:\\xampp\\htdocs\\clinicms\\resources\\views\\inventory\\products\\show.blade.php","data":{"errors":"<pre class=sf-dump id=sf-dump-1138447343 data-indent-pad=\"  \"><span class=sf-dump-note>Illuminate\\Support\\ViewErrorBag</span> {<a class=sf-dump-ref>#1152</a><samp data-depth=1 class=sf-dump-expanded>
  #<span class=sf-dump-protected title=\"Protected property\">bags</span>: []
</samp>}
</pre><script>Sfdump(\"sf-dump-1138447343\", {\"maxDepth\":3,\"maxStringLength\":160})</script>
","product":"<pre class=sf-dump id=sf-dump-189846458 data-indent-pad=\"  \">{<a class=sf-dump-ref>#1206</a><samp data-depth=1 class=sf-dump-expanded>
  +\"<span class=sf-dump-public title=\"Runtime added dynamic property\">id</span>\": <span class=sf-dump-num>18</span>
  +\"<span class=sf-dump-public title=\"Runtime added dynamic property\">name</span>\": \"<span class=sf-dump-str title=\"17 characters\">Paracetamol 500mg</span>\"
  +\"<span class=sf-dump-public title=\"Runtime added dynamic property\">sku</span>\": \"<span class=sf-dump-str title=\"7 characters\">MED-001</span>\"
  +\"<span class=sf-dump-public title=\"Runtime added dynamic property\">barcode</span>\": \"<span class=sf-dump-str title=\"12 characters\">479000000001</span>\"
  +\"<span class=sf-dump-public title=\"Runtime added dynamic property\">category_id</span>\": <span class=sf-dump-num>4</span>
  +\"<span class=sf-dump-public title=\"Runtime added dynamic property\">drug_type_id</span>\": <span class=sf-dump-num>9</span>
  +\"<span class=sf-dump-public title=\"Runtime added dynamic property\">form_type</span>\": \"<span class=sf-dump-str title=\"6 characters\">tablet</span>\"
  +\"<span class=sf-dump-public title=\"Runtime added dynamic property\">strength</span>\": \"<span class=sf-dump-str title=\"5 characters\">500mg</span>\"
  +\"<span class=sf-dump-public title=\"Runtime added dynamic property\">generic_name</span>\": \"<span class=sf-dump-str title=\"11 characters\">Paracetamol</span>\"
  +\"<span class=sf-dump-public title=\"Runtime added dynamic property\">manufacturer</span>\": \"<span class=sf-dump-str title=\"10 characters\">ABC Pharma</span>\"
  +\"<span class=sf-dump-public title=\"Runtime added dynamic property\">description</span>\": <span class=sf-dump-const>null</span>
  +\"<span class=sf-dump-public title=\"Runtime added dynamic property\">purchase_unit_id</span>\": <span class=sf-dump-num>7</span>
  +\"<span class=sf-dump-public title=\"Runtime added dynamic property\">pieces_per_purchase_unit</span>\": \"<span class=sf-dump-str title=\"6 characters\">100.00</span>\"
  +\"<span class=sf-dump-public title=\"Runtime added dynamic property\">selling_unit_id</span>\": <span class=sf-dump-num>1</span>
  +\"<span class=sf-dump-public title=\"Runtime added dynamic property\">purchase_price</span>\": \"<span class=sf-dump-str title=\"7 characters\">1800.00</span>\"
  +\"<span class=sf-dump-public title=\"Runtime added dynamic property\">selling_price</span>\": \"<span class=sf-dump-str title=\"5 characters\">20.00</span>\"
  +\"<span class=sf-dump-public title=\"Runtime added dynamic property\">mrp</span>\": \"<span class=sf-dump-str title=\"5 characters\">25.00</span>\"
  +\"<span class=sf-dump-public title=\"Runtime added dynamic property\">tax_percent</span>\": \"<span class=sf-dump-str title=\"4 characters\">0.00</span>\"
  +\"<span class=sf-dump-public title=\"Runtime added dynamic property\">discount_percent</span>\": \"<span class=sf-dump-str title=\"4 characters\">0.00</span>\"
  +\"<span class=sf-dump-public title=\"Runtime added dynamic property\">rack_number</span>\": \"<span class=sf-dump-str title=\"4 characters\">A-01</span>\"
  +\"<span class=sf-dump-public title=\"Runtime added dynamic property\">shelf_number</span>\": <span class=sf-dump-const>null</span>
  +\"<span class=sf-dump-public title=\"Runtime added dynamic property\">min_stock</span>\": \"<span class=sf-dump-str title=\"5 characters\">20.00</span>\"
  +\"<span class=sf-dump-public title=\"Runtime added dynamic property\">is_prescription_required</span>\": <span class=sf-dump-num>0</span>
  +\"<span class=sf-dump-public title=\"Runtime added dynamic property\">is_active</span>\": <span class=sf-dump-num>1</span>
  +\"<span class=sf-dump-public title=\"Runtime added dynamic property\">track_batch</span>\": <span class=sf-dump-num>1</span>
  +\"<span class=sf-dump-public title=\"Runtime added dynamic property\">image</span>\": <span class=sf-dump-const>null</span>
  +\"<span class=sf-dump-public title=\"Runtime added dynamic property\">created_at</span>\": \"<span class=sf-dump-str title=\"19 characters\">2026-09-28 21:39:10</span>\"
  +\"<span class=sf-dump-public title=\"Runtime added dynamic property\">updated_at</span>\": \"<span class=sf-dump-str title=\"19 characters\">2026-09-28 21:39:10</span>\"
  +\"<span class=sf-dump-public title=\"Runtime added dynamic property\">deleted_at</span>\": <span class=sf-dump-const>null</span>
  +\"<span class=sf-dump-public title=\"Runtime added dynamic property\">purchase_unit</span>\": \"<span class=sf-dump-str title=\"3 characters\">box</span>\"
  +\"<span class=sf-dump-public title=\"Runtime added dynamic property\">category_name</span>\": \"<span class=sf-dump-str title=\"8 characters\">Medicine</span>\"
  +\"<span class=sf-dump-public title=\"Runtime added dynamic property\">recorded_pcs</span>\": \"<span class=sf-dump-str title=\"6 characters\">450.00</span>\"
  +\"<span class=sf-dump-public title=\"Runtime added dynamic property\">available_pcs</span>\": \"<span class=sf-dump-str title=\"6 characters\">450.00</span>\"
  +\"<span class=sf-dump-public title=\"Runtime added dynamic property\">expired_pcs</span>\": \"<span class=sf-dump-str title=\"4 characters\">0.00</span>\"
  +\"<span class=sf-dump-public title=\"Runtime added dynamic property\">expiring_pcs</span>\": \"<span class=sf-dump-str title=\"4 characters\">0.00</span>\"
  +\"<span class=sf-dump-public title=\"Runtime added dynamic property\">negative_batches</span>\": \"<span class=sf-dump-str>0</span>\"
  +\"<span class=sf-dump-public title=\"Runtime added dynamic property\">ledger_pcs</span>\": \"<span class=sf-dump-str title=\"6 characters\">450.00</span>\"
  +\"<span class=sf-dump-public title=\"Runtime added dynamic property\">unrecorded_difference</span>\": \"<span class=sf-dump-str title=\"4 characters\">0.00</span>\"
  +\"<span class=sf-dump-public title=\"Runtime added dynamic property\">mismatched_batches</span>\": <span class=sf-dump-num>0</span>
</samp>}
</pre><script>Sfdump(\"sf-dump-189846458\", {\"maxDepth\":3,\"maxStringLength\":160})</script>
","state":"<pre class=sf-dump id=sf-dump-736167808 data-indent-pad=\"  \">{<a class=sf-dump-ref>#1193</a><samp data-depth=1 class=sf-dump-expanded>
  +\"<span class=sf-dump-public title=\"Runtime added dynamic property\">id</span>\": <span class=sf-dump-num>1</span>
  +\"<span class=sf-dump-public title=\"Runtime added dynamic property\">started_at</span>\": \"<span class=sf-dump-str title=\"19 characters\">2026-09-29 15:06:27</span>\"
</samp>}
</pre><script>Sfdump(\"sf-dump-736167808\", {\"maxDepth\":3,\"maxStringLength\":160})</script>
","filters":"<pre class=sf-dump id=sf-dump-1206833034 data-indent-pad=\"  \">[]
</pre><script>Sfdump(\"sf-dump-1206833034\", {\"maxDepth\":3,\"maxStringLength\":160})</script>
","movements":"<pre class=sf-dump id=sf-dump-788958639 data-indent-pad=\"  \"><span class=sf-dump-note>Illuminate\\Pagination\\LengthAwarePaginator</span> {<a class=sf-dump-ref>#1202</a><samp data-depth=1 class=sf-dump-expanded>
  #<span class=sf-dump-protected title=\"Protected property\">items</span>: <span class=\"sf-dump-note sf-dump-ellipsization\" title=\"Illuminate\\Support\\Collection
\"><span class=\"sf-dump-ellipsis sf-dump-ellipsis-note\">Illuminate\\Support</span><span class=\"sf-dump-ellipsis sf-dump-ellipsis-note\">\\</span><span class=\"sf-dump-ellipsis-tail\">Collection</span></span> {<a class=sf-dump-ref>#1175</a><samp data-depth=2 class=sf-dump-compact>
    #<span class=sf-dump-protected title=\"Protected property\">items</span>: []
    #<span class=sf-dump-protected title=\"Protected property\">escapeWhenCastingToString</span>: <span class=sf-dump-const>false</span>
  </samp>}
  #<span class=sf-dump-protected title=\"Protected property\">perPage</span>: <span class=sf-dump-num>25</span>
  #<span class=sf-dump-protected title=\"Protected property\">currentPage</span>: <span class=sf-dump-num>1</span>
  #<span class=sf-dump-protected title=\"Protected property\">path</span>: \"<span class=sf-dump-str title=\"44 characters\">http://localhost/clinicms/public/products/18</span>\"
  #<span class=sf-dump-protected title=\"Protected property\">query</span>: []
  #<span class=sf-dump-protected title=\"Protected property\">fragment</span>: <span class=sf-dump-const>null</span>
  #<span class=sf-dump-protected title=\"Protected property\">pageName</span>: \"<span class=sf-dump-str title=\"14 characters\">movements_page</span>\"
  +<span class=sf-dump-public title=\"Public property\">onEachSide</span>: <span class=sf-dump-num>3</span>
  #<span class=sf-dump-protected title=\"Protected property\">options</span>: <span class=sf-dump-note>array:2</span> [<samp data-depth=2 class=sf-dump-compact>
    \"<span class=sf-dump-key>path</span>\" => \"<span class=sf-dump-str title=\"44 characters\">http://localhost/clinicms/public/products/18</span>\"
    \"<span class=sf-dump-key>pageName</span>\" => \"<span class=sf-dump-str title=\"14 characters\">movements_page</span>\"
  </samp>]
  #<span class=sf-dump-protected title=\"Protected property\">total</span>: <span class=sf-dump-num>0</span>
  #<span class=sf-dump-protected title=\"Protected property\">lastPage</span>: <span class=sf-dump-num>1</span>
</samp>}
</pre><script>Sfdump(\"sf-dump-788958639\", {\"maxDepth\":3,\"maxStringLength\":160})</script>
","kinds":"<pre class=sf-dump id=sf-dump-2064992614 data-indent-pad=\"  \"><span class=sf-dump-note>array:3</span> [<samp data-depth=1 class=sf-dump-expanded>
  \"<span class=sf-dump-key>prescription</span>\" => \"<span class=sf-dump-str title=\"12 characters\">Prescription</span>\"
  \"<span class=sf-dump-key>purchase</span>\" => \"<span class=sf-dump-str title=\"16 characters\">Purchase Invoice</span>\"
  \"<span class=sf-dump-key>adjustment</span>\" => \"<span class=sf-dump-str title=\"16 characters\">Stock Adjustment</span>\"
</samp>]
</pre><script>Sfdump(\"sf-dump-2064992614\", {\"maxDepth\":3,\"maxStringLength\":160})</script>
"}},"userId":1,"exception":"[object] (Spatie\\LaravelIgnition\\Exceptions\\ViewException(code: 0): Route [reports.inventory] not defined. at D:/xampp/htdocs/clinicms/vendor/laravel/framework/src/Illuminate/Routing/UrlGenerator.php:477)
[stacktrace]
#0 D:/xampp/htdocs/clinicms/vendor/laravel/framework/src/Illuminate/Foundation/helpers.php(811): Illuminate/Routing/UrlGenerator->route('reports.invento...', Array, true)
#1 D:/xampp/htdocs/clinicms/resources/views/inventory/products/show.blade.php(7): route('reports.invento...', Array)
#2 D:/xampp/htdocs/clinicms/vendor/laravel/framework/src/Illuminate/Filesystem/Filesystem.php(123): require('D://xampp//htdocs...')
#3 D:/xampp/htdocs/clinicms/vendor/laravel/framework/src/Illuminate/Filesystem/Filesystem.php(124): Illuminate/Filesystem/Filesystem::Illuminate/Filesystem/{closure}()
#4 D:/xampp/htdocs/clinicms/vendor/laravel/framework/src/Illuminate/View/Engines/PhpEngine.php(58): Illuminate/Filesystem/Filesystem->getRequire('D://xampp//htdocs...', Array)
#5 D:/xampp/htdocs/clinicms/vendor/laravel/framework/src/Illuminate/View/Engines/CompilerEngine.php(72): Illuminate/View/Engines/PhpEngine->evaluatePath('D://xampp//htdocs...', Array)
#6 D:/xampp/htdocs/clinicms/vendor/laravel/framework/src/Illuminate/View/View.php(207): Illuminate/View/Engines/CompilerEngine->get('D://xampp//htdocs...', Array)
#7 D:/xampp/htdocs/clinicms/vendor/laravel/framework/src/Illuminate/View/View.php(190): Illuminate/View/View->getContents()
#8 D:/xampp/htdocs/clinicms/vendor/laravel/framework/src/Illuminate/View/View.php(159): Illuminate/View/View->renderContents()
#9 D:/xampp/htdocs/clinicms/vendor/laravel/framework/src/Illuminate/Http/Response.php(69): Illuminate/View/View->render()
#10 D:/xampp/htdocs/clinicms/vendor/laravel/framework/src/Illuminate/Http/Response.php(35): Illuminate/Http/Response->setContent(Object(Illuminate/View/View))
#11 D:/xampp/htdocs/clinicms/vendor/laravel/framework/src/Illuminate/Routing/ResponseFactory.php(58): Illuminate/Http/Response->__construct(Object(Illuminate/View/View), 200, Array)
#12 D:/xampp/htdocs/clinicms/vendor/laravel/framework/src/Illuminate/Routing/ResponseFactory.php(88): Illuminate/Routing/ResponseFactory->make(Object(Illuminate/View/View), 200, Array)
#13 D:/xampp/htdocs/clinicms/app/Http/Controllers/ProductController.php(394): Illuminate/Routing/ResponseFactory->view('inventory.produ...', Array)
#14 D:/xampp/htdocs/clinicms/vendor/laravel/framework/src/Illuminate/Routing/Controller.php(54): App/Http/Controllers/ProductController->show(Object(Illuminate/Http/Request), Object(App/Models/Product), Object(App/Services/InventoryReadService))
#15 D:/xampp/htdocs/clinicms/vendor/laravel/framework/src/Illuminate/Routing/ControllerDispatcher.php(43): Illuminate/Routing/Controller->callAction('show', Array)
#16 D:/xampp/htdocs/clinicms/vendor/laravel/framework/src/Illuminate/Routing/Route.php(259): Illuminate/Routing/ControllerDispatcher->dispatch(Object(Illuminate/Routing/Route), Object(App/Http/Controllers/ProductController), 'show')
#17 D:/xampp/htdocs/clinicms/vendor/laravel/framework/src/Illuminate/Routing/Route.php(205): Illuminate/Routing/Route->runController()
#18 D:/xampp/htdocs/clinicms/vendor/laravel/framework/src/Illuminate/Routing/Router.php(806): Illuminate/Routing/Route->run()
#19 D:/xampp/htdocs/clinicms/vendor/laravel/framework/src/Illuminate/Pipeline/Pipeline.php(144): Illuminate/Routing/Router->Illuminate/Routing/{closure}(Object(Illuminate/Http/Request))
#20 D:/xampp/htdocs/clinicms/vendor/laravel/framework/src/Illuminate/Routing/Middleware/SubstituteBindings.php(50): Illuminate/Pipeline/Pipeline->Illuminate/Pipeline/{closure}(Object(Illuminate/Http/Request))
#21 D:/xampp/htdocs/clinicms/vendor/laravel/framework/src/Illuminate/Pipeline/Pipeline.php(183): Illuminate/Routing/Middleware/SubstituteBindings->handle(Object(Illuminate/Http/Request), Object(Closure))
#22 D:/xampp/htdocs/clinicms/vendor/laravel/framework/src/Illuminate/Auth/Middleware/Authenticate.php(57): Illuminate/Pipeline/Pipeline->Illuminate/Pipeline/{closure}(Object(Illuminate/Http/Request))
#23 D:/xampp/htdocs/clinicms/vendor/laravel/framework/src/Illuminate/Pipeline/Pipeline.php(183): Illuminate/Auth/Middleware/Authenticate->handle(Object(Illuminate/Http/Request), Object(Closure))
#24 D:/xampp/htdocs/clinicms/vendor/laravel/framework/src/Illuminate/Foundation/Http/Middleware/VerifyCsrfToken.php(78): Illuminate/Pipeline/Pipeline->Illuminate/Pipeline/{closure}(Object(Illuminate/Http/Request))
#25 D:/xampp/htdocs/clinicms/vendor/laravel/framework/src/Illuminate/Pipeline/Pipeline.php(183): Illuminate/Foundation/Http/Middleware/VerifyCsrfToken->handle(Object(Illuminate/Http/Request), Object(Closure))
#26 D:/xampp/htdocs/clinicms/vendor/laravel/framework/src/Illuminate/View/Middleware/ShareErrorsFromSession.php(49): Illuminate/Pipeline/Pipeline->Illuminate/Pipeline/{closure}(Object(Illuminate/Http/Request))
#27 D:/xampp/htdocs/clinicms/vendor/laravel/framework/src/Illuminate/Pipeline/Pipeline.php(183): Illuminate/View/Middleware/ShareErrorsFromSession->handle(Object(Illuminate/Http/Request), Object(Closure))
#28 D:/xampp/htdocs/clinicms/vendor/laravel/framework/src/Illuminate/Session/Middleware/StartSession.php(121): Illuminate/Pipeline/Pipeline->Illuminate/Pipeline/{closure}(Object(Illuminate/Http/Request))
#29 D:/xampp/htdocs/clinicms/vendor/laravel/framework/src/Illuminate/Session/Middleware/StartSession.php(64): Illuminate/Session/Middleware/StartSession->handleStatefulRequest(Object(Illuminate/Http/Request), Object(Illuminate/Session/Store), Object(Closure))
#30 D:/xampp/htdocs/clinicms/vendor/laravel/framework/src/Illuminate/Pipeline/Pipeline.php(183): Illuminate/Session/Middleware/StartSession->handle(Object(Illuminate/Http/Request), Object(Closure))
#31 D:/xampp/htdocs/clinicms/vendor/laravel/framework/src/Illuminate/Cookie/Middleware/AddQueuedCookiesToResponse.php(37): Illuminate/Pipeline/Pipeline->Illuminate/Pipeline/{closure}(Object(Illuminate/Http/Request))
#32 D:/xampp/htdocs/clinicms/vendor/laravel/framework/src/Illuminate/Pipeline/Pipeline.php(183): Illuminate/Cookie/Middleware/AddQueuedCookiesToResponse->handle(Object(Illuminate/Http/Request), Object(Closure))
#33 D:/xampp/htdocs/clinicms/vendor/laravel/framework/src/Illuminate/Cookie/Middleware/EncryptCookies.php(67): Illuminate/Pipeline/Pipeline->Illuminate/Pipeline/{closure}(Object(Illuminate/Http/Request))
#34 D:/xampp/htdocs/clinicms/vendor/laravel/framework/src/Illuminate/Pipeline/Pipeline.php(183): Illuminate/Cookie/Middleware/EncryptCookies->handle(Object(Illuminate/Http/Request), Object(Closure))
#35 D:/xampp/htdocs/clinicms/vendor/laravel/framework/src/Illuminate/Pipeline/Pipeline.php(119): Illuminate/Pipeline/Pipeline->Illuminate/Pipeline/{closure}(Object(Illuminate/Http/Request))
#36 D:/xampp/htdocs/clinicms/vendor/laravel/framework/src/Illuminate/Routing/Router.php(805): Illuminate/Pipeline/Pipeline->then(Object(Closure))
#37 D:/xampp/htdocs/clinicms/vendor/laravel/framework/src/Illuminate/Routing/Router.php(784): Illuminate/Routing/Router->runRouteWithinStack(Object(Illuminate/Routing/Route), Object(Illuminate/Http/Request))
#38 D:/xampp/htdocs/clinicms/vendor/laravel/framework/src/Illuminate/Routing/Router.php(748): Illuminate/Routing/Router->runRoute(Object(Illuminate/Http/Request), Object(Illuminate/Routing/Route))
#39 D:/xampp/htdocs/clinicms/vendor/laravel/framework/src/Illuminate/Routing/Router.php(737): Illuminate/Routing/Router->dispatchToRoute(Object(Illuminate/Http/Request))
#40 D:/xampp/htdocs/clinicms/vendor/laravel/framework/src/Illuminate/Foundation/Http/Kernel.php(200): Illuminate/Routing/Router->dispatch(Object(Illuminate/Http/Request))
#41 D:/xampp/htdocs/clinicms/vendor/laravel/framework/src/Illuminate/Pipeline/Pipeline.php(144): Illuminate/Foundation/Http/Kernel->Illuminate/Foundation/Http/{closure}(Object(Illuminate/Http/Request))
#42 D:/xampp/htdocs/clinicms/vendor/laravel/framework/src/Illuminate/Foundation/Http/Middleware/TransformsRequest.php(21): Illuminate/Pipeline/Pipeline->Illuminate/Pipeline/{closure}(Object(Illuminate/Http/Request))
#43 D:/xampp/htdocs/clinicms/vendor/laravel/framework/src/Illuminate/Foundation/Http/Middleware/ConvertEmptyStringsToNull.php(31): Illuminate/Foundation/Http/Middleware/TransformsRequest->handle(Object(Illuminate/Http/Request), Object(Closure))
#44 D:/xampp/htdocs/clinicms/vendor/laravel/framework/src/Illuminate/Pipeline/Pipeline.php(183): Illuminate/Foundation/Http/Middleware/ConvertEmptyStringsToNull->handle(Object(Illuminate/Http/Request), Object(Closure))
#45 D:/xampp/htdocs/clinicms/vendor/laravel/framework/src/Illuminate/Foundation/Http/Middleware/TransformsRequest.php(21): Illuminate/Pipeline/Pipeline->Illuminate/Pipeline/{closure}(Object(Illuminate/Http/Request))
#46 D:/xampp/htdocs/clinicms/vendor/laravel/framework/src/Illuminate/Foundation/Http/Middleware/TrimStrings.php(40): Illuminate/Foundation/Http/Middleware/TransformsRequest->handle(Object(Illuminate/Http/Request), Object(Closure))
#47 D:/xampp/htdocs/clinicms/vendor/laravel/framework/src/Illuminate/Pipeline/Pipeline.php(183): Illuminate/Foundation/Http/Middleware/TrimStrings->handle(Object(Illuminate/Http/Request), Object(Closure))
#48 D:/xampp/htdocs/clinicms/vendor/laravel/framework/src/Illuminate/Foundation/Http/Middleware/ValidatePostSize.php(27): Illuminate/Pipeline/Pipeline->Illuminate/Pipeline/{closure}(Object(Illuminate/Http/Request))
#49 D:/xampp/htdocs/clinicms/vendor/laravel/framework/src/Illuminate/Pipeline/Pipeline.php(183): Illuminate/Foundation/Http/Middleware/ValidatePostSize->handle(Object(Illuminate/Http/Request), Object(Closure))
#50 D:/xampp/htdocs/clinicms/vendor/laravel/framework/src/Illuminate/Http/Middleware/HandleCors.php(49): Illuminate/Pipeline/Pipeline->Illuminate/Pipeline/{closure}(Object(Illuminate/Http/Request))
#51 D:/xampp/htdocs/clinicms/vendor/laravel/framework/src/Illuminate/Pipeline/Pipeline.php(183): Illuminate/Http/Middleware/HandleCors->handle(Object(Illuminate/Http/Request), Object(Closure))
#52 D:/xampp/htdocs/clinicms/vendor/laravel/framework/src/Illuminate/Foundation/Http/Middleware/PreventRequestsDuringMaintenance.php(99): Illuminate/Pipeline/Pipeline->Illuminate/Pipeline/{closure}(Object(Illuminate/Http/Request))
#53 D:/xampp/htdocs/clinicms/vendor/laravel/framework/src/Illuminate/Pipeline/Pipeline.php(183): Illuminate/Foundation/Http/Middleware/PreventRequestsDuringMaintenance->handle(Object(Illuminate/Http/Request), Object(Closure))
#54 D:/xampp/htdocs/clinicms/vendor/laravel/framework/src/Illuminate/Pipeline/Pipeline.php(119): Illuminate/Pipeline/Pipeline->Illuminate/Pipeline/{closure}(Object(Illuminate/Http/Request))
#55 D:/xampp/htdocs/clinicms/vendor/laravel/framework/src/Illuminate/Foundation/Http/Kernel.php(175): Illuminate/Pipeline/Pipeline->then(Object(Closure))
#56 D:/xampp/htdocs/clinicms/vendor/laravel/framework/src/Illuminate/Foundation/Http/Kernel.php(144): Illuminate/Foundation/Http/Kernel->sendRequestThroughRouter(Object(Illuminate/Http/Request))
#57 D:/xampp/htdocs/clinicms/public/index.php(18): Illuminate/Foundation/Http/Kernel->handle(Object(Illuminate/Http/Request))
#58 {main}

[previous exception] [object] (Symfony\\Component\\Routing\\Exception\\RouteNotFoundException(code: 0): Route [reports.inventory] not defined. at D:/xampp/htdocs/clinicms/vendor/laravel/framework/src/Illuminate/Routing/UrlGenerator.php:477)
[stacktrace]
#0 D:/xampp/htdocs/clinicms/vendor/laravel/framework/src/Illuminate/Foundation/helpers.php(811): Illuminate/Routing/UrlGenerator->route('reports.invento...', Array, true)
#1 D:/xampp/htdocs/clinicms/storage/framework/views/3b953ff3d7d71cd30b2f2344c46cd7f2.php(6): route('reports.invento...', Array)
#2 D:/xampp/htdocs/clinicms/vendor/laravel/framework/src/Illuminate/Filesystem/Filesystem.php(123): require('D://xampp//htdocs...')
#3 D:/xampp/htdocs/clinicms/vendor/laravel/framework/src/Illuminate/Filesystem/Filesystem.php(124): Illuminate/Filesystem/Filesystem::Illuminate/Filesystem/{closure}()
#4 D:/xampp/htdocs/clinicms/vendor/laravel/framework/src/Illuminate/View/Engines/PhpEngine.php(58): Illuminate/Filesystem/Filesystem->getRequire('D://xampp//htdocs...', Array)
#5 D:/xampp/htdocs/clinicms/vendor/laravel/framework/src/Illuminate/View/Engines/CompilerEngine.php(72): Illuminate/View/Engines/PhpEngine->evaluatePath('D://xampp//htdocs...', Array)
#6 D:/xampp/htdocs/clinicms/vendor/laravel/framework/src/Illuminate/View/View.php(207): Illuminate/View/Engines/CompilerEngine->get('D://xampp//htdocs...', Array)
#7 D:/xampp/htdocs/clinicms/vendor/laravel/framework/src/Illuminate/View/View.php(190): Illuminate/View/View->getContents()
#8 D:/xampp/htdocs/clinicms/vendor/laravel/framework/src/Illuminate/View/View.php(159): Illuminate/View/View->renderContents()
#9 D:/xampp/htdocs/clinicms/vendor/laravel/framework/src/Illuminate/Http/Response.php(69): Illuminate/View/View->render()
#10 D:/xampp/htdocs/clinicms/vendor/laravel/framework/src/Illuminate/Http/Response.php(35): Illuminate/Http/Response->setContent(Object(Illuminate/View/View))
#11 D:/xampp/htdocs/clinicms/vendor/laravel/framework/src/Illuminate/Routing/ResponseFactory.php(58): Illuminate/Http/Response->__construct(Object(Illuminate/View/View), 200, Array)
#12 D:/xampp/htdocs/clinicms/vendor/laravel/framework/src/Illuminate/Routing/ResponseFactory.php(88): Illuminate/Routing/ResponseFactory->make(Object(Illuminate/View/View), 200, Array)
#13 D:/xampp/htdocs/clinicms/app/Http/Controllers/ProductController.php(394): Illuminate/Routing/ResponseFactory->view('inventory.produ...', Array)
#14 D:/xampp/htdocs/clinicms/vendor/laravel/framework/src/Illuminate/Routing/Controller.php(54): App/Http/Controllers/ProductController->show(Object(Illuminate/Http/Request), Object(App/Models/Product), Object(App/Services/InventoryReadService))
#15 D:/xampp/htdocs/clinicms/vendor/laravel/framework/src/Illuminate/Routing/ControllerDispatcher.php(43): Illuminate/Routing/Controller->callAction('show', Array)
#16 D:/xampp/htdocs/clinicms/vendor/laravel/framework/src/Illuminate/Routing/Route.php(259): Illuminate/Routing/ControllerDispatcher->dispatch(Object(Illuminate/Routing/Route), Object(App/Http/Controllers/ProductController), 'show')
#17 D:/xampp/htdocs/clinicms/vendor/laravel/framework/src/Illuminate/Routing/Route.php(205): Illuminate/Routing/Route->runController()
#18 D:/xampp/htdocs/clinicms/vendor/laravel/framework/src/Illuminate/Routing/Router.php(806): Illuminate/Routing/Route->run()
#19 D:/xampp/htdocs/clinicms/vendor/laravel/framework/src/Illuminate/Pipeline/Pipeline.php(144): Illuminate/Routing/Router->Illuminate/Routing/{closure}(Object(Illuminate/Http/Request))
#20 D:/xampp/htdocs/clinicms/vendor/laravel/framework/src/Illuminate/Routing/Middleware/SubstituteBindings.php(50): Illuminate/Pipeline/Pipeline->Illuminate/Pipeline/{closure}(Object(Illuminate/Http/Request))
#21 D:/xampp/htdocs/clinicms/vendor/laravel/framework/src/Illuminate/Pipeline/Pipeline.php(183): Illuminate/Routing/Middleware/SubstituteBindings->handle(Object(Illuminate/Http/Request), Object(Closure))
#22 D:/xampp/htdocs/clinicms/vendor/laravel/framework/src/Illuminate/Auth/Middleware/Authenticate.php(57): Illuminate/Pipeline/Pipeline->Illuminate/Pipeline/{closure}(Object(Illuminate/Http/Request))
#23 D:/xampp/htdocs/clinicms/vendor/laravel/framework/src/Illuminate/Pipeline/Pipeline.php(183): Illuminate/Auth/Middleware/Authenticate->handle(Object(Illuminate/Http/Request), Object(Closure))
#24 D:/xampp/htdocs/clinicms/vendor/laravel/framework/src/Illuminate/Foundation/Http/Middleware/VerifyCsrfToken.php(78): Illuminate/Pipeline/Pipeline->Illuminate/Pipeline/{closure}(Object(Illuminate/Http/Request))
#25 D:/xampp/htdocs/clinicms/vendor/laravel/framework/src/Illuminate/Pipeline/Pipeline.php(183): Illuminate/Foundation/Http/Middleware/VerifyCsrfToken->handle(Object(Illuminate/Http/Request), Object(Closure))
#26 D:/xampp/htdocs/clinicms/vendor/laravel/framework/src/Illuminate/View/Middleware/ShareErrorsFromSession.php(49): Illuminate/Pipeline/Pipeline->Illuminate/Pipeline/{closure}(Object(Illuminate/Http/Request))
#27 D:/xampp/htdocs/clinicms/vendor/laravel/framework/src/Illuminate/Pipeline/Pipeline.php(183): Illuminate/View/Middleware/ShareErrorsFromSession->handle(Object(Illuminate/Http/Request), Object(Closure))
#28 D:/xampp/htdocs/clinicms/vendor/laravel/framework/src/Illuminate/Session/Middleware/StartSession.php(121): Illuminate/Pipeline/Pipeline->Illuminate/Pipeline/{closure}(Object(Illuminate/Http/Request))
#29 D:/xampp/htdocs/clinicms/vendor/laravel/framework/src/Illuminate/Session/Middleware/StartSession.php(64): Illuminate/Session/Middleware/StartSession->handleStatefulRequest(Object(Illuminate/Http/Request), Object(Illuminate/Session/Store), Object(Closure))
#30 D:/xampp/htdocs/clinicms/vendor/laravel/framework/src/Illuminate/Pipeline/Pipeline.php(183): Illuminate/Session/Middleware/StartSession->handle(Object(Illuminate/Http/Request), Object(Closure))
#31 D:/xampp/htdocs/clinicms/vendor/laravel/framework/src/Illuminate/Cookie/Middleware/AddQueuedCookiesToResponse.php(37): Illuminate/Pipeline/Pipeline->Illuminate/Pipeline/{closure}(Object(Illuminate/Http/Request))
#32 D:/xampp/htdocs/clinicms/vendor/laravel/framework/src/Illuminate/Pipeline/Pipeline.php(183): Illuminate/Cookie/Middleware/AddQueuedCookiesToResponse->handle(Object(Illuminate/Http/Request), Object(Closure))
#33 D:/xampp/htdocs/clinicms/vendor/laravel/framework/src/Illuminate/Cookie/Middleware/EncryptCookies.php(67): Illuminate/Pipeline/Pipeline->Illuminate/Pipeline/{closure}(Object(Illuminate/Http/Request))
#34 D:/xampp/htdocs/clinicms/vendor/laravel/framework/src/Illuminate/Pipeline/Pipeline.php(183): Illuminate/Cookie/Middleware/EncryptCookies->handle(Object(Illuminate/Http/Request), Object(Closure))
#35 D:/xampp/htdocs/clinicms/vendor/laravel/framework/src/Illuminate/Pipeline/Pipeline.php(119): Illuminate/Pipeline/Pipeline->Illuminate/Pipeline/{closure}(Object(Illuminate/Http/Request))
#36 D:/xampp/htdocs/clinicms/vendor/laravel/framework/src/Illuminate/Routing/Router.php(805): Illuminate/Pipeline/Pipeline->then(Object(Closure))
#37 D:/xampp/htdocs/clinicms/vendor/laravel/framework/src/Illuminate/Routing/Router.php(784): Illuminate/Routing/Router->runRouteWithinStack(Object(Illuminate/Routing/Route), Object(Illuminate/Http/Request))
#38 D:/xampp/htdocs/clinicms/vendor/laravel/framework/src/Illuminate/Routing/Router.php(748): Illuminate/Routing/Router->runRoute(Object(Illuminate/Http/Request), Object(Illuminate/Routing/Route))
#39 D:/xampp/htdocs/clinicms/vendor/laravel/framework/src/Illuminate/Routing/Router.php(737): Illuminate/Routing/Router->dispatchToRoute(Object(Illuminate/Http/Request))
#40 D:/xampp/htdocs/clinicms/vendor/laravel/framework/src/Illuminate/Foundation/Http/Kernel.php(200): Illuminate/Routing/Router->dispatch(Object(Illuminate/Http/Request))
#41 D:/xampp/htdocs/clinicms/vendor/laravel/framework/src/Illuminate/Pipeline/Pipeline.php(144): Illuminate/Foundation/Http/Kernel->Illuminate/Foundation/Http/{closure}(Object(Illuminate/Http/Request))
#42 D:/xampp/htdocs/clinicms/vendor/laravel/framework/src/Illuminate/Foundation/Http/Middleware/TransformsRequest.php(21): Illuminate/Pipeline/Pipeline->Illuminate/Pipeline/{closure}(Object(Illuminate/Http/Request))
#43 D:/xampp/htdocs/clinicms/vendor/laravel/framework/src/Illuminate/Foundation/Http/Middleware/ConvertEmptyStringsToNull.php(31): Illuminate/Foundation/Http/Middleware/TransformsRequest->handle(Object(Illuminate/Http/Request), Object(Closure))
#44 D:/xampp/htdocs/clinicms/vendor/laravel/framework/src/Illuminate/Pipeline/Pipeline.php(183): Illuminate/Foundation/Http/Middleware/ConvertEmptyStringsToNull->handle(Object(Illuminate/Http/Request), Object(Closure))
#45 D:/xampp/htdocs/clinicms/vendor/laravel/framework/src/Illuminate/Foundation/Http/Middleware/TransformsRequest.php(21): Illuminate/Pipeline/Pipeline->Illuminate/Pipeline/{closure}(Object(Illuminate/Http/Request))
#46 D:/xampp/htdocs/clinicms/vendor/laravel/framework/src/Illuminate/Foundation/Http/Middleware/TrimStrings.php(40): Illuminate/Foundation/Http/Middleware/TransformsRequest->handle(Object(Illuminate/Http/Request), Object(Closure))
#47 D:/xampp/htdocs/clinicms/vendor/laravel/framework/src/Illuminate/Pipeline/Pipeline.php(183): Illuminate/Foundation/Http/Middleware/TrimStrings->handle(Object(Illuminate/Http/Request), Object(Closure))
#48 D:/xampp/htdocs/clinicms/vendor/laravel/framework/src/Illuminate/Foundation/Http/Middleware/ValidatePostSize.php(27): Illuminate/Pipeline/Pipeline->Illuminate/Pipeline/{closure}(Object(Illuminate/Http/Request))
#49 D:/xampp/htdocs/clinicms/vendor/laravel/framework/src/Illuminate/Pipeline/Pipeline.php(183): Illuminate/Foundation/Http/Middleware/ValidatePostSize->handle(Object(Illuminate/Http/Request), Object(Closure))
#50 D:/xampp/htdocs/clinicms/vendor/laravel/framework/src/Illuminate/Http/Middleware/HandleCors.php(49): Illuminate/Pipeline/Pipeline->Illuminate/Pipeline/{closure}(Object(Illuminate/Http/Request))
#51 D:/xampp/htdocs/clinicms/vendor/laravel/framework/src/Illuminate/Pipeline/Pipeline.php(183): Illuminate/Http/Middleware/HandleCors->handle(Object(Illuminate/Http/Request), Object(Closure))
#52 D:/xampp/htdocs/clinicms/vendor/laravel/framework/src/Illuminate/Foundation/Http/Middleware/PreventRequestsDuringMaintenance.php(99): Illuminate/Pipeline/Pipeline->Illuminate/Pipeline/{closure}(Object(Illuminate/Http/Request))
#53 D:/xampp/htdocs/clinicms/vendor/laravel/framework/src/Illuminate/Pipeline/Pipeline.php(183): Illuminate/Foundation/Http/Middleware/PreventRequestsDuringMaintenance->handle(Object(Illuminate/Http/Request), Object(Closure))
#54 D:/xampp/htdocs/clinicms/vendor/laravel/framework/src/Illuminate/Pipeline/Pipeline.php(119): Illuminate/Pipeline/Pipeline->Illuminate/Pipeline/{closure}(Object(Illuminate/Http/Request))
#55 D:/xampp/htdocs/clinicms/vendor/laravel/framework/src/Illuminate/Foundation/Http/Kernel.php(175): Illuminate/Pipeline/Pipeline->then(Object(Closure))
#56 D:/xampp/htdocs/clinicms/vendor/laravel/framework/src/Illuminate/Foundation/Http/Kernel.php(144): Illuminate/Foundation/Http/Kernel->sendRequestThroughRouter(Object(Illuminate/Http/Request))
#57 D:/xampp/htdocs/clinicms/public/index.php(18): Illuminate/Foundation/Http/Kernel->handle(Object(Illuminate/Http/Request))
#58 {main}
"} 
[2026-09-29 15:41:59] local.ERROR: Route [reports.inventory] not defined. {"view":{"view":"D:\\xampp\\htdocs\\clinicms\\resources\\views\\inventory\\products\\show.blade.php","data":{"errors":"<pre class=sf-dump id=sf-dump-919957895 data-indent-pad=\"  \"><span class=sf-dump-note>Illuminate\\Support\\ViewErrorBag</span> {<a class=sf-dump-ref>#1152</a><samp data-depth=1 class=sf-dump-expanded>
  #<span class=sf-dump-protected title=\"Protected property\">bags</span>: []
</samp>}
</pre><script>Sfdump(\"sf-dump-919957895\", {\"maxDepth\":3,\"maxStringLength\":160})</script>
","product":"<pre class=sf-dump id=sf-dump-71981406 data-indent-pad=\"  \">{<a class=sf-dump-ref>#1206</a><samp data-depth=1 class=sf-dump-expanded>
  +\"<span class=sf-dump-public title=\"Runtime added dynamic property\">id</span>\": <span class=sf-dump-num>18</span>
  +\"<span class=sf-dump-public title=\"Runtime added dynamic property\">name</span>\": \"<span class=sf-dump-str title=\"17 characters\">Paracetamol 500mg</span>\"
  +\"<span class=sf-dump-public title=\"Runtime added dynamic property\">sku</span>\": \"<span class=sf-dump-str title=\"7 characters\">MED-001</span>\"
  +\"<span class=sf-dump-public title=\"Runtime added dynamic property\">barcode</span>\": \"<span class=sf-dump-str title=\"12 characters\">479000000001</span>\"
  +\"<span class=sf-dump-public title=\"Runtime added dynamic property\">category_id</span>\": <span class=sf-dump-num>4</span>
  +\"<span class=sf-dump-public title=\"Runtime added dynamic property\">drug_type_id</span>\": <span class=sf-dump-num>9</span>
  +\"<span class=sf-dump-public title=\"Runtime added dynamic property\">form_type</span>\": \"<span class=sf-dump-str title=\"6 characters\">tablet</span>\"
  +\"<span class=sf-dump-public title=\"Runtime added dynamic property\">strength</span>\": \"<span class=sf-dump-str title=\"5 characters\">500mg</span>\"
  +\"<span class=sf-dump-public title=\"Runtime added dynamic property\">generic_name</span>\": \"<span class=sf-dump-str title=\"11 characters\">Paracetamol</span>\"
  +\"<span class=sf-dump-public title=\"Runtime added dynamic property\">manufacturer</span>\": \"<span class=sf-dump-str title=\"10 characters\">ABC Pharma</span>\"
  +\"<span class=sf-dump-public title=\"Runtime added dynamic property\">description</span>\": <span class=sf-dump-const>null</span>
  +\"<span class=sf-dump-public title=\"Runtime added dynamic property\">purchase_unit_id</span>\": <span class=sf-dump-num>7</span>
  +\"<span class=sf-dump-public title=\"Runtime added dynamic property\">pieces_per_purchase_unit</span>\": \"<span class=sf-dump-str title=\"6 characters\">100.00</span>\"
  +\"<span class=sf-dump-public title=\"Runtime added dynamic property\">selling_unit_id</span>\": <span class=sf-dump-num>1</span>
  +\"<span class=sf-dump-public title=\"Runtime added dynamic property\">purchase_price</span>\": \"<span class=sf-dump-str title=\"7 characters\">1800.00</span>\"
  +\"<span class=sf-dump-public title=\"Runtime added dynamic property\">selling_price</span>\": \"<span class=sf-dump-str title=\"5 characters\">20.00</span>\"
  +\"<span class=sf-dump-public title=\"Runtime added dynamic property\">mrp</span>\": \"<span class=sf-dump-str title=\"5 characters\">25.00</span>\"
  +\"<span class=sf-dump-public title=\"Runtime added dynamic property\">tax_percent</span>\": \"<span class=sf-dump-str title=\"4 characters\">0.00</span>\"
  +\"<span class=sf-dump-public title=\"Runtime added dynamic property\">discount_percent</span>\": \"<span class=sf-dump-str title=\"4 characters\">0.00</span>\"
  +\"<span class=sf-dump-public title=\"Runtime added dynamic property\">rack_number</span>\": \"<span class=sf-dump-str title=\"4 characters\">A-01</span>\"
  +\"<span class=sf-dump-public title=\"Runtime added dynamic property\">shelf_number</span>\": <span class=sf-dump-const>null</span>
  +\"<span class=sf-dump-public title=\"Runtime added dynamic property\">min_stock</span>\": \"<span class=sf-dump-str title=\"5 characters\">20.00</span>\"
  +\"<span class=sf-dump-public title=\"Runtime added dynamic property\">is_prescription_required</span>\": <span class=sf-dump-num>0</span>
  +\"<span class=sf-dump-public title=\"Runtime added dynamic property\">is_active</span>\": <span class=sf-dump-num>1</span>
  +\"<span class=sf-dump-public title=\"Runtime added dynamic property\">track_batch</span>\": <span class=sf-dump-num>1</span>
  +\"<span class=sf-dump-public title=\"Runtime added dynamic property\">image</span>\": <span class=sf-dump-const>null</span>
  +\"<span class=sf-dump-public title=\"Runtime added dynamic property\">created_at</span>\": \"<span class=sf-dump-str title=\"19 characters\">2026-09-28 21:39:10</span>\"
  +\"<span class=sf-dump-public title=\"Runtime added dynamic property\">updated_at</span>\": \"<span class=sf-dump-str title=\"19 characters\">2026-09-28 21:39:10</span>\"
  +\"<span class=sf-dump-public title=\"Runtime added dynamic property\">deleted_at</span>\": <span class=sf-dump-const>null</span>
  +\"<span class=sf-dump-public title=\"Runtime added dynamic property\">purchase_unit</span>\": \"<span class=sf-dump-str title=\"3 characters\">box</span>\"
  +\"<span class=sf-dump-public title=\"Runtime added dynamic property\">category_name</span>\": \"<span class=sf-dump-str title=\"8 characters\">Medicine</span>\"
  +\"<span class=sf-dump-public title=\"Runtime added dynamic property\">recorded_pcs</span>\": \"<span class=sf-dump-str title=\"6 characters\">450.00</span>\"
  +\"<span class=sf-dump-public title=\"Runtime added dynamic property\">available_pcs</span>\": \"<span class=sf-dump-str title=\"6 characters\">450.00</span>\"
  +\"<span class=sf-dump-public title=\"Runtime added dynamic property\">expired_pcs</span>\": \"<span class=sf-dump-str title=\"4 characters\">0.00</span>\"
  +\"<span class=sf-dump-public title=\"Runtime added dynamic property\">expiring_pcs</span>\": \"<span class=sf-dump-str title=\"4 characters\">0.00</span>\"
  +\"<span class=sf-dump-public title=\"Runtime added dynamic property\">negative_batches</span>\": \"<span class=sf-dump-str>0</span>\"
  +\"<span class=sf-dump-public title=\"Runtime added dynamic property\">ledger_pcs</span>\": \"<span class=sf-dump-str title=\"6 characters\">450.00</span>\"
  +\"<span class=sf-dump-public title=\"Runtime added dynamic property\">unrecorded_difference</span>\": \"<span class=sf-dump-str title=\"4 characters\">0.00</span>\"
  +\"<span class=sf-dump-public title=\"Runtime added dynamic property\">mismatched_batches</span>\": <span class=sf-dump-num>0</span>
</samp>}
</pre><script>Sfdump(\"sf-dump-71981406\", {\"maxDepth\":3,\"maxStringLength\":160})</script>
","state":"<pre class=sf-dump id=sf-dump-196832072 data-indent-pad=\"  \">{<a class=sf-dump-ref>#1193</a><samp data-depth=1 class=sf-dump-expanded>
  +\"<span class=sf-dump-public title=\"Runtime added dynamic property\">id</span>\": <span class=sf-dump-num>1</span>
  +\"<span class=sf-dump-public title=\"Runtime added dynamic property\">started_at</span>\": \"<span class=sf-dump-str title=\"19 characters\">2026-09-29 15:06:27</span>\"
</samp>}
</pre><script>Sfdump(\"sf-dump-196832072\", {\"maxDepth\":3,\"maxStringLength\":160})</script>
","filters":"<pre class=sf-dump id=sf-dump-1572330224 data-indent-pad=\"  \">[]
</pre><script>Sfdump(\"sf-dump-1572330224\", {\"maxDepth\":3,\"maxStringLength\":160})</script>
","movements":"<pre class=sf-dump id=sf-dump-899532387 data-indent-pad=\"  \"><span class=sf-dump-note>Illuminate\\Pagination\\LengthAwarePaginator</span> {<a class=sf-dump-ref>#1202</a><samp data-depth=1 class=sf-dump-expanded>
  #<span class=sf-dump-protected title=\"Protected property\">items</span>: <span class=\"sf-dump-note sf-dump-ellipsization\" title=\"Illuminate\\Support\\Collection
\"><span class=\"sf-dump-ellipsis sf-dump-ellipsis-note\">Illuminate\\Support</span><span class=\"sf-dump-ellipsis sf-dump-ellipsis-note\">\\</span><span class=\"sf-dump-ellipsis-tail\">Collection</span></span> {<a class=sf-dump-ref>#1175</a><samp data-depth=2 class=sf-dump-compact>
    #<span class=sf-dump-protected title=\"Protected property\">items</span>: []
    #<span class=sf-dump-protected title=\"Protected property\">escapeWhenCastingToString</span>: <span class=sf-dump-const>false</span>
  </samp>}
  #<span class=sf-dump-protected title=\"Protected property\">perPage</span>: <span class=sf-dump-num>25</span>
  #<span class=sf-dump-protected title=\"Protected property\">currentPage</span>: <span class=sf-dump-num>1</span>
  #<span class=sf-dump-protected title=\"Protected property\">path</span>: \"<span class=sf-dump-str title=\"44 characters\">http://localhost/clinicms/public/products/18</span>\"
  #<span class=sf-dump-protected title=\"Protected property\">query</span>: []
  #<span class=sf-dump-protected title=\"Protected property\">fragment</span>: <span class=sf-dump-const>null</span>
  #<span class=sf-dump-protected title=\"Protected property\">pageName</span>: \"<span class=sf-dump-str title=\"14 characters\">movements_page</span>\"
  +<span class=sf-dump-public title=\"Public property\">onEachSide</span>: <span class=sf-dump-num>3</span>
  #<span class=sf-dump-protected title=\"Protected property\">options</span>: <span class=sf-dump-note>array:2</span> [<samp data-depth=2 class=sf-dump-compact>
    \"<span class=sf-dump-key>path</span>\" => \"<span class=sf-dump-str title=\"44 characters\">http://localhost/clinicms/public/products/18</span>\"
    \"<span class=sf-dump-key>pageName</span>\" => \"<span class=sf-dump-str title=\"14 characters\">movements_page</span>\"
  </samp>]
  #<span class=sf-dump-protected title=\"Protected property\">total</span>: <span class=sf-dump-num>0</span>
  #<span class=sf-dump-protected title=\"Protected property\">lastPage</span>: <span class=sf-dump-num>1</span>
</samp>}
</pre><script>Sfdump(\"sf-dump-899532387\", {\"maxDepth\":3,\"maxStringLength\":160})</script>
","kinds":"<pre class=sf-dump id=sf-dump-460644273 data-indent-pad=\"  \"><span class=sf-dump-note>array:3</span> [<samp data-depth=1 class=sf-dump-expanded>
  \"<span class=sf-dump-key>prescription</span>\" => \"<span class=sf-dump-str title=\"12 characters\">Prescription</span>\"
  \"<span class=sf-dump-key>purchase</span>\" => \"<span class=sf-dump-str title=\"16 characters\">Purchase Invoice</span>\"
  \"<span class=sf-dump-key>adjustment</span>\" => \"<span class=sf-dump-str title=\"16 characters\">Stock Adjustment</span>\"
</samp>]
</pre><script>Sfdump(\"sf-dump-460644273\", {\"maxDepth\":3,\"maxStringLength\":160})</script>
"}},"userId":1,"exception":"[object] (Spatie\\LaravelIgnition\\Exceptions\\ViewException(code: 0): Route [reports.inventory] not defined. at D:/xampp/htdocs/clinicms/vendor/laravel/framework/src/Illuminate/Routing/UrlGenerator.php:477)
[stacktrace]
#0 D:/xampp/htdocs/clinicms/vendor/laravel/framework/src/Illuminate/Foundation/helpers.php(811): Illuminate/Routing/UrlGenerator->route('reports.invento...', Array, true)
#1 D:/xampp/htdocs/clinicms/resources/views/inventory/products/show.blade.php(7): route('reports.invento...', Array)
#2 D:/xampp/htdocs/clinicms/vendor/laravel/framework/src/Illuminate/Filesystem/Filesystem.php(123): require('D://xampp//htdocs...')
#3 D:/xampp/htdocs/clinicms/vendor/laravel/framework/src/Illuminate/Filesystem/Filesystem.php(124): Illuminate/Filesystem/Filesystem::Illuminate/Filesystem/{closure}()
#4 D:/xampp/htdocs/clinicms/vendor/laravel/framework/src/Illuminate/View/Engines/PhpEngine.php(58): Illuminate/Filesystem/Filesystem->getRequire('D://xampp//htdocs...', Array)
#5 D:/xampp/htdocs/clinicms/vendor/laravel/framework/src/Illuminate/View/Engines/CompilerEngine.php(72): Illuminate/View/Engines/PhpEngine->evaluatePath('D://xampp//htdocs...', Array)
#6 D:/xampp/htdocs/clinicms/vendor/laravel/framework/src/Illuminate/View/View.php(207): Illuminate/View/Engines/CompilerEngine->get('D://xampp//htdocs...', Array)
#7 D:/xampp/htdocs/clinicms/vendor/laravel/framework/src/Illuminate/View/View.php(190): Illuminate/View/View->getContents()
#8 D:/xampp/htdocs/clinicms/vendor/laravel/framework/src/Illuminate/View/View.php(159): Illuminate/View/View->renderContents()
#9 D:/xampp/htdocs/clinicms/vendor/laravel/framework/src/Illuminate/Http/Response.php(69): Illuminate/View/View->render()
#10 D:/xampp/htdocs/clinicms/vendor/laravel/framework/src/Illuminate/Http/Response.php(35): Illuminate/Http/Response->setContent(Object(Illuminate/View/View))
#11 D:/xampp/htdocs/clinicms/vendor/laravel/framework/src/Illuminate/Routing/ResponseFactory.php(58): Illuminate/Http/Response->__construct(Object(Illuminate/View/View), 200, Array)
#12 D:/xampp/htdocs/clinicms/vendor/laravel/framework/src/Illuminate/Routing/ResponseFactory.php(88): Illuminate/Routing/ResponseFactory->make(Object(Illuminate/View/View), 200, Array)
#13 D:/xampp/htdocs/clinicms/app/Http/Controllers/ProductController.php(394): Illuminate/Routing/ResponseFactory->view('inventory.produ...', Array)
#14 D:/xampp/htdocs/clinicms/vendor/laravel/framework/src/Illuminate/Routing/Controller.php(54): App/Http/Controllers/ProductController->show(Object(Illuminate/Http/Request), Object(App/Models/Product), Object(App/Services/InventoryReadService))
#15 D:/xampp/htdocs/clinicms/vendor/laravel/framework/src/Illuminate/Routing/ControllerDispatcher.php(43): Illuminate/Routing/Controller->callAction('show', Array)
#16 D:/xampp/htdocs/clinicms/vendor/laravel/framework/src/Illuminate/Routing/Route.php(259): Illuminate/Routing/ControllerDispatcher->dispatch(Object(Illuminate/Routing/Route), Object(App/Http/Controllers/ProductController), 'show')
#17 D:/xampp/htdocs/clinicms/vendor/laravel/framework/src/Illuminate/Routing/Route.php(205): Illuminate/Routing/Route->runController()
#18 D:/xampp/htdocs/clinicms/vendor/laravel/framework/src/Illuminate/Routing/Router.php(806): Illuminate/Routing/Route->run()
#19 D:/xampp/htdocs/clinicms/vendor/laravel/framework/src/Illuminate/Pipeline/Pipeline.php(144): Illuminate/Routing/Router->Illuminate/Routing/{closure}(Object(Illuminate/Http/Request))
#20 D:/xampp/htdocs/clinicms/vendor/laravel/framework/src/Illuminate/Routing/Middleware/SubstituteBindings.php(50): Illuminate/Pipeline/Pipeline->Illuminate/Pipeline/{closure}(Object(Illuminate/Http/Request))
#21 D:/xampp/htdocs/clinicms/vendor/laravel/framework/src/Illuminate/Pipeline/Pipeline.php(183): Illuminate/Routing/Middleware/SubstituteBindings->handle(Object(Illuminate/Http/Request), Object(Closure))
#22 D:/xampp/htdocs/clinicms/vendor/laravel/framework/src/Illuminate/Auth/Middleware/Authenticate.php(57): Illuminate/Pipeline/Pipeline->Illuminate/Pipeline/{closure}(Object(Illuminate/Http/Request))
#23 D:/xampp/htdocs/clinicms/vendor/laravel/framework/src/Illuminate/Pipeline/Pipeline.php(183): Illuminate/Auth/Middleware/Authenticate->handle(Object(Illuminate/Http/Request), Object(Closure))
#24 D:/xampp/htdocs/clinicms/vendor/laravel/framework/src/Illuminate/Foundation/Http/Middleware/VerifyCsrfToken.php(78): Illuminate/Pipeline/Pipeline->Illuminate/Pipeline/{closure}(Object(Illuminate/Http/Request))
#25 D:/xampp/htdocs/clinicms/vendor/laravel/framework/src/Illuminate/Pipeline/Pipeline.php(183): Illuminate/Foundation/Http/Middleware/VerifyCsrfToken->handle(Object(Illuminate/Http/Request), Object(Closure))
#26 D:/xampp/htdocs/clinicms/vendor/laravel/framework/src/Illuminate/View/Middleware/ShareErrorsFromSession.php(49): Illuminate/Pipeline/Pipeline->Illuminate/Pipeline/{closure}(Object(Illuminate/Http/Request))
#27 D:/xampp/htdocs/clinicms/vendor/laravel/framework/src/Illuminate/Pipeline/Pipeline.php(183): Illuminate/View/Middleware/ShareErrorsFromSession->handle(Object(Illuminate/Http/Request), Object(Closure))
#28 D:/xampp/htdocs/clinicms/vendor/laravel/framework/src/Illuminate/Session/Middleware/StartSession.php(121): Illuminate/Pipeline/Pipeline->Illuminate/Pipeline/{closure}(Object(Illuminate/Http/Request))
#29 D:/xampp/htdocs/clinicms/vendor/laravel/framework/src/Illuminate/Session/Middleware/StartSession.php(64): Illuminate/Session/Middleware/StartSession->handleStatefulRequest(Object(Illuminate/Http/Request), Object(Illuminate/Session/Store), Object(Closure))
#30 D:/xampp/htdocs/clinicms/vendor/laravel/framework/src/Illuminate/Pipeline/Pipeline.php(183): Illuminate/Session/Middleware/StartSession->handle(Object(Illuminate/Http/Request), Object(Closure))
#31 D:/xampp/htdocs/clinicms/vendor/laravel/framework/src/Illuminate/Cookie/Middleware/AddQueuedCookiesToResponse.php(37): Illuminate/Pipeline/Pipeline->Illuminate/Pipeline/{closure}(Object(Illuminate/Http/Request))
#32 D:/xampp/htdocs/clinicms/vendor/laravel/framework/src/Illuminate/Pipeline/Pipeline.php(183): Illuminate/Cookie/Middleware/AddQueuedCookiesToResponse->handle(Object(Illuminate/Http/Request), Object(Closure))
#33 D:/xampp/htdocs/clinicms/vendor/laravel/framework/src/Illuminate/Cookie/Middleware/EncryptCookies.php(67): Illuminate/Pipeline/Pipeline->Illuminate/Pipeline/{closure}(Object(Illuminate/Http/Request))
#34 D:/xampp/htdocs/clinicms/vendor/laravel/framework/src/Illuminate/Pipeline/Pipeline.php(183): Illuminate/Cookie/Middleware/EncryptCookies->handle(Object(Illuminate/Http/Request), Object(Closure))
#35 D:/xampp/htdocs/clinicms/vendor/laravel/framework/src/Illuminate/Pipeline/Pipeline.php(119): Illuminate/Pipeline/Pipeline->Illuminate/Pipeline/{closure}(Object(Illuminate/Http/Request))
#36 D:/xampp/htdocs/clinicms/vendor/laravel/framework/src/Illuminate/Routing/Router.php(805): Illuminate/Pipeline/Pipeline->then(Object(Closure))
#37 D:/xampp/htdocs/clinicms/vendor/laravel/framework/src/Illuminate/Routing/Router.php(784): Illuminate/Routing/Router->runRouteWithinStack(Object(Illuminate/Routing/Route), Object(Illuminate/Http/Request))
#38 D:/xampp/htdocs/clinicms/vendor/laravel/framework/src/Illuminate/Routing/Router.php(748): Illuminate/Routing/Router->runRoute(Object(Illuminate/Http/Request), Object(Illuminate/Routing/Route))
#39 D:/xampp/htdocs/clinicms/vendor/laravel/framework/src/Illuminate/Routing/Router.php(737): Illuminate/Routing/Router->dispatchToRoute(Object(Illuminate/Http/Request))
#40 D:/xampp/htdocs/clinicms/vendor/laravel/framework/src/Illuminate/Foundation/Http/Kernel.php(200): Illuminate/Routing/Router->dispatch(Object(Illuminate/Http/Request))
#41 D:/xampp/htdocs/clinicms/vendor/laravel/framework/src/Illuminate/Pipeline/Pipeline.php(144): Illuminate/Foundation/Http/Kernel->Illuminate/Foundation/Http/{closure}(Object(Illuminate/Http/Request))
#42 D:/xampp/htdocs/clinicms/vendor/laravel/framework/src/Illuminate/Foundation/Http/Middleware/TransformsRequest.php(21): Illuminate/Pipeline/Pipeline->Illuminate/Pipeline/{closure}(Object(Illuminate/Http/Request))
#43 D:/xampp/htdocs/clinicms/vendor/laravel/framework/src/Illuminate/Foundation/Http/Middleware/ConvertEmptyStringsToNull.php(31): Illuminate/Foundation/Http/Middleware/TransformsRequest->handle(Object(Illuminate/Http/Request), Object(Closure))
#44 D:/xampp/htdocs/clinicms/vendor/laravel/framework/src/Illuminate/Pipeline/Pipeline.php(183): Illuminate/Foundation/Http/Middleware/ConvertEmptyStringsToNull->handle(Object(Illuminate/Http/Request), Object(Closure))
#45 D:/xampp/htdocs/clinicms/vendor/laravel/framework/src/Illuminate/Foundation/Http/Middleware/TransformsRequest.php(21): Illuminate/Pipeline/Pipeline->Illuminate/Pipeline/{closure}(Object(Illuminate/Http/Request))
#46 D:/xampp/htdocs/clinicms/vendor/laravel/framework/src/Illuminate/Foundation/Http/Middleware/TrimStrings.php(40): Illuminate/Foundation/Http/Middleware/TransformsRequest->handle(Object(Illuminate/Http/Request), Object(Closure))
#47 D:/xampp/htdocs/clinicms/vendor/laravel/framework/src/Illuminate/Pipeline/Pipeline.php(183): Illuminate/Foundation/Http/Middleware/TrimStrings->handle(Object(Illuminate/Http/Request), Object(Closure))
#48 D:/xampp/htdocs/clinicms/vendor/laravel/framework/src/Illuminate/Foundation/Http/Middleware/ValidatePostSize.php(27): Illuminate/Pipeline/Pipeline->Illuminate/Pipeline/{closure}(Object(Illuminate/Http/Request))
#49 D:/xampp/htdocs/clinicms/vendor/laravel/framework/src/Illuminate/Pipeline/Pipeline.php(183): Illuminate/Foundation/Http/Middleware/ValidatePostSize->handle(Object(Illuminate/Http/Request), Object(Closure))
#50 D:/xampp/htdocs/clinicms/vendor/laravel/framework/src/Illuminate/Http/Middleware/HandleCors.php(49): Illuminate/Pipeline/Pipeline->Illuminate/Pipeline/{closure}(Object(Illuminate/Http/Request))
#51 D:/xampp/htdocs/clinicms/vendor/laravel/framework/src/Illuminate/Pipeline/Pipeline.php(183): Illuminate/Http/Middleware/HandleCors->handle(Object(Illuminate/Http/Request), Object(Closure))
#52 D:/xampp/htdocs/clinicms/vendor/laravel/framework/src/Illuminate/Foundation/Http/Middleware/PreventRequestsDuringMaintenance.php(99): Illuminate/Pipeline/Pipeline->Illuminate/Pipeline/{closure}(Object(Illuminate/Http/Request))
#53 D:/xampp/htdocs/clinicms/vendor/laravel/framework/src/Illuminate/Pipeline/Pipeline.php(183): Illuminate/Foundation/Http/Middleware/PreventRequestsDuringMaintenance->handle(Object(Illuminate/Http/Request), Object(Closure))
#54 D:/xampp/htdocs/clinicms/vendor/laravel/framework/src/Illuminate/Pipeline/Pipeline.php(119): Illuminate/Pipeline/Pipeline->Illuminate/Pipeline/{closure}(Object(Illuminate/Http/Request))
#55 D:/xampp/htdocs/clinicms/vendor/laravel/framework/src/Illuminate/Foundation/Http/Kernel.php(175): Illuminate/Pipeline/Pipeline->then(Object(Closure))
#56 D:/xampp/htdocs/clinicms/vendor/laravel/framework/src/Illuminate/Foundation/Http/Kernel.php(144): Illuminate/Foundation/Http/Kernel->sendRequestThroughRouter(Object(Illuminate/Http/Request))
#57 D:/xampp/htdocs/clinicms/public/index.php(18): Illuminate/Foundation/Http/Kernel->handle(Object(Illuminate/Http/Request))
#58 {main}

[previous exception] [object] (Symfony\\Component\\Routing\\Exception\\RouteNotFoundException(code: 0): Route [reports.inventory] not defined. at D:/xampp/htdocs/clinicms/vendor/laravel/framework/src/Illuminate/Routing/UrlGenerator.php:477)
[stacktrace]
#0 D:/xampp/htdocs/clinicms/vendor/laravel/framework/src/Illuminate/Foundation/helpers.php(811): Illuminate/Routing/UrlGenerator->route('reports.invento...', Array, true)
#1 D:/xampp/htdocs/clinicms/storage/framework/views/3b953ff3d7d71cd30b2f2344c46cd7f2.php(6): route('reports.invento...', Array)
#2 D:/xampp/htdocs/clinicms/vendor/laravel/framework/src/Illuminate/Filesystem/Filesystem.php(123): require('D://xampp//htdocs...')
#3 D:/xampp/htdocs/clinicms/vendor/laravel/framework/src/Illuminate/Filesystem/Filesystem.php(124): Illuminate/Filesystem/Filesystem::Illuminate/Filesystem/{closure}()
#4 D:/xampp/htdocs/clinicms/vendor/laravel/framework/src/Illuminate/View/Engines/PhpEngine.php(58): Illuminate/Filesystem/Filesystem->getRequire('D://xampp//htdocs...', Array)
#5 D:/xampp/htdocs/clinicms/vendor/laravel/framework/src/Illuminate/View/Engines/CompilerEngine.php(72): Illuminate/View/Engines/PhpEngine->evaluatePath('D://xampp//htdocs...', Array)
#6 D:/xampp/htdocs/clinicms/vendor/laravel/framework/src/Illuminate/View/View.php(207): Illuminate/View/Engines/CompilerEngine->get('D://xampp//htdocs...', Array)
#7 D:/xampp/htdocs/clinicms/vendor/laravel/framework/src/Illuminate/View/View.php(190): Illuminate/View/View->getContents()
#8 D:/xampp/htdocs/clinicms/vendor/laravel/framework/src/Illuminate/View/View.php(159): Illuminate/View/View->renderContents()
#9 D:/xampp/htdocs/clinicms/vendor/laravel/framework/src/Illuminate/Http/Response.php(69): Illuminate/View/View->render()
#10 D:/xampp/htdocs/clinicms/vendor/laravel/framework/src/Illuminate/Http/Response.php(35): Illuminate/Http/Response->setContent(Object(Illuminate/View/View))
#11 D:/xampp/htdocs/clinicms/vendor/laravel/framework/src/Illuminate/Routing/ResponseFactory.php(58): Illuminate/Http/Response->__construct(Object(Illuminate/View/View), 200, Array)
#12 D:/xampp/htdocs/clinicms/vendor/laravel/framework/src/Illuminate/Routing/ResponseFactory.php(88): Illuminate/Routing/ResponseFactory->make(Object(Illuminate/View/View), 200, Array)
#13 D:/xampp/htdocs/clinicms/app/Http/Controllers/ProductController.php(394): Illuminate/Routing/ResponseFactory->view('inventory.produ...', Array)
#14 D:/xampp/htdocs/clinicms/vendor/laravel/framework/src/Illuminate/Routing/Controller.php(54): App/Http/Controllers/ProductController->show(Object(Illuminate/Http/Request), Object(App/Models/Product), Object(App/Services/InventoryReadService))
#15 D:/xampp/htdocs/clinicms/vendor/laravel/framework/src/Illuminate/Routing/ControllerDispatcher.php(43): Illuminate/Routing/Controller->callAction('show', Array)
#16 D:/xampp/htdocs/clinicms/vendor/laravel/framework/src/Illuminate/Routing/Route.php(259): Illuminate/Routing/ControllerDispatcher->dispatch(Object(Illuminate/Routing/Route), Object(App/Http/Controllers/ProductController), 'show')
#17 D:/xampp/htdocs/clinicms/vendor/laravel/framework/src/Illuminate/Routing/Route.php(205): Illuminate/Routing/Route->runController()
#18 D:/xampp/htdocs/clinicms/vendor/laravel/framework/src/Illuminate/Routing/Router.php(806): Illuminate/Routing/Route->run()
#19 D:/xampp/htdocs/clinicms/vendor/laravel/framework/src/Illuminate/Pipeline/Pipeline.php(144): Illuminate/Routing/Router->Illuminate/Routing/{closure}(Object(Illuminate/Http/Request))
#20 D:/xampp/htdocs/clinicms/vendor/laravel/framework/src/Illuminate/Routing/Middleware/SubstituteBindings.php(50): Illuminate/Pipeline/Pipeline->Illuminate/Pipeline/{closure}(Object(Illuminate/Http/Request))
#21 D:/xampp/htdocs/clinicms/vendor/laravel/framework/src/Illuminate/Pipeline/Pipeline.php(183): Illuminate/Routing/Middleware/SubstituteBindings->handle(Object(Illuminate/Http/Request), Object(Closure))
#22 D:/xampp/htdocs/clinicms/vendor/laravel/framework/src/Illuminate/Auth/Middleware/Authenticate.php(57): Illuminate/Pipeline/Pipeline->Illuminate/Pipeline/{closure}(Object(Illuminate/Http/Request))
#23 D:/xampp/htdocs/clinicms/vendor/laravel/framework/src/Illuminate/Pipeline/Pipeline.php(183): Illuminate/Auth/Middleware/Authenticate->handle(Object(Illuminate/Http/Request), Object(Closure))
#24 D:/xampp/htdocs/clinicms/vendor/laravel/framework/src/Illuminate/Foundation/Http/Middleware/VerifyCsrfToken.php(78): Illuminate/Pipeline/Pipeline->Illuminate/Pipeline/{closure}(Object(Illuminate/Http/Request))
#25 D:/xampp/htdocs/clinicms/vendor/laravel/framework/src/Illuminate/Pipeline/Pipeline.php(183): Illuminate/Foundation/Http/Middleware/VerifyCsrfToken->handle(Object(Illuminate/Http/Request), Object(Closure))
#26 D:/xampp/htdocs/clinicms/vendor/laravel/framework/src/Illuminate/View/Middleware/ShareErrorsFromSession.php(49): Illuminate/Pipeline/Pipeline->Illuminate/Pipeline/{closure}(Object(Illuminate/Http/Request))
#27 D:/xampp/htdocs/clinicms/vendor/laravel/framework/src/Illuminate/Pipeline/Pipeline.php(183): Illuminate/View/Middleware/ShareErrorsFromSession->handle(Object(Illuminate/Http/Request), Object(Closure))
#28 D:/xampp/htdocs/clinicms/vendor/laravel/framework/src/Illuminate/Session/Middleware/StartSession.php(121): Illuminate/Pipeline/Pipeline->Illuminate/Pipeline/{closure}(Object(Illuminate/Http/Request))
#29 D:/xampp/htdocs/clinicms/vendor/laravel/framework/src/Illuminate/Session/Middleware/StartSession.php(64): Illuminate/Session/Middleware/StartSession->handleStatefulRequest(Object(Illuminate/Http/Request), Object(Illuminate/Session/Store), Object(Closure))
#30 D:/xampp/htdocs/clinicms/vendor/laravel/framework/src/Illuminate/Pipeline/Pipeline.php(183): Illuminate/Session/Middleware/StartSession->handle(Object(Illuminate/Http/Request), Object(Closure))
#31 D:/xampp/htdocs/clinicms/vendor/laravel/framework/src/Illuminate/Cookie/Middleware/AddQueuedCookiesToResponse.php(37): Illuminate/Pipeline/Pipeline->Illuminate/Pipeline/{closure}(Object(Illuminate/Http/Request))
#32 D:/xampp/htdocs/clinicms/vendor/laravel/framework/src/Illuminate/Pipeline/Pipeline.php(183): Illuminate/Cookie/Middleware/AddQueuedCookiesToResponse->handle(Object(Illuminate/Http/Request), Object(Closure))
#33 D:/xampp/htdocs/clinicms/vendor/laravel/framework/src/Illuminate/Cookie/Middleware/EncryptCookies.php(67): Illuminate/Pipeline/Pipeline->Illuminate/Pipeline/{closure}(Object(Illuminate/Http/Request))
#34 D:/xampp/htdocs/clinicms/vendor/laravel/framework/src/Illuminate/Pipeline/Pipeline.php(183): Illuminate/Cookie/Middleware/EncryptCookies->handle(Object(Illuminate/Http/Request), Object(Closure))
#35 D:/xampp/htdocs/clinicms/vendor/laravel/framework/src/Illuminate/Pipeline/Pipeline.php(119): Illuminate/Pipeline/Pipeline->Illuminate/Pipeline/{closure}(Object(Illuminate/Http/Request))
#36 D:/xampp/htdocs/clinicms/vendor/laravel/framework/src/Illuminate/Routing/Router.php(805): Illuminate/Pipeline/Pipeline->then(Object(Closure))
#37 D:/xampp/htdocs/clinicms/vendor/laravel/framework/src/Illuminate/Routing/Router.php(784): Illuminate/Routing/Router->runRouteWithinStack(Object(Illuminate/Routing/Route), Object(Illuminate/Http/Request))
#38 D:/xampp/htdocs/clinicms/vendor/laravel/framework/src/Illuminate/Routing/Router.php(748): Illuminate/Routing/Router->runRoute(Object(Illuminate/Http/Request), Object(Illuminate/Routing/Route))
#39 D:/xampp/htdocs/clinicms/vendor/laravel/framework/src/Illuminate/Routing/Router.php(737): Illuminate/Routing/Router->dispatchToRoute(Object(Illuminate/Http/Request))
#40 D:/xampp/htdocs/clinicms/vendor/laravel/framework/src/Illuminate/Foundation/Http/Kernel.php(200): Illuminate/Routing/Router->dispatch(Object(Illuminate/Http/Request))
#41 D:/xampp/htdocs/clinicms/vendor/laravel/framework/src/Illuminate/Pipeline/Pipeline.php(144): Illuminate/Foundation/Http/Kernel->Illuminate/Foundation/Http/{closure}(Object(Illuminate/Http/Request))
#42 D:/xampp/htdocs/clinicms/vendor/laravel/framework/src/Illuminate/Foundation/Http/Middleware/TransformsRequest.php(21): Illuminate/Pipeline/Pipeline->Illuminate/Pipeline/{closure}(Object(Illuminate/Http/Request))
#43 D:/xampp/htdocs/clinicms/vendor/laravel/framework/src/Illuminate/Foundation/Http/Middleware/ConvertEmptyStringsToNull.php(31): Illuminate/Foundation/Http/Middleware/TransformsRequest->handle(Object(Illuminate/Http/Request), Object(Closure))
#44 D:/xampp/htdocs/clinicms/vendor/laravel/framework/src/Illuminate/Pipeline/Pipeline.php(183): Illuminate/Foundation/Http/Middleware/ConvertEmptyStringsToNull->handle(Object(Illuminate/Http/Request), Object(Closure))
#45 D:/xampp/htdocs/clinicms/vendor/laravel/framework/src/Illuminate/Foundation/Http/Middleware/TransformsRequest.php(21): Illuminate/Pipeline/Pipeline->Illuminate/Pipeline/{closure}(Object(Illuminate/Http/Request))
#46 D:/xampp/htdocs/clinicms/vendor/laravel/framework/src/Illuminate/Foundation/Http/Middleware/TrimStrings.php(40): Illuminate/Foundation/Http/Middleware/TransformsRequest->handle(Object(Illuminate/Http/Request), Object(Closure))
#47 D:/xampp/htdocs/clinicms/vendor/laravel/framework/src/Illuminate/Pipeline/Pipeline.php(183): Illuminate/Foundation/Http/Middleware/TrimStrings->handle(Object(Illuminate/Http/Request), Object(Closure))
#48 D:/xampp/htdocs/clinicms/vendor/laravel/framework/src/Illuminate/Foundation/Http/Middleware/ValidatePostSize.php(27): Illuminate/Pipeline/Pipeline->Illuminate/Pipeline/{closure}(Object(Illuminate/Http/Request))
#49 D:/xampp/htdocs/clinicms/vendor/laravel/framework/src/Illuminate/Pipeline/Pipeline.php(183): Illuminate/Foundation/Http/Middleware/ValidatePostSize->handle(Object(Illuminate/Http/Request), Object(Closure))
#50 D:/xampp/htdocs/clinicms/vendor/laravel/framework/src/Illuminate/Http/Middleware/HandleCors.php(49): Illuminate/Pipeline/Pipeline->Illuminate/Pipeline/{closure}(Object(Illuminate/Http/Request))
#51 D:/xampp/htdocs/clinicms/vendor/laravel/framework/src/Illuminate/Pipeline/Pipeline.php(183): Illuminate/Http/Middleware/HandleCors->handle(Object(Illuminate/Http/Request), Object(Closure))
#52 D:/xampp/htdocs/clinicms/vendor/laravel/framework/src/Illuminate/Foundation/Http/Middleware/PreventRequestsDuringMaintenance.php(99): Illuminate/Pipeline/Pipeline->Illuminate/Pipeline/{closure}(Object(Illuminate/Http/Request))
#53 D:/xampp/htdocs/clinicms/vendor/laravel/framework/src/Illuminate/Pipeline/Pipeline.php(183): Illuminate/Foundation/Http/Middleware/PreventRequestsDuringMaintenance->handle(Object(Illuminate/Http/Request), Object(Closure))
#54 D:/xampp/htdocs/clinicms/vendor/laravel/framework/src/Illuminate/Pipeline/Pipeline.php(119): Illuminate/Pipeline/Pipeline->Illuminate/Pipeline/{closure}(Object(Illuminate/Http/Request))
#55 D:/xampp/htdocs/clinicms/vendor/laravel/framework/src/Illuminate/Foundation/Http/Kernel.php(175): Illuminate/Pipeline/Pipeline->then(Object(Closure))
#56 D:/xampp/htdocs/clinicms/vendor/laravel/framework/src/Illuminate/Foundation/Http/Kernel.php(144): Illuminate/Foundation/Http/Kernel->sendRequestThroughRouter(Object(Illuminate/Http/Request))
#57 D:/xampp/htdocs/clinicms/public/index.php(18): Illuminate/Foundation/Http/Kernel->handle(Object(Illuminate/Http/Request))
#58 {main}
"} 
[2026-09-29 15:45:38] local.ERROR: Route [reports.inventory] not defined. {"view":{"view":"D:\\xampp\\htdocs\\clinicms\\resources\\views\\inventory\\products\\show.blade.php","data":{"errors":"<pre class=sf-dump id=sf-dump-2014371796 data-indent-pad=\"  \"><span class=sf-dump-note>Illuminate\\Support\\ViewErrorBag</span> {<a class=sf-dump-ref>#1152</a><samp data-depth=1 class=sf-dump-expanded>
  #<span class=sf-dump-protected title=\"Protected property\">bags</span>: []
</samp>}
</pre><script>Sfdump(\"sf-dump-2014371796\", {\"maxDepth\":3,\"maxStringLength\":160})</script>
","product":"<pre class=sf-dump id=sf-dump-664996721 data-indent-pad=\"  \">{<a class=sf-dump-ref>#1206</a><samp data-depth=1 class=sf-dump-expanded>
  +\"<span class=sf-dump-public title=\"Runtime added dynamic property\">id</span>\": <span class=sf-dump-num>15</span>
  +\"<span class=sf-dump-public title=\"Runtime added dynamic property\">name</span>\": \"<span class=sf-dump-str title=\"4 characters\">pppp</span>\"
  +\"<span class=sf-dump-public title=\"Runtime added dynamic property\">sku</span>\": \"<span class=sf-dump-str title=\"3 characters\">123</span>\"
  +\"<span class=sf-dump-public title=\"Runtime added dynamic property\">barcode</span>\": <span class=sf-dump-const>null</span>
  +\"<span class=sf-dump-public title=\"Runtime added dynamic property\">category_id</span>\": <span class=sf-dump-num>1</span>
  +\"<span class=sf-dump-public title=\"Runtime added dynamic property\">drug_type_id</span>\": <span class=sf-dump-num>1</span>
  +\"<span class=sf-dump-public title=\"Runtime added dynamic property\">form_type</span>\": \"<span class=sf-dump-str title=\"6 characters\">tablet</span>\"
  +\"<span class=sf-dump-public title=\"Runtime added dynamic property\">strength</span>\": <span class=sf-dump-const>null</span>
  +\"<span class=sf-dump-public title=\"Runtime added dynamic property\">generic_name</span>\": <span class=sf-dump-const>null</span>
  +\"<span class=sf-dump-public title=\"Runtime added dynamic property\">manufacturer</span>\": <span class=sf-dump-const>null</span>
  +\"<span class=sf-dump-public title=\"Runtime added dynamic property\">description</span>\": <span class=sf-dump-const>null</span>
  +\"<span class=sf-dump-public title=\"Runtime added dynamic property\">purchase_unit_id</span>\": <span class=sf-dump-const>null</span>
  +\"<span class=sf-dump-public title=\"Runtime added dynamic property\">pieces_per_purchase_unit</span>\": \"<span class=sf-dump-str title=\"6 characters\">100.00</span>\"
  +\"<span class=sf-dump-public title=\"Runtime added dynamic property\">selling_unit_id</span>\": <span class=sf-dump-num>1</span>
  +\"<span class=sf-dump-public title=\"Runtime added dynamic property\">purchase_price</span>\": \"<span class=sf-dump-str title=\"7 characters\">2000.00</span>\"
  +\"<span class=sf-dump-public title=\"Runtime added dynamic property\">selling_price</span>\": \"<span class=sf-dump-str title=\"5 characters\">50.00</span>\"
  +\"<span class=sf-dump-public title=\"Runtime added dynamic property\">mrp</span>\": \"<span class=sf-dump-str title=\"5 characters\">50.00</span>\"
  +\"<span class=sf-dump-public title=\"Runtime added dynamic property\">tax_percent</span>\": \"<span class=sf-dump-str title=\"4 characters\">0.00</span>\"
  +\"<span class=sf-dump-public title=\"Runtime added dynamic property\">discount_percent</span>\": \"<span class=sf-dump-str title=\"4 characters\">0.00</span>\"
  +\"<span class=sf-dump-public title=\"Runtime added dynamic property\">rack_number</span>\": <span class=sf-dump-const>null</span>
  +\"<span class=sf-dump-public title=\"Runtime added dynamic property\">shelf_number</span>\": <span class=sf-dump-const>null</span>
  +\"<span class=sf-dump-public title=\"Runtime added dynamic property\">min_stock</span>\": \"<span class=sf-dump-str title=\"5 characters\">10.00</span>\"
  +\"<span class=sf-dump-public title=\"Runtime added dynamic property\">is_prescription_required</span>\": <span class=sf-dump-num>0</span>
  +\"<span class=sf-dump-public title=\"Runtime added dynamic property\">is_active</span>\": <span class=sf-dump-num>1</span>
  +\"<span class=sf-dump-public title=\"Runtime added dynamic property\">track_batch</span>\": <span class=sf-dump-num>1</span>
  +\"<span class=sf-dump-public title=\"Runtime added dynamic property\">image</span>\": <span class=sf-dump-const>null</span>
  +\"<span class=sf-dump-public title=\"Runtime added dynamic property\">created_at</span>\": \"<span class=sf-dump-str title=\"19 characters\">2026-08-17 21:11:41</span>\"
  +\"<span class=sf-dump-public title=\"Runtime added dynamic property\">updated_at</span>\": \"<span class=sf-dump-str title=\"19 characters\">2026-08-17 21:11:41</span>\"
  +\"<span class=sf-dump-public title=\"Runtime added dynamic property\">deleted_at</span>\": <span class=sf-dump-const>null</span>
  +\"<span class=sf-dump-public title=\"Runtime added dynamic property\">purchase_unit</span>\": <span class=sf-dump-const>null</span>
  +\"<span class=sf-dump-public title=\"Runtime added dynamic property\">category_name</span>\": \"<span class=sf-dump-str title=\"9 characters\">Medicines</span>\"
  +\"<span class=sf-dump-public title=\"Runtime added dynamic property\">recorded_pcs</span>\": \"<span class=sf-dump-str title=\"4 characters\">0.00</span>\"
  +\"<span class=sf-dump-public title=\"Runtime added dynamic property\">available_pcs</span>\": \"<span class=sf-dump-str title=\"4 characters\">0.00</span>\"
  +\"<span class=sf-dump-public title=\"Runtime added dynamic property\">expired_pcs</span>\": \"<span class=sf-dump-str title=\"4 characters\">0.00</span>\"
  +\"<span class=sf-dump-public title=\"Runtime added dynamic property\">expiring_pcs</span>\": \"<span class=sf-dump-str title=\"4 characters\">0.00</span>\"
  +\"<span class=sf-dump-public title=\"Runtime added dynamic property\">negative_batches</span>\": \"<span class=sf-dump-str>0</span>\"
  +\"<span class=sf-dump-public title=\"Runtime added dynamic property\">ledger_pcs</span>\": \"<span class=sf-dump-str title=\"4 characters\">0.00</span>\"
  +\"<span class=sf-dump-public title=\"Runtime added dynamic property\">unrecorded_difference</span>\": \"<span class=sf-dump-str title=\"4 characters\">0.00</span>\"
  +\"<span class=sf-dump-public title=\"Runtime added dynamic property\">mismatched_batches</span>\": <span class=sf-dump-num>0</span>
</samp>}
</pre><script>Sfdump(\"sf-dump-664996721\", {\"maxDepth\":3,\"maxStringLength\":160})</script>
","state":"<pre class=sf-dump id=sf-dump-777709088 data-indent-pad=\"  \">{<a class=sf-dump-ref>#1193</a><samp data-depth=1 class=sf-dump-expanded>
  +\"<span class=sf-dump-public title=\"Runtime added dynamic property\">id</span>\": <span class=sf-dump-num>1</span>
  +\"<span class=sf-dump-public title=\"Runtime added dynamic property\">started_at</span>\": \"<span class=sf-dump-str title=\"19 characters\">2026-09-29 15:06:27</span>\"
</samp>}
</pre><script>Sfdump(\"sf-dump-777709088\", {\"maxDepth\":3,\"maxStringLength\":160})</script>
","filters":"<pre class=sf-dump id=sf-dump-625084332 data-indent-pad=\"  \">[]
</pre><script>Sfdump(\"sf-dump-625084332\", {\"maxDepth\":3,\"maxStringLength\":160})</script>
","movements":"<pre class=sf-dump id=sf-dump-712291586 data-indent-pad=\"  \"><span class=sf-dump-note>Illuminate\\Pagination\\LengthAwarePaginator</span> {<a class=sf-dump-ref>#1202</a><samp data-depth=1 class=sf-dump-expanded>
  #<span class=sf-dump-protected title=\"Protected property\">items</span>: <span class=\"sf-dump-note sf-dump-ellipsization\" title=\"Illuminate\\Support\\Collection
\"><span class=\"sf-dump-ellipsis sf-dump-ellipsis-note\">Illuminate\\Support</span><span class=\"sf-dump-ellipsis sf-dump-ellipsis-note\">\\</span><span class=\"sf-dump-ellipsis-tail\">Collection</span></span> {<a class=sf-dump-ref>#1175</a><samp data-depth=2 class=sf-dump-compact>
    #<span class=sf-dump-protected title=\"Protected property\">items</span>: []
    #<span class=sf-dump-protected title=\"Protected property\">escapeWhenCastingToString</span>: <span class=sf-dump-const>false</span>
  </samp>}
  #<span class=sf-dump-protected title=\"Protected property\">perPage</span>: <span class=sf-dump-num>25</span>
  #<span class=sf-dump-protected title=\"Protected property\">currentPage</span>: <span class=sf-dump-num>1</span>
  #<span class=sf-dump-protected title=\"Protected property\">path</span>: \"<span class=sf-dump-str title=\"44 characters\">http://localhost/clinicms/public/products/15</span>\"
  #<span class=sf-dump-protected title=\"Protected property\">query</span>: []
  #<span class=sf-dump-protected title=\"Protected property\">fragment</span>: <span class=sf-dump-const>null</span>
  #<span class=sf-dump-protected title=\"Protected property\">pageName</span>: \"<span class=sf-dump-str title=\"14 characters\">movements_page</span>\"
  +<span class=sf-dump-public title=\"Public property\">onEachSide</span>: <span class=sf-dump-num>3</span>
  #<span class=sf-dump-protected title=\"Protected property\">options</span>: <span class=sf-dump-note>array:2</span> [<samp data-depth=2 class=sf-dump-compact>
    \"<span class=sf-dump-key>path</span>\" => \"<span class=sf-dump-str title=\"44 characters\">http://localhost/clinicms/public/products/15</span>\"
    \"<span class=sf-dump-key>pageName</span>\" => \"<span class=sf-dump-str title=\"14 characters\">movements_page</span>\"
  </samp>]
  #<span class=sf-dump-protected title=\"Protected property\">total</span>: <span class=sf-dump-num>0</span>
  #<span class=sf-dump-protected title=\"Protected property\">lastPage</span>: <span class=sf-dump-num>1</span>
</samp>}
</pre><script>Sfdump(\"sf-dump-712291586\", {\"maxDepth\":3,\"maxStringLength\":160})</script>
","kinds":"<pre class=sf-dump id=sf-dump-419369288 data-indent-pad=\"  \"><span class=sf-dump-note>array:3</span> [<samp data-depth=1 class=sf-dump-expanded>
  \"<span class=sf-dump-key>prescription</span>\" => \"<span class=sf-dump-str title=\"12 characters\">Prescription</span>\"
  \"<span class=sf-dump-key>purchase</span>\" => \"<span class=sf-dump-str title=\"16 characters\">Purchase Invoice</span>\"
  \"<span class=sf-dump-key>adjustment</span>\" => \"<span class=sf-dump-str title=\"16 characters\">Stock Adjustment</span>\"
</samp>]
</pre><script>Sfdump(\"sf-dump-419369288\", {\"maxDepth\":3,\"maxStringLength\":160})</script>
"}},"userId":1,"exception":"[object] (Spatie\\LaravelIgnition\\Exceptions\\ViewException(code: 0): Route [reports.inventory] not defined. at D:/xampp/htdocs/clinicms/vendor/laravel/framework/src/Illuminate/Routing/UrlGenerator.php:477)
[stacktrace]
#0 D:/xampp/htdocs/clinicms/vendor/laravel/framework/src/Illuminate/Foundation/helpers.php(811): Illuminate/Routing/UrlGenerator->route('reports.invento...', Array, true)
#1 D:/xampp/htdocs/clinicms/resources/views/inventory/products/show.blade.php(7): route('reports.invento...', Array)
#2 D:/xampp/htdocs/clinicms/vendor/laravel/framework/src/Illuminate/Filesystem/Filesystem.php(123): require('D://xampp//htdocs...')
#3 D:/xampp/htdocs/clinicms/vendor/laravel/framework/src/Illuminate/Filesystem/Filesystem.php(124): Illuminate/Filesystem/Filesystem::Illuminate/Filesystem/{closure}()
#4 D:/xampp/htdocs/clinicms/vendor/laravel/framework/src/Illuminate/View/Engines/PhpEngine.php(58): Illuminate/Filesystem/Filesystem->getRequire('D://xampp//htdocs...', Array)
#5 D:/xampp/htdocs/clinicms/vendor/laravel/framework/src/Illuminate/View/Engines/CompilerEngine.php(72): Illuminate/View/Engines/PhpEngine->evaluatePath('D://xampp//htdocs...', Array)
#6 D:/xampp/htdocs/clinicms/vendor/laravel/framework/src/Illuminate/View/View.php(207): Illuminate/View/Engines/CompilerEngine->get('D://xampp//htdocs...', Array)
#7 D:/xampp/htdocs/clinicms/vendor/laravel/framework/src/Illuminate/View/View.php(190): Illuminate/View/View->getContents()
#8 D:/xampp/htdocs/clinicms/vendor/laravel/framework/src/Illuminate/View/View.php(159): Illuminate/View/View->renderContents()
#9 D:/xampp/htdocs/clinicms/vendor/laravel/framework/src/Illuminate/Http/Response.php(69): Illuminate/View/View->render()
#10 D:/xampp/htdocs/clinicms/vendor/laravel/framework/src/Illuminate/Http/Response.php(35): Illuminate/Http/Response->setContent(Object(Illuminate/View/View))
#11 D:/xampp/htdocs/clinicms/vendor/laravel/framework/src/Illuminate/Routing/ResponseFactory.php(58): Illuminate/Http/Response->__construct(Object(Illuminate/View/View), 200, Array)
#12 D:/xampp/htdocs/clinicms/vendor/laravel/framework/src/Illuminate/Routing/ResponseFactory.php(88): Illuminate/Routing/ResponseFactory->make(Object(Illuminate/View/View), 200, Array)
#13 D:/xampp/htdocs/clinicms/app/Http/Controllers/ProductController.php(394): Illuminate/Routing/ResponseFactory->view('inventory.produ...', Array)
#14 D:/xampp/htdocs/clinicms/vendor/laravel/framework/src/Illuminate/Routing/Controller.php(54): App/Http/Controllers/ProductController->show(Object(Illuminate/Http/Request), Object(App/Models/Product), Object(App/Services/InventoryReadService))
#15 D:/xampp/htdocs/clinicms/vendor/laravel/framework/src/Illuminate/Routing/ControllerDispatcher.php(43): Illuminate/Routing/Controller->callAction('show', Array)
#16 D:/xampp/htdocs/clinicms/vendor/laravel/framework/src/Illuminate/Routing/Route.php(259): Illuminate/Routing/ControllerDispatcher->dispatch(Object(Illuminate/Routing/Route), Object(App/Http/Controllers/ProductController), 'show')
#17 D:/xampp/htdocs/clinicms/vendor/laravel/framework/src/Illuminate/Routing/Route.php(205): Illuminate/Routing/Route->runController()
#18 D:/xampp/htdocs/clinicms/vendor/laravel/framework/src/Illuminate/Routing/Router.php(806): Illuminate/Routing/Route->run()
#19 D:/xampp/htdocs/clinicms/vendor/laravel/framework/src/Illuminate/Pipeline/Pipeline.php(144): Illuminate/Routing/Router->Illuminate/Routing/{closure}(Object(Illuminate/Http/Request))
#20 D:/xampp/htdocs/clinicms/vendor/laravel/framework/src/Illuminate/Routing/Middleware/SubstituteBindings.php(50): Illuminate/Pipeline/Pipeline->Illuminate/Pipeline/{closure}(Object(Illuminate/Http/Request))
#21 D:/xampp/htdocs/clinicms/vendor/laravel/framework/src/Illuminate/Pipeline/Pipeline.php(183): Illuminate/Routing/Middleware/SubstituteBindings->handle(Object(Illuminate/Http/Request), Object(Closure))
#22 D:/xampp/htdocs/clinicms/vendor/laravel/framework/src/Illuminate/Auth/Middleware/Authenticate.php(57): Illuminate/Pipeline/Pipeline->Illuminate/Pipeline/{closure}(Object(Illuminate/Http/Request))
#23 D:/xampp/htdocs/clinicms/vendor/laravel/framework/src/Illuminate/Pipeline/Pipeline.php(183): Illuminate/Auth/Middleware/Authenticate->handle(Object(Illuminate/Http/Request), Object(Closure))
#24 D:/xampp/htdocs/clinicms/vendor/laravel/framework/src/Illuminate/Foundation/Http/Middleware/VerifyCsrfToken.php(78): Illuminate/Pipeline/Pipeline->Illuminate/Pipeline/{closure}(Object(Illuminate/Http/Request))
#25 D:/xampp/htdocs/clinicms/vendor/laravel/framework/src/Illuminate/Pipeline/Pipeline.php(183): Illuminate/Foundation/Http/Middleware/VerifyCsrfToken->handle(Object(Illuminate/Http/Request), Object(Closure))
#26 D:/xampp/htdocs/clinicms/vendor/laravel/framework/src/Illuminate/View/Middleware/ShareErrorsFromSession.php(49): Illuminate/Pipeline/Pipeline->Illuminate/Pipeline/{closure}(Object(Illuminate/Http/Request))
#27 D:/xampp/htdocs/clinicms/vendor/laravel/framework/src/Illuminate/Pipeline/Pipeline.php(183): Illuminate/View/Middleware/ShareErrorsFromSession->handle(Object(Illuminate/Http/Request), Object(Closure))
#28 D:/xampp/htdocs/clinicms/vendor/laravel/framework/src/Illuminate/Session/Middleware/StartSession.php(121): Illuminate/Pipeline/Pipeline->Illuminate/Pipeline/{closure}(Object(Illuminate/Http/Request))
#29 D:/xampp/htdocs/clinicms/vendor/laravel/framework/src/Illuminate/Session/Middleware/StartSession.php(64): Illuminate/Session/Middleware/StartSession->handleStatefulRequest(Object(Illuminate/Http/Request), Object(Illuminate/Session/Store), Object(Closure))
#30 D:/xampp/htdocs/clinicms/vendor/laravel/framework/src/Illuminate/Pipeline/Pipeline.php(183): Illuminate/Session/Middleware/StartSession->handle(Object(Illuminate/Http/Request), Object(Closure))
#31 D:/xampp/htdocs/clinicms/vendor/laravel/framework/src/Illuminate/Cookie/Middleware/AddQueuedCookiesToResponse.php(37): Illuminate/Pipeline/Pipeline->Illuminate/Pipeline/{closure}(Object(Illuminate/Http/Request))
#32 D:/xampp/htdocs/clinicms/vendor/laravel/framework/src/Illuminate/Pipeline/Pipeline.php(183): Illuminate/Cookie/Middleware/AddQueuedCookiesToResponse->handle(Object(Illuminate/Http/Request), Object(Closure))
#33 D:/xampp/htdocs/clinicms/vendor/laravel/framework/src/Illuminate/Cookie/Middleware/EncryptCookies.php(67): Illuminate/Pipeline/Pipeline->Illuminate/Pipeline/{closure}(Object(Illuminate/Http/Request))
#34 D:/xampp/htdocs/clinicms/vendor/laravel/framework/src/Illuminate/Pipeline/Pipeline.php(183): Illuminate/Cookie/Middleware/EncryptCookies->handle(Object(Illuminate/Http/Request), Object(Closure))
#35 D:/xampp/htdocs/clinicms/vendor/laravel/framework/src/Illuminate/Pipeline/Pipeline.php(119): Illuminate/Pipeline/Pipeline->Illuminate/Pipeline/{closure}(Object(Illuminate/Http/Request))
#36 D:/xampp/htdocs/clinicms/vendor/laravel/framework/src/Illuminate/Routing/Router.php(805): Illuminate/Pipeline/Pipeline->then(Object(Closure))
#37 D:/xampp/htdocs/clinicms/vendor/laravel/framework/src/Illuminate/Routing/Router.php(784): Illuminate/Routing/Router->runRouteWithinStack(Object(Illuminate/Routing/Route), Object(Illuminate/Http/Request))
#38 D:/xampp/htdocs/clinicms/vendor/laravel/framework/src/Illuminate/Routing/Router.php(748): Illuminate/Routing/Router->runRoute(Object(Illuminate/Http/Request), Object(Illuminate/Routing/Route))
#39 D:/xampp/htdocs/clinicms/vendor/laravel/framework/src/Illuminate/Routing/Router.php(737): Illuminate/Routing/Router->dispatchToRoute(Object(Illuminate/Http/Request))
#40 D:/xampp/htdocs/clinicms/vendor/laravel/framework/src/Illuminate/Foundation/Http/Kernel.php(200): Illuminate/Routing/Router->dispatch(Object(Illuminate/Http/Request))
#41 D:/xampp/htdocs/clinicms/vendor/laravel/framework/src/Illuminate/Pipeline/Pipeline.php(144): Illuminate/Foundation/Http/Kernel->Illuminate/Foundation/Http/{closure}(Object(Illuminate/Http/Request))
#42 D:/xampp/htdocs/clinicms/vendor/laravel/framework/src/Illuminate/Foundation/Http/Middleware/TransformsRequest.php(21): Illuminate/Pipeline/Pipeline->Illuminate/Pipeline/{closure}(Object(Illuminate/Http/Request))
#43 D:/xampp/htdocs/clinicms/vendor/laravel/framework/src/Illuminate/Foundation/Http/Middleware/ConvertEmptyStringsToNull.php(31): Illuminate/Foundation/Http/Middleware/TransformsRequest->handle(Object(Illuminate/Http/Request), Object(Closure))
#44 D:/xampp/htdocs/clinicms/vendor/laravel/framework/src/Illuminate/Pipeline/Pipeline.php(183): Illuminate/Foundation/Http/Middleware/ConvertEmptyStringsToNull->handle(Object(Illuminate/Http/Request), Object(Closure))
#45 D:/xampp/htdocs/clinicms/vendor/laravel/framework/src/Illuminate/Foundation/Http/Middleware/TransformsRequest.php(21): Illuminate/Pipeline/Pipeline->Illuminate/Pipeline/{closure}(Object(Illuminate/Http/Request))
#46 D:/xampp/htdocs/clinicms/vendor/laravel/framework/src/Illuminate/Foundation/Http/Middleware/TrimStrings.php(40): Illuminate/Foundation/Http/Middleware/TransformsRequest->handle(Object(Illuminate/Http/Request), Object(Closure))
#47 D:/xampp/htdocs/clinicms/vendor/laravel/framework/src/Illuminate/Pipeline/Pipeline.php(183): Illuminate/Foundation/Http/Middleware/TrimStrings->handle(Object(Illuminate/Http/Request), Object(Closure))
#48 D:/xampp/htdocs/clinicms/vendor/laravel/framework/src/Illuminate/Foundation/Http/Middleware/ValidatePostSize.php(27): Illuminate/Pipeline/Pipeline->Illuminate/Pipeline/{closure}(Object(Illuminate/Http/Request))
#49 D:/xampp/htdocs/clinicms/vendor/laravel/framework/src/Illuminate/Pipeline/Pipeline.php(183): Illuminate/Foundation/Http/Middleware/ValidatePostSize->handle(Object(Illuminate/Http/Request), Object(Closure))
#50 D:/xampp/htdocs/clinicms/vendor/laravel/framework/src/Illuminate/Http/Middleware/HandleCors.php(49): Illuminate/Pipeline/Pipeline->Illuminate/Pipeline/{closure}(Object(Illuminate/Http/Request))
#51 D:/xampp/htdocs/clinicms/vendor/laravel/framework/src/Illuminate/Pipeline/Pipeline.php(183): Illuminate/Http/Middleware/HandleCors->handle(Object(Illuminate/Http/Request), Object(Closure))
#52 D:/xampp/htdocs/clinicms/vendor/laravel/framework/src/Illuminate/Foundation/Http/Middleware/PreventRequestsDuringMaintenance.php(99): Illuminate/Pipeline/Pipeline->Illuminate/Pipeline/{closure}(Object(Illuminate/Http/Request))
#53 D:/xampp/htdocs/clinicms/vendor/laravel/framework/src/Illuminate/Pipeline/Pipeline.php(183): Illuminate/Foundation/Http/Middleware/PreventRequestsDuringMaintenance->handle(Object(Illuminate/Http/Request), Object(Closure))
#54 D:/xampp/htdocs/clinicms/vendor/laravel/framework/src/Illuminate/Pipeline/Pipeline.php(119): Illuminate/Pipeline/Pipeline->Illuminate/Pipeline/{closure}(Object(Illuminate/Http/Request))
#55 D:/xampp/htdocs/clinicms/vendor/laravel/framework/src/Illuminate/Foundation/Http/Kernel.php(175): Illuminate/Pipeline/Pipeline->then(Object(Closure))
#56 D:/xampp/htdocs/clinicms/vendor/laravel/framework/src/Illuminate/Foundation/Http/Kernel.php(144): Illuminate/Foundation/Http/Kernel->sendRequestThroughRouter(Object(Illuminate/Http/Request))
#57 D:/xampp/htdocs/clinicms/public/index.php(18): Illuminate/Foundation/Http/Kernel->handle(Object(Illuminate/Http/Request))
#58 {main}

[previous exception] [object] (Symfony\\Component\\Routing\\Exception\\RouteNotFoundException(code: 0): Route [reports.inventory] not defined. at D:/xampp/htdocs/clinicms/vendor/laravel/framework/src/Illuminate/Routing/UrlGenerator.php:477)
[stacktrace]
#0 D:/xampp/htdocs/clinicms/vendor/laravel/framework/src/Illuminate/Foundation/helpers.php(811): Illuminate/Routing/UrlGenerator->route('reports.invento...', Array, true)
#1 D:/xampp/htdocs/clinicms/storage/framework/views/3b953ff3d7d71cd30b2f2344c46cd7f2.php(6): route('reports.invento...', Array)
#2 D:/xampp/htdocs/clinicms/vendor/laravel/framework/src/Illuminate/Filesystem/Filesystem.php(123): require('D://xampp//htdocs...')
#3 D:/xampp/htdocs/clinicms/vendor/laravel/framework/src/Illuminate/Filesystem/Filesystem.php(124): Illuminate/Filesystem/Filesystem::Illuminate/Filesystem/{closure}()
#4 D:/xampp/htdocs/clinicms/vendor/laravel/framework/src/Illuminate/View/Engines/PhpEngine.php(58): Illuminate/Filesystem/Filesystem->getRequire('D://xampp//htdocs...', Array)
#5 D:/xampp/htdocs/clinicms/vendor/laravel/framework/src/Illuminate/View/Engines/CompilerEngine.php(72): Illuminate/View/Engines/PhpEngine->evaluatePath('D://xampp//htdocs...', Array)
#6 D:/xampp/htdocs/clinicms/vendor/laravel/framework/src/Illuminate/View/View.php(207): Illuminate/View/Engines/CompilerEngine->get('D://xampp//htdocs...', Array)
#7 D:/xampp/htdocs/clinicms/vendor/laravel/framework/src/Illuminate/View/View.php(190): Illuminate/View/View->getContents()
#8 D:/xampp/htdocs/clinicms/vendor/laravel/framework/src/Illuminate/View/View.php(159): Illuminate/View/View->renderContents()
#9 D:/xampp/htdocs/clinicms/vendor/laravel/framework/src/Illuminate/Http/Response.php(69): Illuminate/View/View->render()
#10 D:/xampp/htdocs/clinicms/vendor/laravel/framework/src/Illuminate/Http/Response.php(35): Illuminate/Http/Response->setContent(Object(Illuminate/View/View))
#11 D:/xampp/htdocs/clinicms/vendor/laravel/framework/src/Illuminate/Routing/ResponseFactory.php(58): Illuminate/Http/Response->__construct(Object(Illuminate/View/View), 200, Array)
#12 D:/xampp/htdocs/clinicms/vendor/laravel/framework/src/Illuminate/Routing/ResponseFactory.php(88): Illuminate/Routing/ResponseFactory->make(Object(Illuminate/View/View), 200, Array)
#13 D:/xampp/htdocs/clinicms/app/Http/Controllers/ProductController.php(394): Illuminate/Routing/ResponseFactory->view('inventory.produ...', Array)
#14 D:/xampp/htdocs/clinicms/vendor/laravel/framework/src/Illuminate/Routing/Controller.php(54): App/Http/Controllers/ProductController->show(Object(Illuminate/Http/Request), Object(App/Models/Product), Object(App/Services/InventoryReadService))
#15 D:/xampp/htdocs/clinicms/vendor/laravel/framework/src/Illuminate/Routing/ControllerDispatcher.php(43): Illuminate/Routing/Controller->callAction('show', Array)
#16 D:/xampp/htdocs/clinicms/vendor/laravel/framework/src/Illuminate/Routing/Route.php(259): Illuminate/Routing/ControllerDispatcher->dispatch(Object(Illuminate/Routing/Route), Object(App/Http/Controllers/ProductController), 'show')
#17 D:/xampp/htdocs/clinicms/vendor/laravel/framework/src/Illuminate/Routing/Route.php(205): Illuminate/Routing/Route->runController()
#18 D:/xampp/htdocs/clinicms/vendor/laravel/framework/src/Illuminate/Routing/Router.php(806): Illuminate/Routing/Route->run()
#19 D:/xampp/htdocs/clinicms/vendor/laravel/framework/src/Illuminate/Pipeline/Pipeline.php(144): Illuminate/Routing/Router->Illuminate/Routing/{closure}(Object(Illuminate/Http/Request))
#20 D:/xampp/htdocs/clinicms/vendor/laravel/framework/src/Illuminate/Routing/Middleware/SubstituteBindings.php(50): Illuminate/Pipeline/Pipeline->Illuminate/Pipeline/{closure}(Object(Illuminate/Http/Request))
#21 D:/xampp/htdocs/clinicms/vendor/laravel/framework/src/Illuminate/Pipeline/Pipeline.php(183): Illuminate/Routing/Middleware/SubstituteBindings->handle(Object(Illuminate/Http/Request), Object(Closure))
#22 D:/xampp/htdocs/clinicms/vendor/laravel/framework/src/Illuminate/Auth/Middleware/Authenticate.php(57): Illuminate/Pipeline/Pipeline->Illuminate/Pipeline/{closure}(Object(Illuminate/Http/Request))
#23 D:/xampp/htdocs/clinicms/vendor/laravel/framework/src/Illuminate/Pipeline/Pipeline.php(183): Illuminate/Auth/Middleware/Authenticate->handle(Object(Illuminate/Http/Request), Object(Closure))
#24 D:/xampp/htdocs/clinicms/vendor/laravel/framework/src/Illuminate/Foundation/Http/Middleware/VerifyCsrfToken.php(78): Illuminate/Pipeline/Pipeline->Illuminate/Pipeline/{closure}(Object(Illuminate/Http/Request))
#25 D:/xampp/htdocs/clinicms/vendor/laravel/framework/src/Illuminate/Pipeline/Pipeline.php(183): Illuminate/Foundation/Http/Middleware/VerifyCsrfToken->handle(Object(Illuminate/Http/Request), Object(Closure))
#26 D:/xampp/htdocs/clinicms/vendor/laravel/framework/src/Illuminate/View/Middleware/ShareErrorsFromSession.php(49): Illuminate/Pipeline/Pipeline->Illuminate/Pipeline/{closure}(Object(Illuminate/Http/Request))
#27 D:/xampp/htdocs/clinicms/vendor/laravel/framework/src/Illuminate/Pipeline/Pipeline.php(183): Illuminate/View/Middleware/ShareErrorsFromSession->handle(Object(Illuminate/Http/Request), Object(Closure))
#28 D:/xampp/htdocs/clinicms/vendor/laravel/framework/src/Illuminate/Session/Middleware/StartSession.php(121): Illuminate/Pipeline/Pipeline->Illuminate/Pipeline/{closure}(Object(Illuminate/Http/Request))
#29 D:/xampp/htdocs/clinicms/vendor/laravel/framework/src/Illuminate/Session/Middleware/StartSession.php(64): Illuminate/Session/Middleware/StartSession->handleStatefulRequest(Object(Illuminate/Http/Request), Object(Illuminate/Session/Store), Object(Closure))
#30 D:/xampp/htdocs/clinicms/vendor/laravel/framework/src/Illuminate/Pipeline/Pipeline.php(183): Illuminate/Session/Middleware/StartSession->handle(Object(Illuminate/Http/Request), Object(Closure))
#31 D:/xampp/htdocs/clinicms/vendor/laravel/framework/src/Illuminate/Cookie/Middleware/AddQueuedCookiesToResponse.php(37): Illuminate/Pipeline/Pipeline->Illuminate/Pipeline/{closure}(Object(Illuminate/Http/Request))
#32 D:/xampp/htdocs/clinicms/vendor/laravel/framework/src/Illuminate/Pipeline/Pipeline.php(183): Illuminate/Cookie/Middleware/AddQueuedCookiesToResponse->handle(Object(Illuminate/Http/Request), Object(Closure))
#33 D:/xampp/htdocs/clinicms/vendor/laravel/framework/src/Illuminate/Cookie/Middleware/EncryptCookies.php(67): Illuminate/Pipeline/Pipeline->Illuminate/Pipeline/{closure}(Object(Illuminate/Http/Request))
#34 D:/xampp/htdocs/clinicms/vendor/laravel/framework/src/Illuminate/Pipeline/Pipeline.php(183): Illuminate/Cookie/Middleware/EncryptCookies->handle(Object(Illuminate/Http/Request), Object(Closure))
#35 D:/xampp/htdocs/clinicms/vendor/laravel/framework/src/Illuminate/Pipeline/Pipeline.php(119): Illuminate/Pipeline/Pipeline->Illuminate/Pipeline/{closure}(Object(Illuminate/Http/Request))
#36 D:/xampp/htdocs/clinicms/vendor/laravel/framework/src/Illuminate/Routing/Router.php(805): Illuminate/Pipeline/Pipeline->then(Object(Closure))
#37 D:/xampp/htdocs/clinicms/vendor/laravel/framework/src/Illuminate/Routing/Router.php(784): Illuminate/Routing/Router->runRouteWithinStack(Object(Illuminate/Routing/Route), Object(Illuminate/Http/Request))
#38 D:/xampp/htdocs/clinicms/vendor/laravel/framework/src/Illuminate/Routing/Router.php(748): Illuminate/Routing/Router->runRoute(Object(Illuminate/Http/Request), Object(Illuminate/Routing/Route))
#39 D:/xampp/htdocs/clinicms/vendor/laravel/framework/src/Illuminate/Routing/Router.php(737): Illuminate/Routing/Router->dispatchToRoute(Object(Illuminate/Http/Request))
#40 D:/xampp/htdocs/clinicms/vendor/laravel/framework/src/Illuminate/Foundation/Http/Kernel.php(200): Illuminate/Routing/Router->dispatch(Object(Illuminate/Http/Request))
#41 D:/xampp/htdocs/clinicms/vendor/laravel/framework/src/Illuminate/Pipeline/Pipeline.php(144): Illuminate/Foundation/Http/Kernel->Illuminate/Foundation/Http/{closure}(Object(Illuminate/Http/Request))
#42 D:/xampp/htdocs/clinicms/vendor/laravel/framework/src/Illuminate/Foundation/Http/Middleware/TransformsRequest.php(21): Illuminate/Pipeline/Pipeline->Illuminate/Pipeline/{closure}(Object(Illuminate/Http/Request))
#43 D:/xampp/htdocs/clinicms/vendor/laravel/framework/src/Illuminate/Foundation/Http/Middleware/ConvertEmptyStringsToNull.php(31): Illuminate/Foundation/Http/Middleware/TransformsRequest->handle(Object(Illuminate/Http/Request), Object(Closure))
#44 D:/xampp/htdocs/clinicms/vendor/laravel/framework/src/Illuminate/Pipeline/Pipeline.php(183): Illuminate/Foundation/Http/Middleware/ConvertEmptyStringsToNull->handle(Object(Illuminate/Http/Request), Object(Closure))
#45 D:/xampp/htdocs/clinicms/vendor/laravel/framework/src/Illuminate/Foundation/Http/Middleware/TransformsRequest.php(21): Illuminate/Pipeline/Pipeline->Illuminate/Pipeline/{closure}(Object(Illuminate/Http/Request))
#46 D:/xampp/htdocs/clinicms/vendor/laravel/framework/src/Illuminate/Foundation/Http/Middleware/TrimStrings.php(40): Illuminate/Foundation/Http/Middleware/TransformsRequest->handle(Object(Illuminate/Http/Request), Object(Closure))
#47 D:/xampp/htdocs/clinicms/vendor/laravel/framework/src/Illuminate/Pipeline/Pipeline.php(183): Illuminate/Foundation/Http/Middleware/TrimStrings->handle(Object(Illuminate/Http/Request), Object(Closure))
#48 D:/xampp/htdocs/clinicms/vendor/laravel/framework/src/Illuminate/Foundation/Http/Middleware/ValidatePostSize.php(27): Illuminate/Pipeline/Pipeline->Illuminate/Pipeline/{closure}(Object(Illuminate/Http/Request))
#49 D:/xampp/htdocs/clinicms/vendor/laravel/framework/src/Illuminate/Pipeline/Pipeline.php(183): Illuminate/Foundation/Http/Middleware/ValidatePostSize->handle(Object(Illuminate/Http/Request), Object(Closure))
#50 D:/xampp/htdocs/clinicms/vendor/laravel/framework/src/Illuminate/Http/Middleware/HandleCors.php(49): Illuminate/Pipeline/Pipeline->Illuminate/Pipeline/{closure}(Object(Illuminate/Http/Request))
#51 D:/xampp/htdocs/clinicms/vendor/laravel/framework/src/Illuminate/Pipeline/Pipeline.php(183): Illuminate/Http/Middleware/HandleCors->handle(Object(Illuminate/Http/Request), Object(Closure))
#52 D:/xampp/htdocs/clinicms/vendor/laravel/framework/src/Illuminate/Foundation/Http/Middleware/PreventRequestsDuringMaintenance.php(99): Illuminate/Pipeline/Pipeline->Illuminate/Pipeline/{closure}(Object(Illuminate/Http/Request))
#53 D:/xampp/htdocs/clinicms/vendor/laravel/framework/src/Illuminate/Pipeline/Pipeline.php(183): Illuminate/Foundation/Http/Middleware/PreventRequestsDuringMaintenance->handle(Object(Illuminate/Http/Request), Object(Closure))
#54 D:/xampp/htdocs/clinicms/vendor/laravel/framework/src/Illuminate/Pipeline/Pipeline.php(119): Illuminate/Pipeline/Pipeline->Illuminate/Pipeline/{closure}(Object(Illuminate/Http/Request))
#55 D:/xampp/htdocs/clinicms/vendor/laravel/framework/src/Illuminate/Foundation/Http/Kernel.php(175): Illuminate/Pipeline/Pipeline->then(Object(Closure))
#56 D:/xampp/htdocs/clinicms/vendor/laravel/framework/src/Illuminate/Foundation/Http/Kernel.php(144): Illuminate/Foundation/Http/Kernel->sendRequestThroughRouter(Object(Illuminate/Http/Request))
#57 D:/xampp/htdocs/clinicms/public/index.php(18): Illuminate/Foundation/Http/Kernel->handle(Object(Illuminate/Http/Request))
#58 {main}
"} 
[2026-09-29 15:45:59] local.ERROR: Route [reports.inventory] not defined. {"view":{"view":"D:\\xampp\\htdocs\\clinicms\\resources\\views\\inventory\\products\\show.blade.php","data":{"errors":"<pre class=sf-dump id=sf-dump-926036856 data-indent-pad=\"  \"><span class=sf-dump-note>Illuminate\\Support\\ViewErrorBag</span> {<a class=sf-dump-ref>#1152</a><samp data-depth=1 class=sf-dump-expanded>
  #<span class=sf-dump-protected title=\"Protected property\">bags</span>: []
</samp>}
</pre><script>Sfdump(\"sf-dump-926036856\", {\"maxDepth\":3,\"maxStringLength\":160})</script>
","product":"<pre class=sf-dump id=sf-dump-1107965137 data-indent-pad=\"  \">{<a class=sf-dump-ref>#1206</a><samp data-depth=1 class=sf-dump-expanded>
  +\"<span class=sf-dump-public title=\"Runtime added dynamic property\">id</span>\": <span class=sf-dump-num>18</span>
  +\"<span class=sf-dump-public title=\"Runtime added dynamic property\">name</span>\": \"<span class=sf-dump-str title=\"17 characters\">Paracetamol 500mg</span>\"
  +\"<span class=sf-dump-public title=\"Runtime added dynamic property\">sku</span>\": \"<span class=sf-dump-str title=\"7 characters\">MED-001</span>\"
  +\"<span class=sf-dump-public title=\"Runtime added dynamic property\">barcode</span>\": \"<span class=sf-dump-str title=\"12 characters\">479000000001</span>\"
  +\"<span class=sf-dump-public title=\"Runtime added dynamic property\">category_id</span>\": <span class=sf-dump-num>4</span>
  +\"<span class=sf-dump-public title=\"Runtime added dynamic property\">drug_type_id</span>\": <span class=sf-dump-num>9</span>
  +\"<span class=sf-dump-public title=\"Runtime added dynamic property\">form_type</span>\": \"<span class=sf-dump-str title=\"6 characters\">tablet</span>\"
  +\"<span class=sf-dump-public title=\"Runtime added dynamic property\">strength</span>\": \"<span class=sf-dump-str title=\"5 characters\">500mg</span>\"
  +\"<span class=sf-dump-public title=\"Runtime added dynamic property\">generic_name</span>\": \"<span class=sf-dump-str title=\"11 characters\">Paracetamol</span>\"
  +\"<span class=sf-dump-public title=\"Runtime added dynamic property\">manufacturer</span>\": \"<span class=sf-dump-str title=\"10 characters\">ABC Pharma</span>\"
  +\"<span class=sf-dump-public title=\"Runtime added dynamic property\">description</span>\": <span class=sf-dump-const>null</span>
  +\"<span class=sf-dump-public title=\"Runtime added dynamic property\">purchase_unit_id</span>\": <span class=sf-dump-num>7</span>
  +\"<span class=sf-dump-public title=\"Runtime added dynamic property\">pieces_per_purchase_unit</span>\": \"<span class=sf-dump-str title=\"6 characters\">100.00</span>\"
  +\"<span class=sf-dump-public title=\"Runtime added dynamic property\">selling_unit_id</span>\": <span class=sf-dump-num>1</span>
  +\"<span class=sf-dump-public title=\"Runtime added dynamic property\">purchase_price</span>\": \"<span class=sf-dump-str title=\"7 characters\">1800.00</span>\"
  +\"<span class=sf-dump-public title=\"Runtime added dynamic property\">selling_price</span>\": \"<span class=sf-dump-str title=\"5 characters\">20.00</span>\"
  +\"<span class=sf-dump-public title=\"Runtime added dynamic property\">mrp</span>\": \"<span class=sf-dump-str title=\"5 characters\">25.00</span>\"
  +\"<span class=sf-dump-public title=\"Runtime added dynamic property\">tax_percent</span>\": \"<span class=sf-dump-str title=\"4 characters\">0.00</span>\"
  +\"<span class=sf-dump-public title=\"Runtime added dynamic property\">discount_percent</span>\": \"<span class=sf-dump-str title=\"4 characters\">0.00</span>\"
  +\"<span class=sf-dump-public title=\"Runtime added dynamic property\">rack_number</span>\": \"<span class=sf-dump-str title=\"4 characters\">A-01</span>\"
  +\"<span class=sf-dump-public title=\"Runtime added dynamic property\">shelf_number</span>\": <span class=sf-dump-const>null</span>
  +\"<span class=sf-dump-public title=\"Runtime added dynamic property\">min_stock</span>\": \"<span class=sf-dump-str title=\"5 characters\">20.00</span>\"
  +\"<span class=sf-dump-public title=\"Runtime added dynamic property\">is_prescription_required</span>\": <span class=sf-dump-num>0</span>
  +\"<span class=sf-dump-public title=\"Runtime added dynamic property\">is_active</span>\": <span class=sf-dump-num>1</span>
  +\"<span class=sf-dump-public title=\"Runtime added dynamic property\">track_batch</span>\": <span class=sf-dump-num>1</span>
  +\"<span class=sf-dump-public title=\"Runtime added dynamic property\">image</span>\": <span class=sf-dump-const>null</span>
  +\"<span class=sf-dump-public title=\"Runtime added dynamic property\">created_at</span>\": \"<span class=sf-dump-str title=\"19 characters\">2026-09-28 21:39:10</span>\"
  +\"<span class=sf-dump-public title=\"Runtime added dynamic property\">updated_at</span>\": \"<span class=sf-dump-str title=\"19 characters\">2026-09-28 21:39:10</span>\"
  +\"<span class=sf-dump-public title=\"Runtime added dynamic property\">deleted_at</span>\": <span class=sf-dump-const>null</span>
  +\"<span class=sf-dump-public title=\"Runtime added dynamic property\">purchase_unit</span>\": \"<span class=sf-dump-str title=\"3 characters\">box</span>\"
  +\"<span class=sf-dump-public title=\"Runtime added dynamic property\">category_name</span>\": \"<span class=sf-dump-str title=\"8 characters\">Medicine</span>\"
  +\"<span class=sf-dump-public title=\"Runtime added dynamic property\">recorded_pcs</span>\": \"<span class=sf-dump-str title=\"6 characters\">450.00</span>\"
  +\"<span class=sf-dump-public title=\"Runtime added dynamic property\">available_pcs</span>\": \"<span class=sf-dump-str title=\"6 characters\">450.00</span>\"
  +\"<span class=sf-dump-public title=\"Runtime added dynamic property\">expired_pcs</span>\": \"<span class=sf-dump-str title=\"4 characters\">0.00</span>\"
  +\"<span class=sf-dump-public title=\"Runtime added dynamic property\">expiring_pcs</span>\": \"<span class=sf-dump-str title=\"4 characters\">0.00</span>\"
  +\"<span class=sf-dump-public title=\"Runtime added dynamic property\">negative_batches</span>\": \"<span class=sf-dump-str>0</span>\"
  +\"<span class=sf-dump-public title=\"Runtime added dynamic property\">ledger_pcs</span>\": \"<span class=sf-dump-str title=\"6 characters\">450.00</span>\"
  +\"<span class=sf-dump-public title=\"Runtime added dynamic property\">unrecorded_difference</span>\": \"<span class=sf-dump-str title=\"4 characters\">0.00</span>\"
  +\"<span class=sf-dump-public title=\"Runtime added dynamic property\">mismatched_batches</span>\": <span class=sf-dump-num>0</span>
</samp>}
</pre><script>Sfdump(\"sf-dump-1107965137\", {\"maxDepth\":3,\"maxStringLength\":160})</script>
","state":"<pre class=sf-dump id=sf-dump-1850731577 data-indent-pad=\"  \">{<a class=sf-dump-ref>#1193</a><samp data-depth=1 class=sf-dump-expanded>
  +\"<span class=sf-dump-public title=\"Runtime added dynamic property\">id</span>\": <span class=sf-dump-num>1</span>
  +\"<span class=sf-dump-public title=\"Runtime added dynamic property\">started_at</span>\": \"<span class=sf-dump-str title=\"19 characters\">2026-09-29 15:06:27</span>\"
</samp>}
</pre><script>Sfdump(\"sf-dump-1850731577\", {\"maxDepth\":3,\"maxStringLength\":160})</script>
","filters":"<pre class=sf-dump id=sf-dump-572914017 data-indent-pad=\"  \">[]
</pre><script>Sfdump(\"sf-dump-572914017\", {\"maxDepth\":3,\"maxStringLength\":160})</script>
","movements":"<pre class=sf-dump id=sf-dump-1473096041 data-indent-pad=\"  \"><span class=sf-dump-note>Illuminate\\Pagination\\LengthAwarePaginator</span> {<a class=sf-dump-ref>#1202</a><samp data-depth=1 class=sf-dump-expanded>
  #<span class=sf-dump-protected title=\"Protected property\">items</span>: <span class=\"sf-dump-note sf-dump-ellipsization\" title=\"Illuminate\\Support\\Collection
\"><span class=\"sf-dump-ellipsis sf-dump-ellipsis-note\">Illuminate\\Support</span><span class=\"sf-dump-ellipsis sf-dump-ellipsis-note\">\\</span><span class=\"sf-dump-ellipsis-tail\">Collection</span></span> {<a class=sf-dump-ref>#1175</a><samp data-depth=2 class=sf-dump-compact>
    #<span class=sf-dump-protected title=\"Protected property\">items</span>: []
    #<span class=sf-dump-protected title=\"Protected property\">escapeWhenCastingToString</span>: <span class=sf-dump-const>false</span>
  </samp>}
  #<span class=sf-dump-protected title=\"Protected property\">perPage</span>: <span class=sf-dump-num>25</span>
  #<span class=sf-dump-protected title=\"Protected property\">currentPage</span>: <span class=sf-dump-num>1</span>
  #<span class=sf-dump-protected title=\"Protected property\">path</span>: \"<span class=sf-dump-str title=\"44 characters\">http://localhost/clinicms/public/products/18</span>\"
  #<span class=sf-dump-protected title=\"Protected property\">query</span>: []
  #<span class=sf-dump-protected title=\"Protected property\">fragment</span>: <span class=sf-dump-const>null</span>
  #<span class=sf-dump-protected title=\"Protected property\">pageName</span>: \"<span class=sf-dump-str title=\"14 characters\">movements_page</span>\"
  +<span class=sf-dump-public title=\"Public property\">onEachSide</span>: <span class=sf-dump-num>3</span>
  #<span class=sf-dump-protected title=\"Protected property\">options</span>: <span class=sf-dump-note>array:2</span> [<samp data-depth=2 class=sf-dump-compact>
    \"<span class=sf-dump-key>path</span>\" => \"<span class=sf-dump-str title=\"44 characters\">http://localhost/clinicms/public/products/18</span>\"
    \"<span class=sf-dump-key>pageName</span>\" => \"<span class=sf-dump-str title=\"14 characters\">movements_page</span>\"
  </samp>]
  #<span class=sf-dump-protected title=\"Protected property\">total</span>: <span class=sf-dump-num>0</span>
  #<span class=sf-dump-protected title=\"Protected property\">lastPage</span>: <span class=sf-dump-num>1</span>
</samp>}
</pre><script>Sfdump(\"sf-dump-1473096041\", {\"maxDepth\":3,\"maxStringLength\":160})</script>
","kinds":"<pre class=sf-dump id=sf-dump-2084358956 data-indent-pad=\"  \"><span class=sf-dump-note>array:3</span> [<samp data-depth=1 class=sf-dump-expanded>
  \"<span class=sf-dump-key>prescription</span>\" => \"<span class=sf-dump-str title=\"12 characters\">Prescription</span>\"
  \"<span class=sf-dump-key>purchase</span>\" => \"<span class=sf-dump-str title=\"16 characters\">Purchase Invoice</span>\"
  \"<span class=sf-dump-key>adjustment</span>\" => \"<span class=sf-dump-str title=\"16 characters\">Stock Adjustment</span>\"
</samp>]
</pre><script>Sfdump(\"sf-dump-2084358956\", {\"maxDepth\":3,\"maxStringLength\":160})</script>
"}},"userId":1,"exception":"[object] (Spatie\\LaravelIgnition\\Exceptions\\ViewException(code: 0): Route [reports.inventory] not defined. at D:/xampp/htdocs/clinicms/vendor/laravel/framework/src/Illuminate/Routing/UrlGenerator.php:477)
[stacktrace]
#0 D:/xampp/htdocs/clinicms/vendor/laravel/framework/src/Illuminate/Foundation/helpers.php(811): Illuminate/Routing/UrlGenerator->route('reports.invento...', Array, true)
#1 D:/xampp/htdocs/clinicms/resources/views/inventory/products/show.blade.php(7): route('reports.invento...', Array)
#2 D:/xampp/htdocs/clinicms/vendor/laravel/framework/src/Illuminate/Filesystem/Filesystem.php(123): require('D://xampp//htdocs...')
#3 D:/xampp/htdocs/clinicms/vendor/laravel/framework/src/Illuminate/Filesystem/Filesystem.php(124): Illuminate/Filesystem/Filesystem::Illuminate/Filesystem/{closure}()
#4 D:/xampp/htdocs/clinicms/vendor/laravel/framework/src/Illuminate/View/Engines/PhpEngine.php(58): Illuminate/Filesystem/Filesystem->getRequire('D://xampp//htdocs...', Array)
#5 D:/xampp/htdocs/clinicms/vendor/laravel/framework/src/Illuminate/View/Engines/CompilerEngine.php(72): Illuminate/View/Engines/PhpEngine->evaluatePath('D://xampp//htdocs...', Array)
#6 D:/xampp/htdocs/clinicms/vendor/laravel/framework/src/Illuminate/View/View.php(207): Illuminate/View/Engines/CompilerEngine->get('D://xampp//htdocs...', Array)
#7 D:/xampp/htdocs/clinicms/vendor/laravel/framework/src/Illuminate/View/View.php(190): Illuminate/View/View->getContents()
#8 D:/xampp/htdocs/clinicms/vendor/laravel/framework/src/Illuminate/View/View.php(159): Illuminate/View/View->renderContents()
#9 D:/xampp/htdocs/clinicms/vendor/laravel/framework/src/Illuminate/Http/Response.php(69): Illuminate/View/View->render()
#10 D:/xampp/htdocs/clinicms/vendor/laravel/framework/src/Illuminate/Http/Response.php(35): Illuminate/Http/Response->setContent(Object(Illuminate/View/View))
#11 D:/xampp/htdocs/clinicms/vendor/laravel/framework/src/Illuminate/Routing/ResponseFactory.php(58): Illuminate/Http/Response->__construct(Object(Illuminate/View/View), 200, Array)
#12 D:/xampp/htdocs/clinicms/vendor/laravel/framework/src/Illuminate/Routing/ResponseFactory.php(88): Illuminate/Routing/ResponseFactory->make(Object(Illuminate/View/View), 200, Array)
#13 D:/xampp/htdocs/clinicms/app/Http/Controllers/ProductController.php(394): Illuminate/Routing/ResponseFactory->view('inventory.produ...', Array)
#14 D:/xampp/htdocs/clinicms/vendor/laravel/framework/src/Illuminate/Routing/Controller.php(54): App/Http/Controllers/ProductController->show(Object(Illuminate/Http/Request), Object(App/Models/Product), Object(App/Services/InventoryReadService))
#15 D:/xampp/htdocs/clinicms/vendor/laravel/framework/src/Illuminate/Routing/ControllerDispatcher.php(43): Illuminate/Routing/Controller->callAction('show', Array)
#16 D:/xampp/htdocs/clinicms/vendor/laravel/framework/src/Illuminate/Routing/Route.php(259): Illuminate/Routing/ControllerDispatcher->dispatch(Object(Illuminate/Routing/Route), Object(App/Http/Controllers/ProductController), 'show')
#17 D:/xampp/htdocs/clinicms/vendor/laravel/framework/src/Illuminate/Routing/Route.php(205): Illuminate/Routing/Route->runController()
#18 D:/xampp/htdocs/clinicms/vendor/laravel/framework/src/Illuminate/Routing/Router.php(806): Illuminate/Routing/Route->run()
#19 D:/xampp/htdocs/clinicms/vendor/laravel/framework/src/Illuminate/Pipeline/Pipeline.php(144): Illuminate/Routing/Router->Illuminate/Routing/{closure}(Object(Illuminate/Http/Request))
#20 D:/xampp/htdocs/clinicms/vendor/laravel/framework/src/Illuminate/Routing/Middleware/SubstituteBindings.php(50): Illuminate/Pipeline/Pipeline->Illuminate/Pipeline/{closure}(Object(Illuminate/Http/Request))
#21 D:/xampp/htdocs/clinicms/vendor/laravel/framework/src/Illuminate/Pipeline/Pipeline.php(183): Illuminate/Routing/Middleware/SubstituteBindings->handle(Object(Illuminate/Http/Request), Object(Closure))
#22 D:/xampp/htdocs/clinicms/vendor/laravel/framework/src/Illuminate/Auth/Middleware/Authenticate.php(57): Illuminate/Pipeline/Pipeline->Illuminate/Pipeline/{closure}(Object(Illuminate/Http/Request))
#23 D:/xampp/htdocs/clinicms/vendor/laravel/framework/src/Illuminate/Pipeline/Pipeline.php(183): Illuminate/Auth/Middleware/Authenticate->handle(Object(Illuminate/Http/Request), Object(Closure))
#24 D:/xampp/htdocs/clinicms/vendor/laravel/framework/src/Illuminate/Foundation/Http/Middleware/VerifyCsrfToken.php(78): Illuminate/Pipeline/Pipeline->Illuminate/Pipeline/{closure}(Object(Illuminate/Http/Request))
#25 D:/xampp/htdocs/clinicms/vendor/laravel/framework/src/Illuminate/Pipeline/Pipeline.php(183): Illuminate/Foundation/Http/Middleware/VerifyCsrfToken->handle(Object(Illuminate/Http/Request), Object(Closure))
#26 D:/xampp/htdocs/clinicms/vendor/laravel/framework/src/Illuminate/View/Middleware/ShareErrorsFromSession.php(49): Illuminate/Pipeline/Pipeline->Illuminate/Pipeline/{closure}(Object(Illuminate/Http/Request))
#27 D:/xampp/htdocs/clinicms/vendor/laravel/framework/src/Illuminate/Pipeline/Pipeline.php(183): Illuminate/View/Middleware/ShareErrorsFromSession->handle(Object(Illuminate/Http/Request), Object(Closure))
#28 D:/xampp/htdocs/clinicms/vendor/laravel/framework/src/Illuminate/Session/Middleware/StartSession.php(121): Illuminate/Pipeline/Pipeline->Illuminate/Pipeline/{closure}(Object(Illuminate/Http/Request))
#29 D:/xampp/htdocs/clinicms/vendor/laravel/framework/src/Illuminate/Session/Middleware/StartSession.php(64): Illuminate/Session/Middleware/StartSession->handleStatefulRequest(Object(Illuminate/Http/Request), Object(Illuminate/Session/Store), Object(Closure))
#30 D:/xampp/htdocs/clinicms/vendor/laravel/framework/src/Illuminate/Pipeline/Pipeline.php(183): Illuminate/Session/Middleware/StartSession->handle(Object(Illuminate/Http/Request), Object(Closure))
#31 D:/xampp/htdocs/clinicms/vendor/laravel/framework/src/Illuminate/Cookie/Middleware/AddQueuedCookiesToResponse.php(37): Illuminate/Pipeline/Pipeline->Illuminate/Pipeline/{closure}(Object(Illuminate/Http/Request))
#32 D:/xampp/htdocs/clinicms/vendor/laravel/framework/src/Illuminate/Pipeline/Pipeline.php(183): Illuminate/Cookie/Middleware/AddQueuedCookiesToResponse->handle(Object(Illuminate/Http/Request), Object(Closure))
#33 D:/xampp/htdocs/clinicms/vendor/laravel/framework/src/Illuminate/Cookie/Middleware/EncryptCookies.php(67): Illuminate/Pipeline/Pipeline->Illuminate/Pipeline/{closure}(Object(Illuminate/Http/Request))
#34 D:/xampp/htdocs/clinicms/vendor/laravel/framework/src/Illuminate/Pipeline/Pipeline.php(183): Illuminate/Cookie/Middleware/EncryptCookies->handle(Object(Illuminate/Http/Request), Object(Closure))
#35 D:/xampp/htdocs/clinicms/vendor/laravel/framework/src/Illuminate/Pipeline/Pipeline.php(119): Illuminate/Pipeline/Pipeline->Illuminate/Pipeline/{closure}(Object(Illuminate/Http/Request))
#36 D:/xampp/htdocs/clinicms/vendor/laravel/framework/src/Illuminate/Routing/Router.php(805): Illuminate/Pipeline/Pipeline->then(Object(Closure))
#37 D:/xampp/htdocs/clinicms/vendor/laravel/framework/src/Illuminate/Routing/Router.php(784): Illuminate/Routing/Router->runRouteWithinStack(Object(Illuminate/Routing/Route), Object(Illuminate/Http/Request))
#38 D:/xampp/htdocs/clinicms/vendor/laravel/framework/src/Illuminate/Routing/Router.php(748): Illuminate/Routing/Router->runRoute(Object(Illuminate/Http/Request), Object(Illuminate/Routing/Route))
#39 D:/xampp/htdocs/clinicms/vendor/laravel/framework/src/Illuminate/Routing/Router.php(737): Illuminate/Routing/Router->dispatchToRoute(Object(Illuminate/Http/Request))
#40 D:/xampp/htdocs/clinicms/vendor/laravel/framework/src/Illuminate/Foundation/Http/Kernel.php(200): Illuminate/Routing/Router->dispatch(Object(Illuminate/Http/Request))
#41 D:/xampp/htdocs/clinicms/vendor/laravel/framework/src/Illuminate/Pipeline/Pipeline.php(144): Illuminate/Foundation/Http/Kernel->Illuminate/Foundation/Http/{closure}(Object(Illuminate/Http/Request))
#42 D:/xampp/htdocs/clinicms/vendor/laravel/framework/src/Illuminate/Foundation/Http/Middleware/TransformsRequest.php(21): Illuminate/Pipeline/Pipeline->Illuminate/Pipeline/{closure}(Object(Illuminate/Http/Request))
#43 D:/xampp/htdocs/clinicms/vendor/laravel/framework/src/Illuminate/Foundation/Http/Middleware/ConvertEmptyStringsToNull.php(31): Illuminate/Foundation/Http/Middleware/TransformsRequest->handle(Object(Illuminate/Http/Request), Object(Closure))
#44 D:/xampp/htdocs/clinicms/vendor/laravel/framework/src/Illuminate/Pipeline/Pipeline.php(183): Illuminate/Foundation/Http/Middleware/ConvertEmptyStringsToNull->handle(Object(Illuminate/Http/Request), Object(Closure))
#45 D:/xampp/htdocs/clinicms/vendor/laravel/framework/src/Illuminate/Foundation/Http/Middleware/TransformsRequest.php(21): Illuminate/Pipeline/Pipeline->Illuminate/Pipeline/{closure}(Object(Illuminate/Http/Request))
#46 D:/xampp/htdocs/clinicms/vendor/laravel/framework/src/Illuminate/Foundation/Http/Middleware/TrimStrings.php(40): Illuminate/Foundation/Http/Middleware/TransformsRequest->handle(Object(Illuminate/Http/Request), Object(Closure))
#47 D:/xampp/htdocs/clinicms/vendor/laravel/framework/src/Illuminate/Pipeline/Pipeline.php(183): Illuminate/Foundation/Http/Middleware/TrimStrings->handle(Object(Illuminate/Http/Request), Object(Closure))
#48 D:/xampp/htdocs/clinicms/vendor/laravel/framework/src/Illuminate/Foundation/Http/Middleware/ValidatePostSize.php(27): Illuminate/Pipeline/Pipeline->Illuminate/Pipeline/{closure}(Object(Illuminate/Http/Request))
#49 D:/xampp/htdocs/clinicms/vendor/laravel/framework/src/Illuminate/Pipeline/Pipeline.php(183): Illuminate/Foundation/Http/Middleware/ValidatePostSize->handle(Object(Illuminate/Http/Request), Object(Closure))
#50 D:/xampp/htdocs/clinicms/vendor/laravel/framework/src/Illuminate/Http/Middleware/HandleCors.php(49): Illuminate/Pipeline/Pipeline->Illuminate/Pipeline/{closure}(Object(Illuminate/Http/Request))
#51 D:/xampp/htdocs/clinicms/vendor/laravel/framework/src/Illuminate/Pipeline/Pipeline.php(183): Illuminate/Http/Middleware/HandleCors->handle(Object(Illuminate/Http/Request), Object(Closure))
#52 D:/xampp/htdocs/clinicms/vendor/laravel/framework/src/Illuminate/Foundation/Http/Middleware/PreventRequestsDuringMaintenance.php(99): Illuminate/Pipeline/Pipeline->Illuminate/Pipeline/{closure}(Object(Illuminate/Http/Request))
#53 D:/xampp/htdocs/clinicms/vendor/laravel/framework/src/Illuminate/Pipeline/Pipeline.php(183): Illuminate/Foundation/Http/Middleware/PreventRequestsDuringMaintenance->handle(Object(Illuminate/Http/Request), Object(Closure))
#54 D:/xampp/htdocs/clinicms/vendor/laravel/framework/src/Illuminate/Pipeline/Pipeline.php(119): Illuminate/Pipeline/Pipeline->Illuminate/Pipeline/{closure}(Object(Illuminate/Http/Request))
#55 D:/xampp/htdocs/clinicms/vendor/laravel/framework/src/Illuminate/Foundation/Http/Kernel.php(175): Illuminate/Pipeline/Pipeline->then(Object(Closure))
#56 D:/xampp/htdocs/clinicms/vendor/laravel/framework/src/Illuminate/Foundation/Http/Kernel.php(144): Illuminate/Foundation/Http/Kernel->sendRequestThroughRouter(Object(Illuminate/Http/Request))
#57 D:/xampp/htdocs/clinicms/public/index.php(18): Illuminate/Foundation/Http/Kernel->handle(Object(Illuminate/Http/Request))
#58 {main}

[previous exception] [object] (Symfony\\Component\\Routing\\Exception\\RouteNotFoundException(code: 0): Route [reports.inventory] not defined. at D:/xampp/htdocs/clinicms/vendor/laravel/framework/src/Illuminate/Routing/UrlGenerator.php:477)
[stacktrace]
#0 D:/xampp/htdocs/clinicms/vendor/laravel/framework/src/Illuminate/Foundation/helpers.php(811): Illuminate/Routing/UrlGenerator->route('reports.invento...', Array, true)
#1 D:/xampp/htdocs/clinicms/storage/framework/views/3b953ff3d7d71cd30b2f2344c46cd7f2.php(6): route('reports.invento...', Array)
#2 D:/xampp/htdocs/clinicms/vendor/laravel/framework/src/Illuminate/Filesystem/Filesystem.php(123): require('D://xampp//htdocs...')
#3 D:/xampp/htdocs/clinicms/vendor/laravel/framework/src/Illuminate/Filesystem/Filesystem.php(124): Illuminate/Filesystem/Filesystem::Illuminate/Filesystem/{closure}()
#4 D:/xampp/htdocs/clinicms/vendor/laravel/framework/src/Illuminate/View/Engines/PhpEngine.php(58): Illuminate/Filesystem/Filesystem->getRequire('D://xampp//htdocs...', Array)
#5 D:/xampp/htdocs/clinicms/vendor/laravel/framework/src/Illuminate/View/Engines/CompilerEngine.php(72): Illuminate/View/Engines/PhpEngine->evaluatePath('D://xampp//htdocs...', Array)
#6 D:/xampp/htdocs/clinicms/vendor/laravel/framework/src/Illuminate/View/View.php(207): Illuminate/View/Engines/CompilerEngine->get('D://xampp//htdocs...', Array)
#7 D:/xampp/htdocs/clinicms/vendor/laravel/framework/src/Illuminate/View/View.php(190): Illuminate/View/View->getContents()
#8 D:/xampp/htdocs/clinicms/vendor/laravel/framework/src/Illuminate/View/View.php(159): Illuminate/View/View->renderContents()
#9 D:/xampp/htdocs/clinicms/vendor/laravel/framework/src/Illuminate/Http/Response.php(69): Illuminate/View/View->render()
#10 D:/xampp/htdocs/clinicms/vendor/laravel/framework/src/Illuminate/Http/Response.php(35): Illuminate/Http/Response->setContent(Object(Illuminate/View/View))
#11 D:/xampp/htdocs/clinicms/vendor/laravel/framework/src/Illuminate/Routing/ResponseFactory.php(58): Illuminate/Http/Response->__construct(Object(Illuminate/View/View), 200, Array)
#12 D:/xampp/htdocs/clinicms/vendor/laravel/framework/src/Illuminate/Routing/ResponseFactory.php(88): Illuminate/Routing/ResponseFactory->make(Object(Illuminate/View/View), 200, Array)
#13 D:/xampp/htdocs/clinicms/app/Http/Controllers/ProductController.php(394): Illuminate/Routing/ResponseFactory->view('inventory.produ...', Array)
#14 D:/xampp/htdocs/clinicms/vendor/laravel/framework/src/Illuminate/Routing/Controller.php(54): App/Http/Controllers/ProductController->show(Object(Illuminate/Http/Request), Object(App/Models/Product), Object(App/Services/InventoryReadService))
#15 D:/xampp/htdocs/clinicms/vendor/laravel/framework/src/Illuminate/Routing/ControllerDispatcher.php(43): Illuminate/Routing/Controller->callAction('show', Array)
#16 D:/xampp/htdocs/clinicms/vendor/laravel/framework/src/Illuminate/Routing/Route.php(259): Illuminate/Routing/ControllerDispatcher->dispatch(Object(Illuminate/Routing/Route), Object(App/Http/Controllers/ProductController), 'show')
#17 D:/xampp/htdocs/clinicms/vendor/laravel/framework/src/Illuminate/Routing/Route.php(205): Illuminate/Routing/Route->runController()
#18 D:/xampp/htdocs/clinicms/vendor/laravel/framework/src/Illuminate/Routing/Router.php(806): Illuminate/Routing/Route->run()
#19 D:/xampp/htdocs/clinicms/vendor/laravel/framework/src/Illuminate/Pipeline/Pipeline.php(144): Illuminate/Routing/Router->Illuminate/Routing/{closure}(Object(Illuminate/Http/Request))
#20 D:/xampp/htdocs/clinicms/vendor/laravel/framework/src/Illuminate/Routing/Middleware/SubstituteBindings.php(50): Illuminate/Pipeline/Pipeline->Illuminate/Pipeline/{closure}(Object(Illuminate/Http/Request))
#21 D:/xampp/htdocs/clinicms/vendor/laravel/framework/src/Illuminate/Pipeline/Pipeline.php(183): Illuminate/Routing/Middleware/SubstituteBindings->handle(Object(Illuminate/Http/Request), Object(Closure))
#22 D:/xampp/htdocs/clinicms/vendor/laravel/framework/src/Illuminate/Auth/Middleware/Authenticate.php(57): Illuminate/Pipeline/Pipeline->Illuminate/Pipeline/{closure}(Object(Illuminate/Http/Request))
#23 D:/xampp/htdocs/clinicms/vendor/laravel/framework/src/Illuminate/Pipeline/Pipeline.php(183): Illuminate/Auth/Middleware/Authenticate->handle(Object(Illuminate/Http/Request), Object(Closure))
#24 D:/xampp/htdocs/clinicms/vendor/laravel/framework/src/Illuminate/Foundation/Http/Middleware/VerifyCsrfToken.php(78): Illuminate/Pipeline/Pipeline->Illuminate/Pipeline/{closure}(Object(Illuminate/Http/Request))
#25 D:/xampp/htdocs/clinicms/vendor/laravel/framework/src/Illuminate/Pipeline/Pipeline.php(183): Illuminate/Foundation/Http/Middleware/VerifyCsrfToken->handle(Object(Illuminate/Http/Request), Object(Closure))
#26 D:/xampp/htdocs/clinicms/vendor/laravel/framework/src/Illuminate/View/Middleware/ShareErrorsFromSession.php(49): Illuminate/Pipeline/Pipeline->Illuminate/Pipeline/{closure}(Object(Illuminate/Http/Request))
#27 D:/xampp/htdocs/clinicms/vendor/laravel/framework/src/Illuminate/Pipeline/Pipeline.php(183): Illuminate/View/Middleware/ShareErrorsFromSession->handle(Object(Illuminate/Http/Request), Object(Closure))
#28 D:/xampp/htdocs/clinicms/vendor/laravel/framework/src/Illuminate/Session/Middleware/StartSession.php(121): Illuminate/Pipeline/Pipeline->Illuminate/Pipeline/{closure}(Object(Illuminate/Http/Request))
#29 D:/xampp/htdocs/clinicms/vendor/laravel/framework/src/Illuminate/Session/Middleware/StartSession.php(64): Illuminate/Session/Middleware/StartSession->handleStatefulRequest(Object(Illuminate/Http/Request), Object(Illuminate/Session/Store), Object(Closure))
#30 D:/xampp/htdocs/clinicms/vendor/laravel/framework/src/Illuminate/Pipeline/Pipeline.php(183): Illuminate/Session/Middleware/StartSession->handle(Object(Illuminate/Http/Request), Object(Closure))
#31 D:/xampp/htdocs/clinicms/vendor/laravel/framework/src/Illuminate/Cookie/Middleware/AddQueuedCookiesToResponse.php(37): Illuminate/Pipeline/Pipeline->Illuminate/Pipeline/{closure}(Object(Illuminate/Http/Request))
#32 D:/xampp/htdocs/clinicms/vendor/laravel/framework/src/Illuminate/Pipeline/Pipeline.php(183): Illuminate/Cookie/Middleware/AddQueuedCookiesToResponse->handle(Object(Illuminate/Http/Request), Object(Closure))
#33 D:/xampp/htdocs/clinicms/vendor/laravel/framework/src/Illuminate/Cookie/Middleware/EncryptCookies.php(67): Illuminate/Pipeline/Pipeline->Illuminate/Pipeline/{closure}(Object(Illuminate/Http/Request))
#34 D:/xampp/htdocs/clinicms/vendor/laravel/framework/src/Illuminate/Pipeline/Pipeline.php(183): Illuminate/Cookie/Middleware/EncryptCookies->handle(Object(Illuminate/Http/Request), Object(Closure))
#35 D:/xampp/htdocs/clinicms/vendor/laravel/framework/src/Illuminate/Pipeline/Pipeline.php(119): Illuminate/Pipeline/Pipeline->Illuminate/Pipeline/{closure}(Object(Illuminate/Http/Request))
#36 D:/xampp/htdocs/clinicms/vendor/laravel/framework/src/Illuminate/Routing/Router.php(805): Illuminate/Pipeline/Pipeline->then(Object(Closure))
#37 D:/xampp/htdocs/clinicms/vendor/laravel/framework/src/Illuminate/Routing/Router.php(784): Illuminate/Routing/Router->runRouteWithinStack(Object(Illuminate/Routing/Route), Object(Illuminate/Http/Request))
#38 D:/xampp/htdocs/clinicms/vendor/laravel/framework/src/Illuminate/Routing/Router.php(748): Illuminate/Routing/Router->runRoute(Object(Illuminate/Http/Request), Object(Illuminate/Routing/Route))
#39 D:/xampp/htdocs/clinicms/vendor/laravel/framework/src/Illuminate/Routing/Router.php(737): Illuminate/Routing/Router->dispatchToRoute(Object(Illuminate/Http/Request))
#40 D:/xampp/htdocs/clinicms/vendor/laravel/framework/src/Illuminate/Foundation/Http/Kernel.php(200): Illuminate/Routing/Router->dispatch(Object(Illuminate/Http/Request))
#41 D:/xampp/htdocs/clinicms/vendor/laravel/framework/src/Illuminate/Pipeline/Pipeline.php(144): Illuminate/Foundation/Http/Kernel->Illuminate/Foundation/Http/{closure}(Object(Illuminate/Http/Request))
#42 D:/xampp/htdocs/clinicms/vendor/laravel/framework/src/Illuminate/Foundation/Http/Middleware/TransformsRequest.php(21): Illuminate/Pipeline/Pipeline->Illuminate/Pipeline/{closure}(Object(Illuminate/Http/Request))
#43 D:/xampp/htdocs/clinicms/vendor/laravel/framework/src/Illuminate/Foundation/Http/Middleware/ConvertEmptyStringsToNull.php(31): Illuminate/Foundation/Http/Middleware/TransformsRequest->handle(Object(Illuminate/Http/Request), Object(Closure))
#44 D:/xampp/htdocs/clinicms/vendor/laravel/framework/src/Illuminate/Pipeline/Pipeline.php(183): Illuminate/Foundation/Http/Middleware/ConvertEmptyStringsToNull->handle(Object(Illuminate/Http/Request), Object(Closure))
#45 D:/xampp/htdocs/clinicms/vendor/laravel/framework/src/Illuminate/Foundation/Http/Middleware/TransformsRequest.php(21): Illuminate/Pipeline/Pipeline->Illuminate/Pipeline/{closure}(Object(Illuminate/Http/Request))
#46 D:/xampp/htdocs/clinicms/vendor/laravel/framework/src/Illuminate/Foundation/Http/Middleware/TrimStrings.php(40): Illuminate/Foundation/Http/Middleware/TransformsRequest->handle(Object(Illuminate/Http/Request), Object(Closure))
#47 D:/xampp/htdocs/clinicms/vendor/laravel/framework/src/Illuminate/Pipeline/Pipeline.php(183): Illuminate/Foundation/Http/Middleware/TrimStrings->handle(Object(Illuminate/Http/Request), Object(Closure))
#48 D:/xampp/htdocs/clinicms/vendor/laravel/framework/src/Illuminate/Foundation/Http/Middleware/ValidatePostSize.php(27): Illuminate/Pipeline/Pipeline->Illuminate/Pipeline/{closure}(Object(Illuminate/Http/Request))
#49 D:/xampp/htdocs/clinicms/vendor/laravel/framework/src/Illuminate/Pipeline/Pipeline.php(183): Illuminate/Foundation/Http/Middleware/ValidatePostSize->handle(Object(Illuminate/Http/Request), Object(Closure))
#50 D:/xampp/htdocs/clinicms/vendor/laravel/framework/src/Illuminate/Http/Middleware/HandleCors.php(49): Illuminate/Pipeline/Pipeline->Illuminate/Pipeline/{closure}(Object(Illuminate/Http/Request))
#51 D:/xampp/htdocs/clinicms/vendor/laravel/framework/src/Illuminate/Pipeline/Pipeline.php(183): Illuminate/Http/Middleware/HandleCors->handle(Object(Illuminate/Http/Request), Object(Closure))
#52 D:/xampp/htdocs/clinicms/vendor/laravel/framework/src/Illuminate/Foundation/Http/Middleware/PreventRequestsDuringMaintenance.php(99): Illuminate/Pipeline/Pipeline->Illuminate/Pipeline/{closure}(Object(Illuminate/Http/Request))
#53 D:/xampp/htdocs/clinicms/vendor/laravel/framework/src/Illuminate/Pipeline/Pipeline.php(183): Illuminate/Foundation/Http/Middleware/PreventRequestsDuringMaintenance->handle(Object(Illuminate/Http/Request), Object(Closure))
#54 D:/xampp/htdocs/clinicms/vendor/laravel/framework/src/Illuminate/Pipeline/Pipeline.php(119): Illuminate/Pipeline/Pipeline->Illuminate/Pipeline/{closure}(Object(Illuminate/Http/Request))
#55 D:/xampp/htdocs/clinicms/vendor/laravel/framework/src/Illuminate/Foundation/Http/Kernel.php(175): Illuminate/Pipeline/Pipeline->then(Object(Closure))
#56 D:/xampp/htdocs/clinicms/vendor/laravel/framework/src/Illuminate/Foundation/Http/Kernel.php(144): Illuminate/Foundation/Http/Kernel->sendRequestThroughRouter(Object(Illuminate/Http/Request))
#57 D:/xampp/htdocs/clinicms/public/index.php(18): Illuminate/Foundation/Http/Kernel->handle(Object(Illuminate/Http/Request))
#58 {main}
"} 
[2026-09-29 19:02:05] local.ERROR: Route [reports.inventory] not defined. {"view":{"view":"D:\\xampp\\htdocs\\clinicms\\resources\\views\\inventory\\products\\show.blade.php","data":{"errors":"<pre class=sf-dump id=sf-dump-2070997507 data-indent-pad=\"  \"><span class=sf-dump-note>Illuminate\\Support\\ViewErrorBag</span> {<a class=sf-dump-ref>#1152</a><samp data-depth=1 class=sf-dump-expanded>
  #<span class=sf-dump-protected title=\"Protected property\">bags</span>: []
</samp>}
</pre><script>Sfdump(\"sf-dump-2070997507\", {\"maxDepth\":3,\"maxStringLength\":160})</script>
","product":"<pre class=sf-dump id=sf-dump-1314407444 data-indent-pad=\"  \">{<a class=sf-dump-ref>#1206</a><samp data-depth=1 class=sf-dump-expanded>
  +\"<span class=sf-dump-public title=\"Runtime added dynamic property\">id</span>\": <span class=sf-dump-num>18</span>
  +\"<span class=sf-dump-public title=\"Runtime added dynamic property\">name</span>\": \"<span class=sf-dump-str title=\"17 characters\">Paracetamol 500mg</span>\"
  +\"<span class=sf-dump-public title=\"Runtime added dynamic property\">sku</span>\": \"<span class=sf-dump-str title=\"7 characters\">MED-001</span>\"
  +\"<span class=sf-dump-public title=\"Runtime added dynamic property\">barcode</span>\": \"<span class=sf-dump-str title=\"12 characters\">479000000001</span>\"
  +\"<span class=sf-dump-public title=\"Runtime added dynamic property\">category_id</span>\": <span class=sf-dump-num>4</span>
  +\"<span class=sf-dump-public title=\"Runtime added dynamic property\">drug_type_id</span>\": <span class=sf-dump-num>9</span>
  +\"<span class=sf-dump-public title=\"Runtime added dynamic property\">form_type</span>\": \"<span class=sf-dump-str title=\"6 characters\">tablet</span>\"
  +\"<span class=sf-dump-public title=\"Runtime added dynamic property\">strength</span>\": \"<span class=sf-dump-str title=\"5 characters\">500mg</span>\"
  +\"<span class=sf-dump-public title=\"Runtime added dynamic property\">generic_name</span>\": \"<span class=sf-dump-str title=\"11 characters\">Paracetamol</span>\"
  +\"<span class=sf-dump-public title=\"Runtime added dynamic property\">manufacturer</span>\": \"<span class=sf-dump-str title=\"10 characters\">ABC Pharma</span>\"
  +\"<span class=sf-dump-public title=\"Runtime added dynamic property\">description</span>\": <span class=sf-dump-const>null</span>
  +\"<span class=sf-dump-public title=\"Runtime added dynamic property\">purchase_unit_id</span>\": <span class=sf-dump-num>7</span>
  +\"<span class=sf-dump-public title=\"Runtime added dynamic property\">pieces_per_purchase_unit</span>\": \"<span class=sf-dump-str title=\"6 characters\">100.00</span>\"
  +\"<span class=sf-dump-public title=\"Runtime added dynamic property\">selling_unit_id</span>\": <span class=sf-dump-num>1</span>
  +\"<span class=sf-dump-public title=\"Runtime added dynamic property\">purchase_price</span>\": \"<span class=sf-dump-str title=\"7 characters\">1800.00</span>\"
  +\"<span class=sf-dump-public title=\"Runtime added dynamic property\">selling_price</span>\": \"<span class=sf-dump-str title=\"5 characters\">20.00</span>\"
  +\"<span class=sf-dump-public title=\"Runtime added dynamic property\">mrp</span>\": \"<span class=sf-dump-str title=\"5 characters\">25.00</span>\"
  +\"<span class=sf-dump-public title=\"Runtime added dynamic property\">tax_percent</span>\": \"<span class=sf-dump-str title=\"4 characters\">0.00</span>\"
  +\"<span class=sf-dump-public title=\"Runtime added dynamic property\">discount_percent</span>\": \"<span class=sf-dump-str title=\"4 characters\">0.00</span>\"
  +\"<span class=sf-dump-public title=\"Runtime added dynamic property\">rack_number</span>\": \"<span class=sf-dump-str title=\"4 characters\">A-01</span>\"
  +\"<span class=sf-dump-public title=\"Runtime added dynamic property\">shelf_number</span>\": <span class=sf-dump-const>null</span>
  +\"<span class=sf-dump-public title=\"Runtime added dynamic property\">min_stock</span>\": \"<span class=sf-dump-str title=\"5 characters\">20.00</span>\"
  +\"<span class=sf-dump-public title=\"Runtime added dynamic property\">is_prescription_required</span>\": <span class=sf-dump-num>0</span>
  +\"<span class=sf-dump-public title=\"Runtime added dynamic property\">is_active</span>\": <span class=sf-dump-num>1</span>
  +\"<span class=sf-dump-public title=\"Runtime added dynamic property\">track_batch</span>\": <span class=sf-dump-num>1</span>
  +\"<span class=sf-dump-public title=\"Runtime added dynamic property\">image</span>\": <span class=sf-dump-const>null</span>
  +\"<span class=sf-dump-public title=\"Runtime added dynamic property\">created_at</span>\": \"<span class=sf-dump-str title=\"19 characters\">2026-09-28 21:39:10</span>\"
  +\"<span class=sf-dump-public title=\"Runtime added dynamic property\">updated_at</span>\": \"<span class=sf-dump-str title=\"19 characters\">2026-09-28 21:39:10</span>\"
  +\"<span class=sf-dump-public title=\"Runtime added dynamic property\">deleted_at</span>\": <span class=sf-dump-const>null</span>
  +\"<span class=sf-dump-public title=\"Runtime added dynamic property\">purchase_unit</span>\": \"<span class=sf-dump-str title=\"3 characters\">box</span>\"
  +\"<span class=sf-dump-public title=\"Runtime added dynamic property\">category_name</span>\": \"<span class=sf-dump-str title=\"8 characters\">Medicine</span>\"
  +\"<span class=sf-dump-public title=\"Runtime added dynamic property\">recorded_pcs</span>\": \"<span class=sf-dump-str title=\"6 characters\">450.00</span>\"
  +\"<span class=sf-dump-public title=\"Runtime added dynamic property\">available_pcs</span>\": \"<span class=sf-dump-str title=\"6 characters\">450.00</span>\"
  +\"<span class=sf-dump-public title=\"Runtime added dynamic property\">expired_pcs</span>\": \"<span class=sf-dump-str title=\"4 characters\">0.00</span>\"
  +\"<span class=sf-dump-public title=\"Runtime added dynamic property\">expiring_pcs</span>\": \"<span class=sf-dump-str title=\"4 characters\">0.00</span>\"
  +\"<span class=sf-dump-public title=\"Runtime added dynamic property\">negative_batches</span>\": \"<span class=sf-dump-str>0</span>\"
  +\"<span class=sf-dump-public title=\"Runtime added dynamic property\">ledger_pcs</span>\": \"<span class=sf-dump-str title=\"6 characters\">450.00</span>\"
  +\"<span class=sf-dump-public title=\"Runtime added dynamic property\">unrecorded_difference</span>\": \"<span class=sf-dump-str title=\"4 characters\">0.00</span>\"
  +\"<span class=sf-dump-public title=\"Runtime added dynamic property\">mismatched_batches</span>\": <span class=sf-dump-num>0</span>
</samp>}
</pre><script>Sfdump(\"sf-dump-1314407444\", {\"maxDepth\":3,\"maxStringLength\":160})</script>
","state":"<pre class=sf-dump id=sf-dump-554963008 data-indent-pad=\"  \">{<a class=sf-dump-ref>#1193</a><samp data-depth=1 class=sf-dump-expanded>
  +\"<span class=sf-dump-public title=\"Runtime added dynamic property\">id</span>\": <span class=sf-dump-num>1</span>
  +\"<span class=sf-dump-public title=\"Runtime added dynamic property\">started_at</span>\": \"<span class=sf-dump-str title=\"19 characters\">2026-09-29 15:06:27</span>\"
</samp>}
</pre><script>Sfdump(\"sf-dump-554963008\", {\"maxDepth\":3,\"maxStringLength\":160})</script>
","filters":"<pre class=sf-dump id=sf-dump-653054376 data-indent-pad=\"  \">[]
</pre><script>Sfdump(\"sf-dump-653054376\", {\"maxDepth\":3,\"maxStringLength\":160})</script>
","movements":"<pre class=sf-dump id=sf-dump-1943598262 data-indent-pad=\"  \"><span class=sf-dump-note>Illuminate\\Pagination\\LengthAwarePaginator</span> {<a class=sf-dump-ref>#1202</a><samp data-depth=1 class=sf-dump-expanded>
  #<span class=sf-dump-protected title=\"Protected property\">items</span>: <span class=\"sf-dump-note sf-dump-ellipsization\" title=\"Illuminate\\Support\\Collection
\"><span class=\"sf-dump-ellipsis sf-dump-ellipsis-note\">Illuminate\\Support</span><span class=\"sf-dump-ellipsis sf-dump-ellipsis-note\">\\</span><span class=\"sf-dump-ellipsis-tail\">Collection</span></span> {<a class=sf-dump-ref>#1175</a><samp data-depth=2 class=sf-dump-compact>
    #<span class=sf-dump-protected title=\"Protected property\">items</span>: []
    #<span class=sf-dump-protected title=\"Protected property\">escapeWhenCastingToString</span>: <span class=sf-dump-const>false</span>
  </samp>}
  #<span class=sf-dump-protected title=\"Protected property\">perPage</span>: <span class=sf-dump-num>25</span>
  #<span class=sf-dump-protected title=\"Protected property\">currentPage</span>: <span class=sf-dump-num>1</span>
  #<span class=sf-dump-protected title=\"Protected property\">path</span>: \"<span class=sf-dump-str title=\"44 characters\">http://localhost/clinicms/public/products/18</span>\"
  #<span class=sf-dump-protected title=\"Protected property\">query</span>: []
  #<span class=sf-dump-protected title=\"Protected property\">fragment</span>: <span class=sf-dump-const>null</span>
  #<span class=sf-dump-protected title=\"Protected property\">pageName</span>: \"<span class=sf-dump-str title=\"14 characters\">movements_page</span>\"
  +<span class=sf-dump-public title=\"Public property\">onEachSide</span>: <span class=sf-dump-num>3</span>
  #<span class=sf-dump-protected title=\"Protected property\">options</span>: <span class=sf-dump-note>array:2</span> [<samp data-depth=2 class=sf-dump-compact>
    \"<span class=sf-dump-key>path</span>\" => \"<span class=sf-dump-str title=\"44 characters\">http://localhost/clinicms/public/products/18</span>\"
    \"<span class=sf-dump-key>pageName</span>\" => \"<span class=sf-dump-str title=\"14 characters\">movements_page</span>\"
  </samp>]
  #<span class=sf-dump-protected title=\"Protected property\">total</span>: <span class=sf-dump-num>0</span>
  #<span class=sf-dump-protected title=\"Protected property\">lastPage</span>: <span class=sf-dump-num>1</span>
</samp>}
</pre><script>Sfdump(\"sf-dump-1943598262\", {\"maxDepth\":3,\"maxStringLength\":160})</script>
","kinds":"<pre class=sf-dump id=sf-dump-492488010 data-indent-pad=\"  \"><span class=sf-dump-note>array:3</span> [<samp data-depth=1 class=sf-dump-expanded>
  \"<span class=sf-dump-key>prescription</span>\" => \"<span class=sf-dump-str title=\"12 characters\">Prescription</span>\"
  \"<span class=sf-dump-key>purchase</span>\" => \"<span class=sf-dump-str title=\"16 characters\">Purchase Invoice</span>\"
  \"<span class=sf-dump-key>adjustment</span>\" => \"<span class=sf-dump-str title=\"16 characters\">Stock Adjustment</span>\"
</samp>]
</pre><script>Sfdump(\"sf-dump-492488010\", {\"maxDepth\":3,\"maxStringLength\":160})</script>
"}},"userId":1,"exception":"[object] (Spatie\\LaravelIgnition\\Exceptions\\ViewException(code: 0): Route [reports.inventory] not defined. at D:/xampp/htdocs/clinicms/vendor/laravel/framework/src/Illuminate/Routing/UrlGenerator.php:477)
[stacktrace]
#0 D:/xampp/htdocs/clinicms/vendor/laravel/framework/src/Illuminate/Foundation/helpers.php(811): Illuminate/Routing/UrlGenerator->route('reports.invento...', Array, true)
#1 D:/xampp/htdocs/clinicms/resources/views/inventory/products/show.blade.php(7): route('reports.invento...', Array)
#2 D:/xampp/htdocs/clinicms/vendor/laravel/framework/src/Illuminate/Filesystem/Filesystem.php(123): require('D://xampp//htdocs...')
#3 D:/xampp/htdocs/clinicms/vendor/laravel/framework/src/Illuminate/Filesystem/Filesystem.php(124): Illuminate/Filesystem/Filesystem::Illuminate/Filesystem/{closure}()
#4 D:/xampp/htdocs/clinicms/vendor/laravel/framework/src/Illuminate/View/Engines/PhpEngine.php(58): Illuminate/Filesystem/Filesystem->getRequire('D://xampp//htdocs...', Array)
#5 D:/xampp/htdocs/clinicms/vendor/laravel/framework/src/Illuminate/View/Engines/CompilerEngine.php(72): Illuminate/View/Engines/PhpEngine->evaluatePath('D://xampp//htdocs...', Array)
#6 D:/xampp/htdocs/clinicms/vendor/laravel/framework/src/Illuminate/View/View.php(207): Illuminate/View/Engines/CompilerEngine->get('D://xampp//htdocs...', Array)
#7 D:/xampp/htdocs/clinicms/vendor/laravel/framework/src/Illuminate/View/View.php(190): Illuminate/View/View->getContents()
#8 D:/xampp/htdocs/clinicms/vendor/laravel/framework/src/Illuminate/View/View.php(159): Illuminate/View/View->renderContents()
#9 D:/xampp/htdocs/clinicms/vendor/laravel/framework/src/Illuminate/Http/Response.php(69): Illuminate/View/View->render()
#10 D:/xampp/htdocs/clinicms/vendor/laravel/framework/src/Illuminate/Http/Response.php(35): Illuminate/Http/Response->setContent(Object(Illuminate/View/View))
#11 D:/xampp/htdocs/clinicms/vendor/laravel/framework/src/Illuminate/Routing/ResponseFactory.php(58): Illuminate/Http/Response->__construct(Object(Illuminate/View/View), 200, Array)
#12 D:/xampp/htdocs/clinicms/vendor/laravel/framework/src/Illuminate/Routing/ResponseFactory.php(88): Illuminate/Routing/ResponseFactory->make(Object(Illuminate/View/View), 200, Array)
#13 D:/xampp/htdocs/clinicms/app/Http/Controllers/ProductController.php(394): Illuminate/Routing/ResponseFactory->view('inventory.produ...', Array)
#14 D:/xampp/htdocs/clinicms/vendor/laravel/framework/src/Illuminate/Routing/Controller.php(54): App/Http/Controllers/ProductController->show(Object(Illuminate/Http/Request), Object(App/Models/Product), Object(App/Services/InventoryReadService))
#15 D:/xampp/htdocs/clinicms/vendor/laravel/framework/src/Illuminate/Routing/ControllerDispatcher.php(43): Illuminate/Routing/Controller->callAction('show', Array)
#16 D:/xampp/htdocs/clinicms/vendor/laravel/framework/src/Illuminate/Routing/Route.php(259): Illuminate/Routing/ControllerDispatcher->dispatch(Object(Illuminate/Routing/Route), Object(App/Http/Controllers/ProductController), 'show')
#17 D:/xampp/htdocs/clinicms/vendor/laravel/framework/src/Illuminate/Routing/Route.php(205): Illuminate/Routing/Route->runController()
#18 D:/xampp/htdocs/clinicms/vendor/laravel/framework/src/Illuminate/Routing/Router.php(806): Illuminate/Routing/Route->run()
#19 D:/xampp/htdocs/clinicms/vendor/laravel/framework/src/Illuminate/Pipeline/Pipeline.php(144): Illuminate/Routing/Router->Illuminate/Routing/{closure}(Object(Illuminate/Http/Request))
#20 D:/xampp/htdocs/clinicms/vendor/laravel/framework/src/Illuminate/Routing/Middleware/SubstituteBindings.php(50): Illuminate/Pipeline/Pipeline->Illuminate/Pipeline/{closure}(Object(Illuminate/Http/Request))
#21 D:/xampp/htdocs/clinicms/vendor/laravel/framework/src/Illuminate/Pipeline/Pipeline.php(183): Illuminate/Routing/Middleware/SubstituteBindings->handle(Object(Illuminate/Http/Request), Object(Closure))
#22 D:/xampp/htdocs/clinicms/vendor/laravel/framework/src/Illuminate/Auth/Middleware/Authenticate.php(57): Illuminate/Pipeline/Pipeline->Illuminate/Pipeline/{closure}(Object(Illuminate/Http/Request))
#23 D:/xampp/htdocs/clinicms/vendor/laravel/framework/src/Illuminate/Pipeline/Pipeline.php(183): Illuminate/Auth/Middleware/Authenticate->handle(Object(Illuminate/Http/Request), Object(Closure))
#24 D:/xampp/htdocs/clinicms/vendor/laravel/framework/src/Illuminate/Foundation/Http/Middleware/VerifyCsrfToken.php(78): Illuminate/Pipeline/Pipeline->Illuminate/Pipeline/{closure}(Object(Illuminate/Http/Request))
#25 D:/xampp/htdocs/clinicms/vendor/laravel/framework/src/Illuminate/Pipeline/Pipeline.php(183): Illuminate/Foundation/Http/Middleware/VerifyCsrfToken->handle(Object(Illuminate/Http/Request), Object(Closure))
#26 D:/xampp/htdocs/clinicms/vendor/laravel/framework/src/Illuminate/View/Middleware/ShareErrorsFromSession.php(49): Illuminate/Pipeline/Pipeline->Illuminate/Pipeline/{closure}(Object(Illuminate/Http/Request))
#27 D:/xampp/htdocs/clinicms/vendor/laravel/framework/src/Illuminate/Pipeline/Pipeline.php(183): Illuminate/View/Middleware/ShareErrorsFromSession->handle(Object(Illuminate/Http/Request), Object(Closure))
#28 D:/xampp/htdocs/clinicms/vendor/laravel/framework/src/Illuminate/Session/Middleware/StartSession.php(121): Illuminate/Pipeline/Pipeline->Illuminate/Pipeline/{closure}(Object(Illuminate/Http/Request))
#29 D:/xampp/htdocs/clinicms/vendor/laravel/framework/src/Illuminate/Session/Middleware/StartSession.php(64): Illuminate/Session/Middleware/StartSession->handleStatefulRequest(Object(Illuminate/Http/Request), Object(Illuminate/Session/Store), Object(Closure))
#30 D:/xampp/htdocs/clinicms/vendor/laravel/framework/src/Illuminate/Pipeline/Pipeline.php(183): Illuminate/Session/Middleware/StartSession->handle(Object(Illuminate/Http/Request), Object(Closure))
#31 D:/xampp/htdocs/clinicms/vendor/laravel/framework/src/Illuminate/Cookie/Middleware/AddQueuedCookiesToResponse.php(37): Illuminate/Pipeline/Pipeline->Illuminate/Pipeline/{closure}(Object(Illuminate/Http/Request))
#32 D:/xampp/htdocs/clinicms/vendor/laravel/framework/src/Illuminate/Pipeline/Pipeline.php(183): Illuminate/Cookie/Middleware/AddQueuedCookiesToResponse->handle(Object(Illuminate/Http/Request), Object(Closure))
#33 D:/xampp/htdocs/clinicms/vendor/laravel/framework/src/Illuminate/Cookie/Middleware/EncryptCookies.php(67): Illuminate/Pipeline/Pipeline->Illuminate/Pipeline/{closure}(Object(Illuminate/Http/Request))
#34 D:/xampp/htdocs/clinicms/vendor/laravel/framework/src/Illuminate/Pipeline/Pipeline.php(183): Illuminate/Cookie/Middleware/EncryptCookies->handle(Object(Illuminate/Http/Request), Object(Closure))
#35 D:/xampp/htdocs/clinicms/vendor/laravel/framework/src/Illuminate/Pipeline/Pipeline.php(119): Illuminate/Pipeline/Pipeline->Illuminate/Pipeline/{closure}(Object(Illuminate/Http/Request))
#36 D:/xampp/htdocs/clinicms/vendor/laravel/framework/src/Illuminate/Routing/Router.php(805): Illuminate/Pipeline/Pipeline->then(Object(Closure))
#37 D:/xampp/htdocs/clinicms/vendor/laravel/framework/src/Illuminate/Routing/Router.php(784): Illuminate/Routing/Router->runRouteWithinStack(Object(Illuminate/Routing/Route), Object(Illuminate/Http/Request))
#38 D:/xampp/htdocs/clinicms/vendor/laravel/framework/src/Illuminate/Routing/Router.php(748): Illuminate/Routing/Router->runRoute(Object(Illuminate/Http/Request), Object(Illuminate/Routing/Route))
#39 D:/xampp/htdocs/clinicms/vendor/laravel/framework/src/Illuminate/Routing/Router.php(737): Illuminate/Routing/Router->dispatchToRoute(Object(Illuminate/Http/Request))
#40 D:/xampp/htdocs/clinicms/vendor/laravel/framework/src/Illuminate/Foundation/Http/Kernel.php(200): Illuminate/Routing/Router->dispatch(Object(Illuminate/Http/Request))
#41 D:/xampp/htdocs/clinicms/vendor/laravel/framework/src/Illuminate/Pipeline/Pipeline.php(144): Illuminate/Foundation/Http/Kernel->Illuminate/Foundation/Http/{closure}(Object(Illuminate/Http/Request))
#42 D:/xampp/htdocs/clinicms/vendor/laravel/framework/src/Illuminate/Foundation/Http/Middleware/TransformsRequest.php(21): Illuminate/Pipeline/Pipeline->Illuminate/Pipeline/{closure}(Object(Illuminate/Http/Request))
#43 D:/xampp/htdocs/clinicms/vendor/laravel/framework/src/Illuminate/Foundation/Http/Middleware/ConvertEmptyStringsToNull.php(31): Illuminate/Foundation/Http/Middleware/TransformsRequest->handle(Object(Illuminate/Http/Request), Object(Closure))
#44 D:/xampp/htdocs/clinicms/vendor/laravel/framework/src/Illuminate/Pipeline/Pipeline.php(183): Illuminate/Foundation/Http/Middleware/ConvertEmptyStringsToNull->handle(Object(Illuminate/Http/Request), Object(Closure))
#45 D:/xampp/htdocs/clinicms/vendor/laravel/framework/src/Illuminate/Foundation/Http/Middleware/TransformsRequest.php(21): Illuminate/Pipeline/Pipeline->Illuminate/Pipeline/{closure}(Object(Illuminate/Http/Request))
#46 D:/xampp/htdocs/clinicms/vendor/laravel/framework/src/Illuminate/Foundation/Http/Middleware/TrimStrings.php(40): Illuminate/Foundation/Http/Middleware/TransformsRequest->handle(Object(Illuminate/Http/Request), Object(Closure))
#47 D:/xampp/htdocs/clinicms/vendor/laravel/framework/src/Illuminate/Pipeline/Pipeline.php(183): Illuminate/Foundation/Http/Middleware/TrimStrings->handle(Object(Illuminate/Http/Request), Object(Closure))
#48 D:/xampp/htdocs/clinicms/vendor/laravel/framework/src/Illuminate/Foundation/Http/Middleware/ValidatePostSize.php(27): Illuminate/Pipeline/Pipeline->Illuminate/Pipeline/{closure}(Object(Illuminate/Http/Request))
#49 D:/xampp/htdocs/clinicms/vendor/laravel/framework/src/Illuminate/Pipeline/Pipeline.php(183): Illuminate/Foundation/Http/Middleware/ValidatePostSize->handle(Object(Illuminate/Http/Request), Object(Closure))
#50 D:/xampp/htdocs/clinicms/vendor/laravel/framework/src/Illuminate/Http/Middleware/HandleCors.php(49): Illuminate/Pipeline/Pipeline->Illuminate/Pipeline/{closure}(Object(Illuminate/Http/Request))
#51 D:/xampp/htdocs/clinicms/vendor/laravel/framework/src/Illuminate/Pipeline/Pipeline.php(183): Illuminate/Http/Middleware/HandleCors->handle(Object(Illuminate/Http/Request), Object(Closure))
#52 D:/xampp/htdocs/clinicms/vendor/laravel/framework/src/Illuminate/Foundation/Http/Middleware/PreventRequestsDuringMaintenance.php(99): Illuminate/Pipeline/Pipeline->Illuminate/Pipeline/{closure}(Object(Illuminate/Http/Request))
#53 D:/xampp/htdocs/clinicms/vendor/laravel/framework/src/Illuminate/Pipeline/Pipeline.php(183): Illuminate/Foundation/Http/Middleware/PreventRequestsDuringMaintenance->handle(Object(Illuminate/Http/Request), Object(Closure))
#54 D:/xampp/htdocs/clinicms/vendor/laravel/framework/src/Illuminate/Pipeline/Pipeline.php(119): Illuminate/Pipeline/Pipeline->Illuminate/Pipeline/{closure}(Object(Illuminate/Http/Request))
#55 D:/xampp/htdocs/clinicms/vendor/laravel/framework/src/Illuminate/Foundation/Http/Kernel.php(175): Illuminate/Pipeline/Pipeline->then(Object(Closure))
#56 D:/xampp/htdocs/clinicms/vendor/laravel/framework/src/Illuminate/Foundation/Http/Kernel.php(144): Illuminate/Foundation/Http/Kernel->sendRequestThroughRouter(Object(Illuminate/Http/Request))
#57 D:/xampp/htdocs/clinicms/public/index.php(18): Illuminate/Foundation/Http/Kernel->handle(Object(Illuminate/Http/Request))
#58 {main}

[previous exception] [object] (Symfony\\Component\\Routing\\Exception\\RouteNotFoundException(code: 0): Route [reports.inventory] not defined. at D:/xampp/htdocs/clinicms/vendor/laravel/framework/src/Illuminate/Routing/UrlGenerator.php:477)
[stacktrace]
#0 D:/xampp/htdocs/clinicms/vendor/laravel/framework/src/Illuminate/Foundation/helpers.php(811): Illuminate/Routing/UrlGenerator->route('reports.invento...', Array, true)
#1 D:/xampp/htdocs/clinicms/storage/framework/views/3b953ff3d7d71cd30b2f2344c46cd7f2.php(6): route('reports.invento...', Array)
#2 D:/xampp/htdocs/clinicms/vendor/laravel/framework/src/Illuminate/Filesystem/Filesystem.php(123): require('D://xampp//htdocs...')
#3 D:/xampp/htdocs/clinicms/vendor/laravel/framework/src/Illuminate/Filesystem/Filesystem.php(124): Illuminate/Filesystem/Filesystem::Illuminate/Filesystem/{closure}()
#4 D:/xampp/htdocs/clinicms/vendor/laravel/framework/src/Illuminate/View/Engines/PhpEngine.php(58): Illuminate/Filesystem/Filesystem->getRequire('D://xampp//htdocs...', Array)
#5 D:/xampp/htdocs/clinicms/vendor/laravel/framework/src/Illuminate/View/Engines/CompilerEngine.php(72): Illuminate/View/Engines/PhpEngine->evaluatePath('D://xampp//htdocs...', Array)
#6 D:/xampp/htdocs/clinicms/vendor/laravel/framework/src/Illuminate/View/View.php(207): Illuminate/View/Engines/CompilerEngine->get('D://xampp//htdocs...', Array)
#7 D:/xampp/htdocs/clinicms/vendor/laravel/framework/src/Illuminate/View/View.php(190): Illuminate/View/View->getContents()
#8 D:/xampp/htdocs/clinicms/vendor/laravel/framework/src/Illuminate/View/View.php(159): Illuminate/View/View->renderContents()
#9 D:/xampp/htdocs/clinicms/vendor/laravel/framework/src/Illuminate/Http/Response.php(69): Illuminate/View/View->render()
#10 D:/xampp/htdocs/clinicms/vendor/laravel/framework/src/Illuminate/Http/Response.php(35): Illuminate/Http/Response->setContent(Object(Illuminate/View/View))
#11 D:/xampp/htdocs/clinicms/vendor/laravel/framework/src/Illuminate/Routing/ResponseFactory.php(58): Illuminate/Http/Response->__construct(Object(Illuminate/View/View), 200, Array)
#12 D:/xampp/htdocs/clinicms/vendor/laravel/framework/src/Illuminate/Routing/ResponseFactory.php(88): Illuminate/Routing/ResponseFactory->make(Object(Illuminate/View/View), 200, Array)
#13 D:/xampp/htdocs/clinicms/app/Http/Controllers/ProductController.php(394): Illuminate/Routing/ResponseFactory->view('inventory.produ...', Array)
#14 D:/xampp/htdocs/clinicms/vendor/laravel/framework/src/Illuminate/Routing/Controller.php(54): App/Http/Controllers/ProductController->show(Object(Illuminate/Http/Request), Object(App/Models/Product), Object(App/Services/InventoryReadService))
#15 D:/xampp/htdocs/clinicms/vendor/laravel/framework/src/Illuminate/Routing/ControllerDispatcher.php(43): Illuminate/Routing/Controller->callAction('show', Array)
#16 D:/xampp/htdocs/clinicms/vendor/laravel/framework/src/Illuminate/Routing/Route.php(259): Illuminate/Routing/ControllerDispatcher->dispatch(Object(Illuminate/Routing/Route), Object(App/Http/Controllers/ProductController), 'show')
#17 D:/xampp/htdocs/clinicms/vendor/laravel/framework/src/Illuminate/Routing/Route.php(205): Illuminate/Routing/Route->runController()
#18 D:/xampp/htdocs/clinicms/vendor/laravel/framework/src/Illuminate/Routing/Router.php(806): Illuminate/Routing/Route->run()
#19 D:/xampp/htdocs/clinicms/vendor/laravel/framework/src/Illuminate/Pipeline/Pipeline.php(144): Illuminate/Routing/Router->Illuminate/Routing/{closure}(Object(Illuminate/Http/Request))
#20 D:/xampp/htdocs/clinicms/vendor/laravel/framework/src/Illuminate/Routing/Middleware/SubstituteBindings.php(50): Illuminate/Pipeline/Pipeline->Illuminate/Pipeline/{closure}(Object(Illuminate/Http/Request))
#21 D:/xampp/htdocs/clinicms/vendor/laravel/framework/src/Illuminate/Pipeline/Pipeline.php(183): Illuminate/Routing/Middleware/SubstituteBindings->handle(Object(Illuminate/Http/Request), Object(Closure))
#22 D:/xampp/htdocs/clinicms/vendor/laravel/framework/src/Illuminate/Auth/Middleware/Authenticate.php(57): Illuminate/Pipeline/Pipeline->Illuminate/Pipeline/{closure}(Object(Illuminate/Http/Request))
#23 D:/xampp/htdocs/clinicms/vendor/laravel/framework/src/Illuminate/Pipeline/Pipeline.php(183): Illuminate/Auth/Middleware/Authenticate->handle(Object(Illuminate/Http/Request), Object(Closure))
#24 D:/xampp/htdocs/clinicms/vendor/laravel/framework/src/Illuminate/Foundation/Http/Middleware/VerifyCsrfToken.php(78): Illuminate/Pipeline/Pipeline->Illuminate/Pipeline/{closure}(Object(Illuminate/Http/Request))
#25 D:/xampp/htdocs/clinicms/vendor/laravel/framework/src/Illuminate/Pipeline/Pipeline.php(183): Illuminate/Foundation/Http/Middleware/VerifyCsrfToken->handle(Object(Illuminate/Http/Request), Object(Closure))
#26 D:/xampp/htdocs/clinicms/vendor/laravel/framework/src/Illuminate/View/Middleware/ShareErrorsFromSession.php(49): Illuminate/Pipeline/Pipeline->Illuminate/Pipeline/{closure}(Object(Illuminate/Http/Request))
#27 D:/xampp/htdocs/clinicms/vendor/laravel/framework/src/Illuminate/Pipeline/Pipeline.php(183): Illuminate/View/Middleware/ShareErrorsFromSession->handle(Object(Illuminate/Http/Request), Object(Closure))
#28 D:/xampp/htdocs/clinicms/vendor/laravel/framework/src/Illuminate/Session/Middleware/StartSession.php(121): Illuminate/Pipeline/Pipeline->Illuminate/Pipeline/{closure}(Object(Illuminate/Http/Request))
#29 D:/xampp/htdocs/clinicms/vendor/laravel/framework/src/Illuminate/Session/Middleware/StartSession.php(64): Illuminate/Session/Middleware/StartSession->handleStatefulRequest(Object(Illuminate/Http/Request), Object(Illuminate/Session/Store), Object(Closure))
#30 D:/xampp/htdocs/clinicms/vendor/laravel/framework/src/Illuminate/Pipeline/Pipeline.php(183): Illuminate/Session/Middleware/StartSession->handle(Object(Illuminate/Http/Request), Object(Closure))
#31 D:/xampp/htdocs/clinicms/vendor/laravel/framework/src/Illuminate/Cookie/Middleware/AddQueuedCookiesToResponse.php(37): Illuminate/Pipeline/Pipeline->Illuminate/Pipeline/{closure}(Object(Illuminate/Http/Request))
#32 D:/xampp/htdocs/clinicms/vendor/laravel/framework/src/Illuminate/Pipeline/Pipeline.php(183): Illuminate/Cookie/Middleware/AddQueuedCookiesToResponse->handle(Object(Illuminate/Http/Request), Object(Closure))
#33 D:/xampp/htdocs/clinicms/vendor/laravel/framework/src/Illuminate/Cookie/Middleware/EncryptCookies.php(67): Illuminate/Pipeline/Pipeline->Illuminate/Pipeline/{closure}(Object(Illuminate/Http/Request))
#34 D:/xampp/htdocs/clinicms/vendor/laravel/framework/src/Illuminate/Pipeline/Pipeline.php(183): Illuminate/Cookie/Middleware/EncryptCookies->handle(Object(Illuminate/Http/Request), Object(Closure))
#35 D:/xampp/htdocs/clinicms/vendor/laravel/framework/src/Illuminate/Pipeline/Pipeline.php(119): Illuminate/Pipeline/Pipeline->Illuminate/Pipeline/{closure}(Object(Illuminate/Http/Request))
#36 D:/xampp/htdocs/clinicms/vendor/laravel/framework/src/Illuminate/Routing/Router.php(805): Illuminate/Pipeline/Pipeline->then(Object(Closure))
#37 D:/xampp/htdocs/clinicms/vendor/laravel/framework/src/Illuminate/Routing/Router.php(784): Illuminate/Routing/Router->runRouteWithinStack(Object(Illuminate/Routing/Route), Object(Illuminate/Http/Request))
#38 D:/xampp/htdocs/clinicms/vendor/laravel/framework/src/Illuminate/Routing/Router.php(748): Illuminate/Routing/Router->runRoute(Object(Illuminate/Http/Request), Object(Illuminate/Routing/Route))
#39 D:/xampp/htdocs/clinicms/vendor/laravel/framework/src/Illuminate/Routing/Router.php(737): Illuminate/Routing/Router->dispatchToRoute(Object(Illuminate/Http/Request))
#40 D:/xampp/htdocs/clinicms/vendor/laravel/framework/src/Illuminate/Foundation/Http/Kernel.php(200): Illuminate/Routing/Router->dispatch(Object(Illuminate/Http/Request))
#41 D:/xampp/htdocs/clinicms/vendor/laravel/framework/src/Illuminate/Pipeline/Pipeline.php(144): Illuminate/Foundation/Http/Kernel->Illuminate/Foundation/Http/{closure}(Object(Illuminate/Http/Request))
#42 D:/xampp/htdocs/clinicms/vendor/laravel/framework/src/Illuminate/Foundation/Http/Middleware/TransformsRequest.php(21): Illuminate/Pipeline/Pipeline->Illuminate/Pipeline/{closure}(Object(Illuminate/Http/Request))
#43 D:/xampp/htdocs/clinicms/vendor/laravel/framework/src/Illuminate/Foundation/Http/Middleware/ConvertEmptyStringsToNull.php(31): Illuminate/Foundation/Http/Middleware/TransformsRequest->handle(Object(Illuminate/Http/Request), Object(Closure))
#44 D:/xampp/htdocs/clinicms/vendor/laravel/framework/src/Illuminate/Pipeline/Pipeline.php(183): Illuminate/Foundation/Http/Middleware/ConvertEmptyStringsToNull->handle(Object(Illuminate/Http/Request), Object(Closure))
#45 D:/xampp/htdocs/clinicms/vendor/laravel/framework/src/Illuminate/Foundation/Http/Middleware/TransformsRequest.php(21): Illuminate/Pipeline/Pipeline->Illuminate/Pipeline/{closure}(Object(Illuminate/Http/Request))
#46 D:/xampp/htdocs/clinicms/vendor/laravel/framework/src/Illuminate/Foundation/Http/Middleware/TrimStrings.php(40): Illuminate/Foundation/Http/Middleware/TransformsRequest->handle(Object(Illuminate/Http/Request), Object(Closure))
#47 D:/xampp/htdocs/clinicms/vendor/laravel/framework/src/Illuminate/Pipeline/Pipeline.php(183): Illuminate/Foundation/Http/Middleware/TrimStrings->handle(Object(Illuminate/Http/Request), Object(Closure))
#48 D:/xampp/htdocs/clinicms/vendor/laravel/framework/src/Illuminate/Foundation/Http/Middleware/ValidatePostSize.php(27): Illuminate/Pipeline/Pipeline->Illuminate/Pipeline/{closure}(Object(Illuminate/Http/Request))
#49 D:/xampp/htdocs/clinicms/vendor/laravel/framework/src/Illuminate/Pipeline/Pipeline.php(183): Illuminate/Foundation/Http/Middleware/ValidatePostSize->handle(Object(Illuminate/Http/Request), Object(Closure))
#50 D:/xampp/htdocs/clinicms/vendor/laravel/framework/src/Illuminate/Http/Middleware/HandleCors.php(49): Illuminate/Pipeline/Pipeline->Illuminate/Pipeline/{closure}(Object(Illuminate/Http/Request))
#51 D:/xampp/htdocs/clinicms/vendor/laravel/framework/src/Illuminate/Pipeline/Pipeline.php(183): Illuminate/Http/Middleware/HandleCors->handle(Object(Illuminate/Http/Request), Object(Closure))
#52 D:/xampp/htdocs/clinicms/vendor/laravel/framework/src/Illuminate/Foundation/Http/Middleware/PreventRequestsDuringMaintenance.php(99): Illuminate/Pipeline/Pipeline->Illuminate/Pipeline/{closure}(Object(Illuminate/Http/Request))
#53 D:/xampp/htdocs/clinicms/vendor/laravel/framework/src/Illuminate/Pipeline/Pipeline.php(183): Illuminate/Foundation/Http/Middleware/PreventRequestsDuringMaintenance->handle(Object(Illuminate/Http/Request), Object(Closure))
#54 D:/xampp/htdocs/clinicms/vendor/laravel/framework/src/Illuminate/Pipeline/Pipeline.php(119): Illuminate/Pipeline/Pipeline->Illuminate/Pipeline/{closure}(Object(Illuminate/Http/Request))
#55 D:/xampp/htdocs/clinicms/vendor/laravel/framework/src/Illuminate/Foundation/Http/Kernel.php(175): Illuminate/Pipeline/Pipeline->then(Object(Closure))
#56 D:/xampp/htdocs/clinicms/vendor/laravel/framework/src/Illuminate/Foundation/Http/Kernel.php(144): Illuminate/Foundation/Http/Kernel->sendRequestThroughRouter(Object(Illuminate/Http/Request))
#57 D:/xampp/htdocs/clinicms/public/index.php(18): Illuminate/Foundation/Http/Kernel->handle(Object(Illuminate/Http/Request))
#58 {main}
"} 
[2026-09-29 20:03:53] local.ERROR: Inventory tracking is not initialized. Run the inventory movement migration during maintenance. This stock transaction was not saved. {"userId":1,"exception":"[object] (RuntimeException(code: 0): Inventory tracking is not initialized. Run the inventory movement migration during maintenance. This stock transaction was not saved. at D:/xampp/htdocs/clinicms/app/Services/InventoryMovementLedger.php:26)
[stacktrace]
#0 D:/xampp/htdocs/clinicms/app/Services/InventoryMovementLedger.php(56): App/Services/InventoryMovementLedger->ready()
#1 D:/xampp/htdocs/clinicms/app/Http/Controllers/ProductController.php(295): App/Services/InventoryMovementLedger->record(38, '0.00', Array)
#2 D:/xampp/htdocs/clinicms/vendor/laravel/framework/src/Illuminate/Database/Concerns/ManagesTransactions.php(30): App/Http/Controllers/ProductController->App/Http/Controllers/{closure}(Object(Illuminate/Database/MySqlConnection))
#3 D:/xampp/htdocs/clinicms/vendor/laravel/framework/src/Illuminate/Database/DatabaseManager.php(509): Illuminate/Database/Connection->transaction(Object(Closure))
#4 D:/xampp/htdocs/clinicms/vendor/laravel/framework/src/Illuminate/Support/Facades/Facade.php(355): Illuminate/Database/DatabaseManager->__call('transaction', Array)
#5 D:/xampp/htdocs/clinicms/app/Http/Controllers/ProductController.php(240): Illuminate/Support/Facades/Facade::__callStatic('transaction', Array)
#6 D:/xampp/htdocs/clinicms/vendor/laravel/framework/src/Illuminate/Routing/Controller.php(54): App/Http/Controllers/ProductController->importOpeningStock(Object(Illuminate/Http/Request))
#7 D:/xampp/htdocs/clinicms/vendor/laravel/framework/src/Illuminate/Routing/ControllerDispatcher.php(43): Illuminate/Routing/Controller->callAction('importOpeningSt...', Array)
#8 D:/xampp/htdocs/clinicms/vendor/laravel/framework/src/Illuminate/Routing/Route.php(259): Illuminate/Routing/ControllerDispatcher->dispatch(Object(Illuminate/Routing/Route), Object(App/Http/Controllers/ProductController), 'importOpeningSt...')
#9 D:/xampp/htdocs/clinicms/vendor/laravel/framework/src/Illuminate/Routing/Route.php(205): Illuminate/Routing/Route->runController()
#10 D:/xampp/htdocs/clinicms/vendor/laravel/framework/src/Illuminate/Routing/Router.php(806): Illuminate/Routing/Route->run()
#11 D:/xampp/htdocs/clinicms/vendor/laravel/framework/src/Illuminate/Pipeline/Pipeline.php(144): Illuminate/Routing/Router->Illuminate/Routing/{closure}(Object(Illuminate/Http/Request))
#12 D:/xampp/htdocs/clinicms/vendor/laravel/framework/src/Illuminate/Routing/Middleware/SubstituteBindings.php(50): Illuminate/Pipeline/Pipeline->Illuminate/Pipeline/{closure}(Object(Illuminate/Http/Request))
#13 D:/xampp/htdocs/clinicms/vendor/laravel/framework/src/Illuminate/Pipeline/Pipeline.php(183): Illuminate/Routing/Middleware/SubstituteBindings->handle(Object(Illuminate/Http/Request), Object(Closure))
#14 D:/xampp/htdocs/clinicms/vendor/laravel/framework/src/Illuminate/Auth/Middleware/Authenticate.php(57): Illuminate/Pipeline/Pipeline->Illuminate/Pipeline/{closure}(Object(Illuminate/Http/Request))
#15 D:/xampp/htdocs/clinicms/vendor/laravel/framework/src/Illuminate/Pipeline/Pipeline.php(183): Illuminate/Auth/Middleware/Authenticate->handle(Object(Illuminate/Http/Request), Object(Closure))
#16 D:/xampp/htdocs/clinicms/vendor/laravel/framework/src/Illuminate/Foundation/Http/Middleware/VerifyCsrfToken.php(78): Illuminate/Pipeline/Pipeline->Illuminate/Pipeline/{closure}(Object(Illuminate/Http/Request))
#17 D:/xampp/htdocs/clinicms/vendor/laravel/framework/src/Illuminate/Pipeline/Pipeline.php(183): Illuminate/Foundation/Http/Middleware/VerifyCsrfToken->handle(Object(Illuminate/Http/Request), Object(Closure))
#18 D:/xampp/htdocs/clinicms/vendor/laravel/framework/src/Illuminate/View/Middleware/ShareErrorsFromSession.php(49): Illuminate/Pipeline/Pipeline->Illuminate/Pipeline/{closure}(Object(Illuminate/Http/Request))
#19 D:/xampp/htdocs/clinicms/vendor/laravel/framework/src/Illuminate/Pipeline/Pipeline.php(183): Illuminate/View/Middleware/ShareErrorsFromSession->handle(Object(Illuminate/Http/Request), Object(Closure))
#20 D:/xampp/htdocs/clinicms/vendor/laravel/framework/src/Illuminate/Session/Middleware/StartSession.php(121): Illuminate/Pipeline/Pipeline->Illuminate/Pipeline/{closure}(Object(Illuminate/Http/Request))
#21 D:/xampp/htdocs/clinicms/vendor/laravel/framework/src/Illuminate/Session/Middleware/StartSession.php(64): Illuminate/Session/Middleware/StartSession->handleStatefulRequest(Object(Illuminate/Http/Request), Object(Illuminate/Session/Store), Object(Closure))
#22 D:/xampp/htdocs/clinicms/vendor/laravel/framework/src/Illuminate/Pipeline/Pipeline.php(183): Illuminate/Session/Middleware/StartSession->handle(Object(Illuminate/Http/Request), Object(Closure))
#23 D:/xampp/htdocs/clinicms/vendor/laravel/framework/src/Illuminate/Cookie/Middleware/AddQueuedCookiesToResponse.php(37): Illuminate/Pipeline/Pipeline->Illuminate/Pipeline/{closure}(Object(Illuminate/Http/Request))
#24 D:/xampp/htdocs/clinicms/vendor/laravel/framework/src/Illuminate/Pipeline/Pipeline.php(183): Illuminate/Cookie/Middleware/AddQueuedCookiesToResponse->handle(Object(Illuminate/Http/Request), Object(Closure))
#25 D:/xampp/htdocs/clinicms/vendor/laravel/framework/src/Illuminate/Cookie/Middleware/EncryptCookies.php(67): Illuminate/Pipeline/Pipeline->Illuminate/Pipeline/{closure}(Object(Illuminate/Http/Request))
#26 D:/xampp/htdocs/clinicms/vendor/laravel/framework/src/Illuminate/Pipeline/Pipeline.php(183): Illuminate/Cookie/Middleware/EncryptCookies->handle(Object(Illuminate/Http/Request), Object(Closure))
#27 D:/xampp/htdocs/clinicms/vendor/laravel/framework/src/Illuminate/Pipeline/Pipeline.php(119): Illuminate/Pipeline/Pipeline->Illuminate/Pipeline/{closure}(Object(Illuminate/Http/Request))
#28 D:/xampp/htdocs/clinicms/vendor/laravel/framework/src/Illuminate/Routing/Router.php(805): Illuminate/Pipeline/Pipeline->then(Object(Closure))
#29 D:/xampp/htdocs/clinicms/vendor/laravel/framework/src/Illuminate/Routing/Router.php(784): Illuminate/Routing/Router->runRouteWithinStack(Object(Illuminate/Routing/Route), Object(Illuminate/Http/Request))
#30 D:/xampp/htdocs/clinicms/vendor/laravel/framework/src/Illuminate/Routing/Router.php(748): Illuminate/Routing/Router->runRoute(Object(Illuminate/Http/Request), Object(Illuminate/Routing/Route))
#31 D:/xampp/htdocs/clinicms/vendor/laravel/framework/src/Illuminate/Routing/Router.php(737): Illuminate/Routing/Router->dispatchToRoute(Object(Illuminate/Http/Request))
#32 D:/xampp/htdocs/clinicms/vendor/laravel/framework/src/Illuminate/Foundation/Http/Kernel.php(200): Illuminate/Routing/Router->dispatch(Object(Illuminate/Http/Request))
#33 D:/xampp/htdocs/clinicms/vendor/laravel/framework/src/Illuminate/Pipeline/Pipeline.php(144): Illuminate/Foundation/Http/Kernel->Illuminate/Foundation/Http/{closure}(Object(Illuminate/Http/Request))
#34 D:/xampp/htdocs/clinicms/vendor/laravel/framework/src/Illuminate/Foundation/Http/Middleware/TransformsRequest.php(21): Illuminate/Pipeline/Pipeline->Illuminate/Pipeline/{closure}(Object(Illuminate/Http/Request))
#35 D:/xampp/htdocs/clinicms/vendor/laravel/framework/src/Illuminate/Foundation/Http/Middleware/ConvertEmptyStringsToNull.php(31): Illuminate/Foundation/Http/Middleware/TransformsRequest->handle(Object(Illuminate/Http/Request), Object(Closure))
#36 D:/xampp/htdocs/clinicms/vendor/laravel/framework/src/Illuminate/Pipeline/Pipeline.php(183): Illuminate/Foundation/Http/Middleware/ConvertEmptyStringsToNull->handle(Object(Illuminate/Http/Request), Object(Closure))
#37 D:/xampp/htdocs/clinicms/vendor/laravel/framework/src/Illuminate/Foundation/Http/Middleware/TransformsRequest.php(21): Illuminate/Pipeline/Pipeline->Illuminate/Pipeline/{closure}(Object(Illuminate/Http/Request))
#38 D:/xampp/htdocs/clinicms/vendor/laravel/framework/src/Illuminate/Foundation/Http/Middleware/TrimStrings.php(40): Illuminate/Foundation/Http/Middleware/TransformsRequest->handle(Object(Illuminate/Http/Request), Object(Closure))
#39 D:/xampp/htdocs/clinicms/vendor/laravel/framework/src/Illuminate/Pipeline/Pipeline.php(183): Illuminate/Foundation/Http/Middleware/TrimStrings->handle(Object(Illuminate/Http/Request), Object(Closure))
#40 D:/xampp/htdocs/clinicms/vendor/laravel/framework/src/Illuminate/Foundation/Http/Middleware/ValidatePostSize.php(27): Illuminate/Pipeline/Pipeline->Illuminate/Pipeline/{closure}(Object(Illuminate/Http/Request))
#41 D:/xampp/htdocs/clinicms/vendor/laravel/framework/src/Illuminate/Pipeline/Pipeline.php(183): Illuminate/Foundation/Http/Middleware/ValidatePostSize->handle(Object(Illuminate/Http/Request), Object(Closure))
#42 D:/xampp/htdocs/clinicms/vendor/laravel/framework/src/Illuminate/Http/Middleware/HandleCors.php(49): Illuminate/Pipeline/Pipeline->Illuminate/Pipeline/{closure}(Object(Illuminate/Http/Request))
#43 D:/xampp/htdocs/clinicms/vendor/laravel/framework/src/Illuminate/Pipeline/Pipeline.php(183): Illuminate/Http/Middleware/HandleCors->handle(Object(Illuminate/Http/Request), Object(Closure))
#44 D:/xampp/htdocs/clinicms/vendor/laravel/framework/src/Illuminate/Foundation/Http/Middleware/PreventRequestsDuringMaintenance.php(99): Illuminate/Pipeline/Pipeline->Illuminate/Pipeline/{closure}(Object(Illuminate/Http/Request))
#45 D:/xampp/htdocs/clinicms/vendor/laravel/framework/src/Illuminate/Pipeline/Pipeline.php(183): Illuminate/Foundation/Http/Middleware/PreventRequestsDuringMaintenance->handle(Object(Illuminate/Http/Request), Object(Closure))
#46 D:/xampp/htdocs/clinicms/vendor/laravel/framework/src/Illuminate/Pipeline/Pipeline.php(119): Illuminate/Pipeline/Pipeline->Illuminate/Pipeline/{closure}(Object(Illuminate/Http/Request))
#47 D:/xampp/htdocs/clinicms/vendor/laravel/framework/src/Illuminate/Foundation/Http/Kernel.php(175): Illuminate/Pipeline/Pipeline->then(Object(Closure))
#48 D:/xampp/htdocs/clinicms/vendor/laravel/framework/src/Illuminate/Foundation/Http/Kernel.php(144): Illuminate/Foundation/Http/Kernel->sendRequestThroughRouter(Object(Illuminate/Http/Request))
#49 D:/xampp/htdocs/clinicms/public/index.php(18): Illuminate/Foundation/Http/Kernel->handle(Object(Illuminate/Http/Request))
#50 {main}
"} 
[2026-09-29 22:23:22] local.ERROR: Inventory tracking is not initialized. Run the inventory movement migration during maintenance. This stock transaction was not saved. {"userId":1,"exception":"[object] (RuntimeException(code: 0): Inventory tracking is not initialized. Run the inventory movement migration during maintenance. This stock transaction was not saved. at D:/xampp/htdocs/clinicms/app/Services/InventoryMovementLedger.php:26)
[stacktrace]
#0 D:/xampp/htdocs/clinicms/app/Services/InventoryMovementLedger.php(56): App/Services/InventoryMovementLedger->ready()
#1 D:/xampp/htdocs/clinicms/app/Http/Controllers/ProductController.php(295): App/Services/InventoryMovementLedger->record(40, '0.00', Array)
#2 D:/xampp/htdocs/clinicms/vendor/laravel/framework/src/Illuminate/Database/Concerns/ManagesTransactions.php(30): App/Http/Controllers/ProductController->App/Http/Controllers/{closure}(Object(Illuminate/Database/MySqlConnection))
#3 D:/xampp/htdocs/clinicms/vendor/laravel/framework/src/Illuminate/Database/DatabaseManager.php(509): Illuminate/Database/Connection->transaction(Object(Closure))
#4 D:/xampp/htdocs/clinicms/vendor/laravel/framework/src/Illuminate/Support/Facades/Facade.php(355): Illuminate/Database/DatabaseManager->__call('transaction', Array)
#5 D:/xampp/htdocs/clinicms/app/Http/Controllers/ProductController.php(240): Illuminate/Support/Facades/Facade::__callStatic('transaction', Array)
#6 D:/xampp/htdocs/clinicms/vendor/laravel/framework/src/Illuminate/Routing/Controller.php(54): App/Http/Controllers/ProductController->importOpeningStock(Object(Illuminate/Http/Request))
#7 D:/xampp/htdocs/clinicms/vendor/laravel/framework/src/Illuminate/Routing/ControllerDispatcher.php(43): Illuminate/Routing/Controller->callAction('importOpeningSt...', Array)
#8 D:/xampp/htdocs/clinicms/vendor/laravel/framework/src/Illuminate/Routing/Route.php(259): Illuminate/Routing/ControllerDispatcher->dispatch(Object(Illuminate/Routing/Route), Object(App/Http/Controllers/ProductController), 'importOpeningSt...')
#9 D:/xampp/htdocs/clinicms/vendor/laravel/framework/src/Illuminate/Routing/Route.php(205): Illuminate/Routing/Route->runController()
#10 D:/xampp/htdocs/clinicms/vendor/laravel/framework/src/Illuminate/Routing/Router.php(806): Illuminate/Routing/Route->run()
#11 D:/xampp/htdocs/clinicms/vendor/laravel/framework/src/Illuminate/Pipeline/Pipeline.php(144): Illuminate/Routing/Router->Illuminate/Routing/{closure}(Object(Illuminate/Http/Request))
#12 D:/xampp/htdocs/clinicms/vendor/laravel/framework/src/Illuminate/Routing/Middleware/SubstituteBindings.php(50): Illuminate/Pipeline/Pipeline->Illuminate/Pipeline/{closure}(Object(Illuminate/Http/Request))
#13 D:/xampp/htdocs/clinicms/vendor/laravel/framework/src/Illuminate/Pipeline/Pipeline.php(183): Illuminate/Routing/Middleware/SubstituteBindings->handle(Object(Illuminate/Http/Request), Object(Closure))
#14 D:/xampp/htdocs/clinicms/vendor/laravel/framework/src/Illuminate/Auth/Middleware/Authenticate.php(57): Illuminate/Pipeline/Pipeline->Illuminate/Pipeline/{closure}(Object(Illuminate/Http/Request))
#15 D:/xampp/htdocs/clinicms/vendor/laravel/framework/src/Illuminate/Pipeline/Pipeline.php(183): Illuminate/Auth/Middleware/Authenticate->handle(Object(Illuminate/Http/Request), Object(Closure))
#16 D:/xampp/htdocs/clinicms/vendor/laravel/framework/src/Illuminate/Foundation/Http/Middleware/VerifyCsrfToken.php(78): Illuminate/Pipeline/Pipeline->Illuminate/Pipeline/{closure}(Object(Illuminate/Http/Request))
#17 D:/xampp/htdocs/clinicms/vendor/laravel/framework/src/Illuminate/Pipeline/Pipeline.php(183): Illuminate/Foundation/Http/Middleware/VerifyCsrfToken->handle(Object(Illuminate/Http/Request), Object(Closure))
#18 D:/xampp/htdocs/clinicms/vendor/laravel/framework/src/Illuminate/View/Middleware/ShareErrorsFromSession.php(49): Illuminate/Pipeline/Pipeline->Illuminate/Pipeline/{closure}(Object(Illuminate/Http/Request))
#19 D:/xampp/htdocs/clinicms/vendor/laravel/framework/src/Illuminate/Pipeline/Pipeline.php(183): Illuminate/View/Middleware/ShareErrorsFromSession->handle(Object(Illuminate/Http/Request), Object(Closure))
#20 D:/xampp/htdocs/clinicms/vendor/laravel/framework/src/Illuminate/Session/Middleware/StartSession.php(121): Illuminate/Pipeline/Pipeline->Illuminate/Pipeline/{closure}(Object(Illuminate/Http/Request))
#21 D:/xampp/htdocs/clinicms/vendor/laravel/framework/src/Illuminate/Session/Middleware/StartSession.php(64): Illuminate/Session/Middleware/StartSession->handleStatefulRequest(Object(Illuminate/Http/Request), Object(Illuminate/Session/Store), Object(Closure))
#22 D:/xampp/htdocs/clinicms/vendor/laravel/framework/src/Illuminate/Pipeline/Pipeline.php(183): Illuminate/Session/Middleware/StartSession->handle(Object(Illuminate/Http/Request), Object(Closure))
#23 D:/xampp/htdocs/clinicms/vendor/laravel/framework/src/Illuminate/Cookie/Middleware/AddQueuedCookiesToResponse.php(37): Illuminate/Pipeline/Pipeline->Illuminate/Pipeline/{closure}(Object(Illuminate/Http/Request))
#24 D:/xampp/htdocs/clinicms/vendor/laravel/framework/src/Illuminate/Pipeline/Pipeline.php(183): Illuminate/Cookie/Middleware/AddQueuedCookiesToResponse->handle(Object(Illuminate/Http/Request), Object(Closure))
#25 D:/xampp/htdocs/clinicms/vendor/laravel/framework/src/Illuminate/Cookie/Middleware/EncryptCookies.php(67): Illuminate/Pipeline/Pipeline->Illuminate/Pipeline/{closure}(Object(Illuminate/Http/Request))
#26 D:/xampp/htdocs/clinicms/vendor/laravel/framework/src/Illuminate/Pipeline/Pipeline.php(183): Illuminate/Cookie/Middleware/EncryptCookies->handle(Object(Illuminate/Http/Request), Object(Closure))
#27 D:/xampp/htdocs/clinicms/vendor/laravel/framework/src/Illuminate/Pipeline/Pipeline.php(119): Illuminate/Pipeline/Pipeline->Illuminate/Pipeline/{closure}(Object(Illuminate/Http/Request))
#28 D:/xampp/htdocs/clinicms/vendor/laravel/framework/src/Illuminate/Routing/Router.php(805): Illuminate/Pipeline/Pipeline->then(Object(Closure))
#29 D:/xampp/htdocs/clinicms/vendor/laravel/framework/src/Illuminate/Routing/Router.php(784): Illuminate/Routing/Router->runRouteWithinStack(Object(Illuminate/Routing/Route), Object(Illuminate/Http/Request))
#30 D:/xampp/htdocs/clinicms/vendor/laravel/framework/src/Illuminate/Routing/Router.php(748): Illuminate/Routing/Router->runRoute(Object(Illuminate/Http/Request), Object(Illuminate/Routing/Route))
#31 D:/xampp/htdocs/clinicms/vendor/laravel/framework/src/Illuminate/Routing/Router.php(737): Illuminate/Routing/Router->dispatchToRoute(Object(Illuminate/Http/Request))
#32 D:/xampp/htdocs/clinicms/vendor/laravel/framework/src/Illuminate/Foundation/Http/Kernel.php(200): Illuminate/Routing/Router->dispatch(Object(Illuminate/Http/Request))
#33 D:/xampp/htdocs/clinicms/vendor/laravel/framework/src/Illuminate/Pipeline/Pipeline.php(144): Illuminate/Foundation/Http/Kernel->Illuminate/Foundation/Http/{closure}(Object(Illuminate/Http/Request))
#34 D:/xampp/htdocs/clinicms/vendor/laravel/framework/src/Illuminate/Foundation/Http/Middleware/TransformsRequest.php(21): Illuminate/Pipeline/Pipeline->Illuminate/Pipeline/{closure}(Object(Illuminate/Http/Request))
#35 D:/xampp/htdocs/clinicms/vendor/laravel/framework/src/Illuminate/Foundation/Http/Middleware/ConvertEmptyStringsToNull.php(31): Illuminate/Foundation/Http/Middleware/TransformsRequest->handle(Object(Illuminate/Http/Request), Object(Closure))
#36 D:/xampp/htdocs/clinicms/vendor/laravel/framework/src/Illuminate/Pipeline/Pipeline.php(183): Illuminate/Foundation/Http/Middleware/ConvertEmptyStringsToNull->handle(Object(Illuminate/Http/Request), Object(Closure))
#37 D:/xampp/htdocs/clinicms/vendor/laravel/framework/src/Illuminate/Foundation/Http/Middleware/TransformsRequest.php(21): Illuminate/Pipeline/Pipeline->Illuminate/Pipeline/{closure}(Object(Illuminate/Http/Request))
#38 D:/xampp/htdocs/clinicms/vendor/laravel/framework/src/Illuminate/Foundation/Http/Middleware/TrimStrings.php(40): Illuminate/Foundation/Http/Middleware/TransformsRequest->handle(Object(Illuminate/Http/Request), Object(Closure))
#39 D:/xampp/htdocs/clinicms/vendor/laravel/framework/src/Illuminate/Pipeline/Pipeline.php(183): Illuminate/Foundation/Http/Middleware/TrimStrings->handle(Object(Illuminate/Http/Request), Object(Closure))
#40 D:/xampp/htdocs/clinicms/vendor/laravel/framework/src/Illuminate/Foundation/Http/Middleware/ValidatePostSize.php(27): Illuminate/Pipeline/Pipeline->Illuminate/Pipeline/{closure}(Object(Illuminate/Http/Request))
#41 D:/xampp/htdocs/clinicms/vendor/laravel/framework/src/Illuminate/Pipeline/Pipeline.php(183): Illuminate/Foundation/Http/Middleware/ValidatePostSize->handle(Object(Illuminate/Http/Request), Object(Closure))
#42 D:/xampp/htdocs/clinicms/vendor/laravel/framework/src/Illuminate/Http/Middleware/HandleCors.php(49): Illuminate/Pipeline/Pipeline->Illuminate/Pipeline/{closure}(Object(Illuminate/Http/Request))
#43 D:/xampp/htdocs/clinicms/vendor/laravel/framework/src/Illuminate/Pipeline/Pipeline.php(183): Illuminate/Http/Middleware/HandleCors->handle(Object(Illuminate/Http/Request), Object(Closure))
#44 D:/xampp/htdocs/clinicms/vendor/laravel/framework/src/Illuminate/Foundation/Http/Middleware/PreventRequestsDuringMaintenance.php(99): Illuminate/Pipeline/Pipeline->Illuminate/Pipeline/{closure}(Object(Illuminate/Http/Request))
#45 D:/xampp/htdocs/clinicms/vendor/laravel/framework/src/Illuminate/Pipeline/Pipeline.php(183): Illuminate/Foundation/Http/Middleware/PreventRequestsDuringMaintenance->handle(Object(Illuminate/Http/Request), Object(Closure))
#46 D:/xampp/htdocs/clinicms/vendor/laravel/framework/src/Illuminate/Pipeline/Pipeline.php(119): Illuminate/Pipeline/Pipeline->Illuminate/Pipeline/{closure}(Object(Illuminate/Http/Request))
#47 D:/xampp/htdocs/clinicms/vendor/laravel/framework/src/Illuminate/Foundation/Http/Kernel.php(175): Illuminate/Pipeline/Pipeline->then(Object(Closure))
#48 D:/xampp/htdocs/clinicms/vendor/laravel/framework/src/Illuminate/Foundation/Http/Kernel.php(144): Illuminate/Foundation/Http/Kernel->sendRequestThroughRouter(Object(Illuminate/Http/Request))
#49 D:/xampp/htdocs/clinicms/public/index.php(18): Illuminate/Foundation/Http/Kernel->handle(Object(Illuminate/Http/Request))
#50 {main}
"} 
[2026-09-29 22:25:58] local.ERROR: Inventory tracking is not initialized. Run the inventory movement migration during maintenance. This stock transaction was not saved. {"userId":1,"exception":"[object] (RuntimeException(code: 0): Inventory tracking is not initialized. Run the inventory movement migration during maintenance. This stock transaction was not saved. at D:/xampp/htdocs/clinicms/app/Services/InventoryMovementLedger.php:26)
[stacktrace]
#0 D:/xampp/htdocs/clinicms/app/Services/InventoryMovementLedger.php(56): App/Services/InventoryMovementLedger->ready()
#1 D:/xampp/htdocs/clinicms/app/Http/Controllers/ProductController.php(295): App/Services/InventoryMovementLedger->record(41, '0.00', Array)
#2 D:/xampp/htdocs/clinicms/vendor/laravel/framework/src/Illuminate/Database/Concerns/ManagesTransactions.php(30): App/Http/Controllers/ProductController->App/Http/Controllers/{closure}(Object(Illuminate/Database/MySqlConnection))
#3 D:/xampp/htdocs/clinicms/vendor/laravel/framework/src/Illuminate/Database/DatabaseManager.php(509): Illuminate/Database/Connection->transaction(Object(Closure))
#4 D:/xampp/htdocs/clinicms/vendor/laravel/framework/src/Illuminate/Support/Facades/Facade.php(355): Illuminate/Database/DatabaseManager->__call('transaction', Array)
#5 D:/xampp/htdocs/clinicms/app/Http/Controllers/ProductController.php(240): Illuminate/Support/Facades/Facade::__callStatic('transaction', Array)
#6 D:/xampp/htdocs/clinicms/vendor/laravel/framework/src/Illuminate/Routing/Controller.php(54): App/Http/Controllers/ProductController->importOpeningStock(Object(Illuminate/Http/Request))
#7 D:/xampp/htdocs/clinicms/vendor/laravel/framework/src/Illuminate/Routing/ControllerDispatcher.php(43): Illuminate/Routing/Controller->callAction('importOpeningSt...', Array)
#8 D:/xampp/htdocs/clinicms/vendor/laravel/framework/src/Illuminate/Routing/Route.php(259): Illuminate/Routing/ControllerDispatcher->dispatch(Object(Illuminate/Routing/Route), Object(App/Http/Controllers/ProductController), 'importOpeningSt...')
#9 D:/xampp/htdocs/clinicms/vendor/laravel/framework/src/Illuminate/Routing/Route.php(205): Illuminate/Routing/Route->runController()
#10 D:/xampp/htdocs/clinicms/vendor/laravel/framework/src/Illuminate/Routing/Router.php(806): Illuminate/Routing/Route->run()
#11 D:/xampp/htdocs/clinicms/vendor/laravel/framework/src/Illuminate/Pipeline/Pipeline.php(144): Illuminate/Routing/Router->Illuminate/Routing/{closure}(Object(Illuminate/Http/Request))
#12 D:/xampp/htdocs/clinicms/vendor/laravel/framework/src/Illuminate/Routing/Middleware/SubstituteBindings.php(50): Illuminate/Pipeline/Pipeline->Illuminate/Pipeline/{closure}(Object(Illuminate/Http/Request))
#13 D:/xampp/htdocs/clinicms/vendor/laravel/framework/src/Illuminate/Pipeline/Pipeline.php(183): Illuminate/Routing/Middleware/SubstituteBindings->handle(Object(Illuminate/Http/Request), Object(Closure))
#14 D:/xampp/htdocs/clinicms/vendor/laravel/framework/src/Illuminate/Auth/Middleware/Authenticate.php(57): Illuminate/Pipeline/Pipeline->Illuminate/Pipeline/{closure}(Object(Illuminate/Http/Request))
#15 D:/xampp/htdocs/clinicms/vendor/laravel/framework/src/Illuminate/Pipeline/Pipeline.php(183): Illuminate/Auth/Middleware/Authenticate->handle(Object(Illuminate/Http/Request), Object(Closure))
#16 D:/xampp/htdocs/clinicms/vendor/laravel/framework/src/Illuminate/Foundation/Http/Middleware/VerifyCsrfToken.php(78): Illuminate/Pipeline/Pipeline->Illuminate/Pipeline/{closure}(Object(Illuminate/Http/Request))
#17 D:/xampp/htdocs/clinicms/vendor/laravel/framework/src/Illuminate/Pipeline/Pipeline.php(183): Illuminate/Foundation/Http/Middleware/VerifyCsrfToken->handle(Object(Illuminate/Http/Request), Object(Closure))
#18 D:/xampp/htdocs/clinicms/vendor/laravel/framework/src/Illuminate/View/Middleware/ShareErrorsFromSession.php(49): Illuminate/Pipeline/Pipeline->Illuminate/Pipeline/{closure}(Object(Illuminate/Http/Request))
#19 D:/xampp/htdocs/clinicms/vendor/laravel/framework/src/Illuminate/Pipeline/Pipeline.php(183): Illuminate/View/Middleware/ShareErrorsFromSession->handle(Object(Illuminate/Http/Request), Object(Closure))
#20 D:/xampp/htdocs/clinicms/vendor/laravel/framework/src/Illuminate/Session/Middleware/StartSession.php(121): Illuminate/Pipeline/Pipeline->Illuminate/Pipeline/{closure}(Object(Illuminate/Http/Request))
#21 D:/xampp/htdocs/clinicms/vendor/laravel/framework/src/Illuminate/Session/Middleware/StartSession.php(64): Illuminate/Session/Middleware/StartSession->handleStatefulRequest(Object(Illuminate/Http/Request), Object(Illuminate/Session/Store), Object(Closure))
#22 D:/xampp/htdocs/clinicms/vendor/laravel/framework/src/Illuminate/Pipeline/Pipeline.php(183): Illuminate/Session/Middleware/StartSession->handle(Object(Illuminate/Http/Request), Object(Closure))
#23 D:/xampp/htdocs/clinicms/vendor/laravel/framework/src/Illuminate/Cookie/Middleware/AddQueuedCookiesToResponse.php(37): Illuminate/Pipeline/Pipeline->Illuminate/Pipeline/{closure}(Object(Illuminate/Http/Request))
#24 D:/xampp/htdocs/clinicms/vendor/laravel/framework/src/Illuminate/Pipeline/Pipeline.php(183): Illuminate/Cookie/Middleware/AddQueuedCookiesToResponse->handle(Object(Illuminate/Http/Request), Object(Closure))
#25 D:/xampp/htdocs/clinicms/vendor/laravel/framework/src/Illuminate/Cookie/Middleware/EncryptCookies.php(67): Illuminate/Pipeline/Pipeline->Illuminate/Pipeline/{closure}(Object(Illuminate/Http/Request))
#26 D:/xampp/htdocs/clinicms/vendor/laravel/framework/src/Illuminate/Pipeline/Pipeline.php(183): Illuminate/Cookie/Middleware/EncryptCookies->handle(Object(Illuminate/Http/Request), Object(Closure))
#27 D:/xampp/htdocs/clinicms/vendor/laravel/framework/src/Illuminate/Pipeline/Pipeline.php(119): Illuminate/Pipeline/Pipeline->Illuminate/Pipeline/{closure}(Object(Illuminate/Http/Request))
#28 D:/xampp/htdocs/clinicms/vendor/laravel/framework/src/Illuminate/Routing/Router.php(805): Illuminate/Pipeline/Pipeline->then(Object(Closure))
#29 D:/xampp/htdocs/clinicms/vendor/laravel/framework/src/Illuminate/Routing/Router.php(784): Illuminate/Routing/Router->runRouteWithinStack(Object(Illuminate/Routing/Route), Object(Illuminate/Http/Request))
#30 D:/xampp/htdocs/clinicms/vendor/laravel/framework/src/Illuminate/Routing/Router.php(748): Illuminate/Routing/Router->runRoute(Object(Illuminate/Http/Request), Object(Illuminate/Routing/Route))
#31 D:/xampp/htdocs/clinicms/vendor/laravel/framework/src/Illuminate/Routing/Router.php(737): Illuminate/Routing/Router->dispatchToRoute(Object(Illuminate/Http/Request))
#32 D:/xampp/htdocs/clinicms/vendor/laravel/framework/src/Illuminate/Foundation/Http/Kernel.php(200): Illuminate/Routing/Router->dispatch(Object(Illuminate/Http/Request))
#33 D:/xampp/htdocs/clinicms/vendor/laravel/framework/src/Illuminate/Pipeline/Pipeline.php(144): Illuminate/Foundation/Http/Kernel->Illuminate/Foundation/Http/{closure}(Object(Illuminate/Http/Request))
#34 D:/xampp/htdocs/clinicms/vendor/laravel/framework/src/Illuminate/Foundation/Http/Middleware/TransformsRequest.php(21): Illuminate/Pipeline/Pipeline->Illuminate/Pipeline/{closure}(Object(Illuminate/Http/Request))
#35 D:/xampp/htdocs/clinicms/vendor/laravel/framework/src/Illuminate/Foundation/Http/Middleware/ConvertEmptyStringsToNull.php(31): Illuminate/Foundation/Http/Middleware/TransformsRequest->handle(Object(Illuminate/Http/Request), Object(Closure))
#36 D:/xampp/htdocs/clinicms/vendor/laravel/framework/src/Illuminate/Pipeline/Pipeline.php(183): Illuminate/Foundation/Http/Middleware/ConvertEmptyStringsToNull->handle(Object(Illuminate/Http/Request), Object(Closure))
#37 D:/xampp/htdocs/clinicms/vendor/laravel/framework/src/Illuminate/Foundation/Http/Middleware/TransformsRequest.php(21): Illuminate/Pipeline/Pipeline->Illuminate/Pipeline/{closure}(Object(Illuminate/Http/Request))
#38 D:/xampp/htdocs/clinicms/vendor/laravel/framework/src/Illuminate/Foundation/Http/Middleware/TrimStrings.php(40): Illuminate/Foundation/Http/Middleware/TransformsRequest->handle(Object(Illuminate/Http/Request), Object(Closure))
#39 D:/xampp/htdocs/clinicms/vendor/laravel/framework/src/Illuminate/Pipeline/Pipeline.php(183): Illuminate/Foundation/Http/Middleware/TrimStrings->handle(Object(Illuminate/Http/Request), Object(Closure))
#40 D:/xampp/htdocs/clinicms/vendor/laravel/framework/src/Illuminate/Foundation/Http/Middleware/ValidatePostSize.php(27): Illuminate/Pipeline/Pipeline->Illuminate/Pipeline/{closure}(Object(Illuminate/Http/Request))
#41 D:/xampp/htdocs/clinicms/vendor/laravel/framework/src/Illuminate/Pipeline/Pipeline.php(183): Illuminate/Foundation/Http/Middleware/ValidatePostSize->handle(Object(Illuminate/Http/Request), Object(Closure))
#42 D:/xampp/htdocs/clinicms/vendor/laravel/framework/src/Illuminate/Http/Middleware/HandleCors.php(49): Illuminate/Pipeline/Pipeline->Illuminate/Pipeline/{closure}(Object(Illuminate/Http/Request))
#43 D:/xampp/htdocs/clinicms/vendor/laravel/framework/src/Illuminate/Pipeline/Pipeline.php(183): Illuminate/Http/Middleware/HandleCors->handle(Object(Illuminate/Http/Request), Object(Closure))
#44 D:/xampp/htdocs/clinicms/vendor/laravel/framework/src/Illuminate/Foundation/Http/Middleware/PreventRequestsDuringMaintenance.php(99): Illuminate/Pipeline/Pipeline->Illuminate/Pipeline/{closure}(Object(Illuminate/Http/Request))
#45 D:/xampp/htdocs/clinicms/vendor/laravel/framework/src/Illuminate/Pipeline/Pipeline.php(183): Illuminate/Foundation/Http/Middleware/PreventRequestsDuringMaintenance->handle(Object(Illuminate/Http/Request), Object(Closure))
#46 D:/xampp/htdocs/clinicms/vendor/laravel/framework/src/Illuminate/Pipeline/Pipeline.php(119): Illuminate/Pipeline/Pipeline->Illuminate/Pipeline/{closure}(Object(Illuminate/Http/Request))
#47 D:/xampp/htdocs/clinicms/vendor/laravel/framework/src/Illuminate/Foundation/Http/Kernel.php(175): Illuminate/Pipeline/Pipeline->then(Object(Closure))
#48 D:/xampp/htdocs/clinicms/vendor/laravel/framework/src/Illuminate/Foundation/Http/Kernel.php(144): Illuminate/Foundation/Http/Kernel->sendRequestThroughRouter(Object(Illuminate/Http/Request))
#49 D:/xampp/htdocs/clinicms/public/index.php(18): Illuminate/Foundation/Http/Kernel->handle(Object(Illuminate/Http/Request))
#50 {main}
"} 
